{"level":"info","file_logging":true,"json_output":true,"log_directory":"./deb_skel/var/log/vajra","filename":"vajra.log","max_size_mb":50,"max_backups":5,"max_age_days":1,"time":1791611609006,"caller":"/home/lakshy-sharma/Citadel/Workshop/vajra/workspace/src/internal/utilities/logging.go:74","message":"logging configured"}
{"level":"info","time":1791611609006,"caller":"/home/lakshy-sharma/Citadel/Workshop/vajra/workspace/src/internal/job/hashsync.go:88","message":"hash syncer: starting sync"}
{"level":"info","path":"deb_skel/opt/vajra/database/bazaar_full.zip","bytes":224875864,"time":1791611662994,"caller":"/home/lakshy-sharma/Citadel/Workshop/vajra/workspace/src/internal/job/hashsync.go:161","message":"hash syncer: download complete"}
{"level":"info","hashes":0,"elapsed":"58s","output":"./deb_skel/opt/vajra/database/hashes.bloom","time":1791611666759,"caller":"/home/lakshy-sharma/Citadel/Workshop/vajra/workspace/src/internal/job/hashsync.go:107","message":"hash syncer: sync complete"}
{"level":"info","file_logging":true,"json_output":true,"log_directory":"./deb_skel/var/log/vajra","filename":"vajra.log","max_size_mb":50,"max_backups":5,"max_age_days":1,"time":1791611944174,"caller":"/home/lakshy-sharma/Citadel/Workshop/vajra/workspace/src/internal/utilities/logging.go:74","message":"logging configured"}
{"level":"info","time":1791611944188,"caller":"/home/lakshy-sharma/Citadel/Workshop/vajra/workspace/src/internal/db/db.go:384","message":"database migration complete"}
{"level":"info","path":"deb_skel/opt/vajra/database/vajra.db","time":1791611944188,"caller":"/home/lakshy-sharma/Citadel/Workshop/vajra/workspace/src/internal/db/db.go:44","message":"database ready"}
{"level":"info","version":"0.0.1","mode":"monitor","target":"/home/lakshy-sharma","rules":"./deb_skel/opt/vajra/rules.zip","pid":347648,"machine_id":"0f35d41b153349ed831ac60c5fd22e77","boot_epoch":1791225168,"time":1791611944188,"caller":"/home/lakshy-sharma/Citadel/Workshop/vajra/workspace/src/internal/entrypoint.go:59","message":"starting vajra edr"}
{"level":"info","time":1791611944188,"caller":"/home/lakshy-sharma/Citadel/Workshop/vajra/workspace/src/internal/service.go:34","message":"starting monitoring mode"}
{"level":"info","zip":"./deb_skel/opt/vajra/rules.zip","dest":"/tmp/vajra/rules","time":1791611944188,"caller":"/home/lakshy-sharma/Citadel/Workshop/vajra/workspace/src/internal/scanner/yara/compiler.go:33","message":"extracting YARA rules"}
{"level":"info","files":1,"time":1791611944220,"caller":"/home/lakshy-sharma/Citadel/Workshop/vajra/workspace/src/internal/scanner/yara/compiler.go:66","message":"rule extraction complete"}
{"level":"info","added":1,"skipped":0,"time":1791611945458,"caller":"/home/lakshy-sharma/Citadel/Workshop/vajra/workspace/src/internal/scanner/yara/compiler.go:115","message":"YARA rule compilation complete"}
{"level":"info","min_workers":1,"max_workers":3,"queue_size":1000,"num_cpu":12,"time":1791611945482,"caller":"/home/lakshy-sharma/Citadel/Workshop/vajra/workspace/src/internal/scanner/yara/pool.go:107","message":"YARA scan pool started"}
{"level":"info","tracepoints":23,"time":1791611945528,"caller":"/home/lakshy-sharma/Citadel/Workshop/vajra/workspace/src/internal/ebpf/listener.go:81","message":"ebpf listener started"}
{"level":"info","time":1791611945528,"caller":"/home/lakshy-sharma/Citadel/Workshop/vajra/workspace/src/internal/watcher/dupwatcher.go:64","message":"dup watcher started"}
{"level":"info","time":1791611945528,"caller":"/home/lakshy-sharma/Citadel/Workshop/vajra/workspace/src/internal/watcher/eventsink.go:204","message":"event sink: security consumer started"}
{"level":"info","time":1791611945528,"caller":"/home/lakshy-sharma/Citadel/Workshop/vajra/workspace/src/internal/watcher/filescanner.go:56","message":"file scanner started"}
{"level":"info","time":1791611945528,"caller":"/home/lakshy-sharma/Citadel/Workshop/vajra/workspace/src/internal/watcher/eventsink.go:133","message":"event sink: memory consumer started"}
{"level":"info","time":1791611945528,"caller":"/home/lakshy-sharma/Citadel/Workshop/vajra/workspace/src/internal/watcher/eventsink.go:249","message":"event sink: module consumer started"}
{"level":"info","time":1791611945528,"caller":"/home/lakshy-sharma/Citadel/Workshop/vajra/workspace/src/internal/watcher/processscanner.go:67","message":"process scanner started"}
{"level":"info","time":1791611945528,"caller":"/home/lakshy-sharma/Citadel/Workshop/vajra/workspace/src/internal/detect/procwalk.go:57","message":"procwalk: started"}
{"level":"info","time":1791611945528,"caller":"/home/lakshy-sharma/Citadel/Workshop/vajra/workspace/src/internal/watcher/eventsink.go:85","message":"event sink: network consumer started"}
{"level":"info","loaded":0,"time":1791611945528,"caller":"/home/lakshy-sharma/Citadel/Workshop/vajra/workspace/src/internal/detect/autorun/autorun.go:104","message":"autorun: state loaded"}
{"level":"info","exclude_segments":["./deb_skel/opt/vajra/database","/.git/objects/","/node_modules/","/go/pkg/mod/","/.cache/go-build/","/cache2/entries/","/.cache/mozilla/","/.cache/chromium/","/snap/firefox/","/snap/chromium/","/.cache/tracker","/miniconda/","/.local/share/flatpak/","/run/flatpak/"],"time":1791611945582,"caller":"/home/lakshy-sharma/Citadel/Workshop/vajra/workspace/src/internal/detect/secrets.go:86","message":"secrets scanner: prefilter built"}
{"level":"info","time":1791611945582,"caller":"/home/lakshy-sharma/Citadel/Workshop/vajra/workspace/src/internal/service.go:46","message":"monitoring active — press Ctrl+C to stop"}
{"level":"info","time":1791611945582,"caller":"/home/lakshy-sharma/Citadel/Workshop/vajra/workspace/src/internal/job/hashsync.go:65","message":"hash syncer started"}
{"level":"info","interval_hours":24,"time":1791611945582,"caller":"/home/lakshy-sharma/Citadel/Workshop/vajra/workspace/src/internal/job/rulesync.go:54","message":"rule syncer started"}
{"level":"info","targets":["/home/lakshy-sharma"],"time":1791611945582,"caller":"/home/lakshy-sharma/Citadel/Workshop/vajra/workspace/src/internal/detect/secrets.go:120","message":"secrets scanner started"}
{"level":"info","time":1791611945582,"caller":"/home/lakshy-sharma/Citadel/Workshop/vajra/workspace/src/internal/job/hashsync.go:88","message":"hash syncer: starting sync"}
{"level":"info","time":1791611945582,"caller":"/home/lakshy-sharma/Citadel/Workshop/vajra/workspace/src/internal/job/rulesync.go:82","message":"rule syncer: checking for updates"}
{"level":"info","path":"deb_skel/opt/vajra/database/bazaar_full.zip","time":1791611945582,"caller":"/home/lakshy-sharma/Citadel/Workshop/vajra/workspace/src/internal/job/hashsync.go:115","message":"hash syncer: zip exists, skipping download"}
{"level":"warn","pid":347648,"process":"vajra","dst":"127.0.0.53","dst_port":53,"time":1791611945588,"caller":"/home/lakshy-sharma/Citadel/Workshop/vajra/workspace/src/internal/watcher/eventsink.go:127","message":"event sink: high-value network connection"}
{"level":"warn","pid":347648,"process":"vajra","dst":"127.0.0.53","dst_port":53,"time":1791611945588,"caller":"/home/lakshy-sharma/Citadel/Workshop/vajra/workspace/src/internal/watcher/eventsink.go:127","message":"event sink: high-value network connection"}
{"level":"warn","pid":528,"process":"systemd-resolve","dst":"192.168.0.1","dst_port":53,"time":1791611945588,"caller":"/home/lakshy-sharma/Citadel/Workshop/vajra/workspace/src/internal/watcher/eventsink.go:127","message":"event sink: high-value network connection"}
{"level":"warn","pid":528,"process":"systemd-resolve","dst":"192.168.0.1","dst_port":53,"time":1791611945588,"caller":"/home/lakshy-sharma/Citadel/Workshop/vajra/workspace/src/internal/watcher/eventsink.go:127","message":"event sink: high-value network connection"}
{"level":"warn","pid":347648,"process":"vajra","dst":"20.207.73.85","dst_port":443,"time":1791611945617,"caller":"/home/lakshy-sharma/Citadel/Workshop/vajra/workspace/src/internal/watcher/eventsink.go:127","message":"event sink: high-value network connection"}
{"level":"warn","rule":"private-key","path":"/home/lakshy-sharma/Downloads/dtf_servers.pem","line":1,"confidence":"high","severity":"CRITICAL","time":1791611945640,"caller":"/home/lakshy-sharma/Citadel/Workshop/vajra/workspace/src/internal/detect/secrets.go:231","message":"SECRET DETECTED"}
{"level":"warn","rule":"generic-api-key","path":"/home/lakshy-sharma/.kaggle/credentials.json","line":2,"confidence":"medium","severity":"HIGH","time":1791611945685,"caller":"/home/lakshy-sharma/Citadel/Workshop/vajra/workspace/src/internal/detect/secrets.go:231","message":"SECRET DETECTED"}
{"level":"info","tag":"20261004","time":1791611946130,"caller":"/home/lakshy-sharma/Citadel/Workshop/vajra/workspace/src/internal/job/rulesync.go:92","message":"rule syncer: rules up to date"}
{"level":"warn","rule":"generic-password","path":"/home/lakshy-sharma/.config/Code/WebStorage/2/CacheStorage/99a18aa7-c354-4649-8987-152675c95c91/d2858a6dfd389eea_0","line":2,"confidence":"medium","severity":"HIGH","time":1791611946283,"caller":"/home/lakshy-sharma/Citadel/Workshop/vajra/workspace/src/internal/detect/secrets.go:231","message":"SECRET DETECTED"}
{"level":"warn","rule":"generic-password","path":"/home/lakshy-sharma/.config/Code/WebStorage/2/CacheStorage/99a18aa7-c354-4649-8987-152675c95c91/69402621f19d5f1b_0","line":2,"confidence":"medium","severity":"HIGH","time":1791611946292,"caller":"/home/lakshy-sharma/Citadel/Workshop/vajra/workspace/src/internal/detect/secrets.go:231","message":"SECRET DETECTED"}
{"level":"warn","rule":"generic-password","path":"/home/lakshy-sharma/.config/Code/WebStorage/2/CacheStorage/99a18aa7-c354-4649-8987-152675c95c91/7d48d79110f3a83e_0","line":3,"confidence":"medium","severity":"HIGH","time":1791611946306,"caller":"/home/lakshy-sharma/Citadel/Workshop/vajra/workspace/src/internal/detect/secrets.go:231","message":"SECRET DETECTED"}
{"level":"warn","rule":"generic-password","path":"/home/lakshy-sharma/.config/Code/WebStorage/2/CacheStorage/39690f69-d948-491c-a46d-61a1f7e2bd4c/7d48d79110f3a83e_0","line":3,"confidence":"medium","severity":"HIGH","time":1791611946345,"caller":"/home/lakshy-sharma/Citadel/Workshop/vajra/workspace/src/internal/detect/secrets.go:231","message":"SECRET DETECTED"}
{"level":"warn","rule":"generic-password","path":"/home/lakshy-sharma/.config/Code/WebStorage/2/CacheStorage/39690f69-d948-491c-a46d-61a1f7e2bd4c/69402621f19d5f1b_0","line":2,"confidence":"medium","severity":"HIGH","time":1791611946527,"caller":"/home/lakshy-sharma/Citadel/Workshop/vajra/workspace/src/internal/detect/secrets.go:231","message":"SECRET DETECTED"}
{"level":"warn","rule":"generic-password","path":"/home/lakshy-sharma/.config/Code/WebStorage/2/CacheStorage/39690f69-d948-491c-a46d-61a1f7e2bd4c/d2858a6dfd389eea_0","line":2,"confidence":"medium","severity":"HIGH","time":1791611946553,"caller":"/home/lakshy-sharma/Citadel/Workshop/vajra/workspace/src/internal/detect/secrets.go:231","message":"SECRET DETECTED"}
{"level":"warn","pid":344422,"process":"DOM Worker","addr":8400062930944,"prot":7,"time":1791611947881,"caller":"/home/lakshy-sharma/Citadel/Workshop/vajra/workspace/src/internal/watcher/eventsink.go:198","message":"event sink: W^X memory mapping"}
{"level":"warn","rule":"slack-session-token","path":"/home/lakshy-sharma/.config/Slack/Local Storage/leveldb/000004.log","line":4,"confidence":"high","severity":"CRITICAL","time":1791611949139,"caller":"/home/lakshy-sharma/Citadel/Workshop/vajra/workspace/src/internal/detect/secrets.go:231","message":"SECRET DETECTED"}
{"level":"warn","rule":"generic-password","path":"/home/lakshy-sharma/.config/Slack/Service Worker/CacheStorage/4c237d5e33167c88df3e45d9c8b59fdd4d727472/4c6aa191-8b03-4ee9-a7dd-fa2fe93bb1b9/3efa233f2c171032_0","line":29,"confidence":"medium","severity":"HIGH","time":1791611949664,"caller":"/home/lakshy-sharma/Citadel/Workshop/vajra/workspace/src/internal/detect/secrets.go:231","message":"SECRET DETECTED"}
{"level":"info","entries":610,"time":1791611949712,"caller":"/home/lakshy-sharma/Citadel/Workshop/vajra/workspace/src/internal/detect/autorun/autorun.go:134","message":"autorun: scan complete"}
{"level":"warn","category":"systemd_system","location":"/usr/lib/systemd/system/rc-local.service","image":"/etc/rc.local","time":1791611949713,"caller":"/home/lakshy-sharma/Citadel/Workshop/vajra/workspace/src/internal/detect/autorun/autorun.go:202","message":"NEW AUTORUN DETECTED"}
{"level":"warn","category":"systemd_system","location":"/usr/lib/systemd/system/saned@.service","image":"/usr/sbin/saned","time":1791611949713,"caller":"/home/lakshy-sharma/Citadel/Workshop/vajra/workspace/src/internal/detect/autorun/autorun.go:202","message":"NEW AUTORUN DETECTED"}
{"level":"warn","category":"systemd_system","location":"/usr/lib/systemd/system/systemd-tmpfiles-setup.service","image":"systemd-tmpfiles","time":1791611949714,"caller":"/home/lakshy-sharma/Citadel/Workshop/vajra/workspace/src/internal/detect/autorun/autorun.go:202","message":"NEW AUTORUN DETECTED"}
{"level":"warn","category":"systemd_user","location":"/usr/lib/systemd/user/org.gnome.SettingsDaemon.Keyboard.service","image":"/usr/libexec/gsd-keyboard","time":1791611949714,"caller":"/home/lakshy-sharma/Citadel/Workshop/vajra/workspace/src/internal/detect/autorun/autorun.go:202","message":"NEW AUTORUN DETECTED"}
{"level":"warn","category":"systemd_system","location":"/usr/lib/systemd/system/gnome-remote-desktop-configuration.service","image":"/usr/libexec/gnome-remote-desktop-configuration-daemon","time":1791611949715,"caller":"/home/lakshy-sharma/Citadel/Workshop/vajra/workspace/src/internal/detect/autorun/autorun.go:202","message":"NEW AUTORUN DETECTED"}
{"level":"warn","category":"systemd_system","location":"/usr/lib/systemd/system/avahi-daemon.service","image":"/usr/sbin/avahi-daemon","time":1791611949719,"caller":"/home/lakshy-sharma/Citadel/Workshop/vajra/workspace/src/internal/detect/autorun/autorun.go:202","message":"NEW AUTORUN DETECTED"}
{"level":"warn","category":"sysv_init","location":"/etc/init.d","image":"/etc/init.d/cron","time":1791611949720,"caller":"/home/lakshy-sharma/Citadel/Workshop/vajra/workspace/src/internal/detect/autorun/autorun.go:202","message":"NEW AUTORUN DETECTED"}
{"level":"warn","category":"dbus","location":"/usr/share/dbus-1/services/org.gnome.clocks.service","image":"/usr/bin/gnome-clocks","time":1791611949720,"caller":"/home/lakshy-sharma/Citadel/Workshop/vajra/workspace/src/internal/detect/autorun/autorun.go:202","message":"NEW AUTORUN DETECTED"}
{"level":"warn","category":"systemd_system","location":"/usr/lib/systemd/system/breakpoint-pre-udev.service","image":"-/usr/bin/bash","time":1791611949721,"caller":"/home/lakshy-sharma/Citadel/Workshop/vajra/workspace/src/internal/detect/autorun/autorun.go:202","message":"NEW AUTORUN DETECTED"}
{"level":"warn","category":"systemd_system","location":"/usr/lib/systemd/system/plymouth-start.service","image":"/usr/sbin/plymouthd","time":1791611949721,"caller":"/home/lakshy-sharma/Citadel/Workshop/vajra/workspace/src/internal/detect/autorun/autorun.go:202","message":"NEW AUTORUN DETECTED"}
{"level":"warn","category":"systemd_system","location":"/usr/lib/systemd/system/sssd-nss.service","image":"/usr/libexec/sssd/sssd_nss","time":1791611949722,"caller":"/home/lakshy-sharma/Citadel/Workshop/vajra/workspace/src/internal/detect/autorun/autorun.go:202","message":"NEW AUTORUN DETECTED"}
{"level":"warn","category":"systemd_system","location":"/usr/lib/systemd/system/systemd-tmpfiles-setup-dev.service","image":"systemd-tmpfiles","time":1791611949722,"caller":"/home/lakshy-sharma/Citadel/Workshop/vajra/workspace/src/internal/detect/autorun/autorun.go:202","message":"NEW AUTORUN DETECTED"}
{"level":"warn","category":"dbus","location":"/usr/share/dbus-1/services/org.freedesktop.MalcontentControl.service","image":"/usr/bin/malcontent-control","time":1791611949722,"caller":"/home/lakshy-sharma/Citadel/Workshop/vajra/workspace/src/internal/detect/autorun/autorun.go:202","message":"NEW AUTORUN DETECTED"}
{"level":"warn","category":"systemd_system","location":"/usr/lib/systemd/system/networkd-dispatcher.service","image":"/usr/bin/networkd-dispatcher","time":1791611949723,"caller":"/home/lakshy-sharma/Citadel/Workshop/vajra/workspace/src/internal/detect/autorun/autorun.go:202","message":"NEW AUTORUN DETECTED"}
{"level":"warn","category":"systemd_system","location":"/usr/lib/systemd/system/ufw.service","image":"/usr/lib/ufw/ufw-init","time":1791611949723,"caller":"/home/lakshy-sharma/Citadel/Workshop/vajra/workspace/src/internal/detect/autorun/autorun.go:202","message":"NEW AUTORUN DETECTED"}
{"level":"warn","category":"xdg_autostart","location":"/etc/xdg/autostart/xdg-user-dirs.desktop","image":"xdg-user-dirs-update","time":1791611949724,"caller":"/home/lakshy-sharma/Citadel/Workshop/vajra/workspace/src/internal/detect/autorun/autorun.go:202","message":"NEW AUTORUN DETECTED"}
{"level":"warn","category":"systemd_system","location":"/usr/lib/systemd/system/logrotate.service","image":"/usr/sbin/logrotate","time":1791611949725,"caller":"/home/lakshy-sharma/Citadel/Workshop/vajra/workspace/src/internal/detect/autorun/autorun.go:202","message":"NEW AUTORUN DETECTED"}
{"level":"warn","category":"systemd_system","location":"/usr/lib/systemd/system/systemd-bsod.service","image":"/usr/lib/systemd/systemd-bsod","time":1791611949725,"caller":"/home/lakshy-sharma/Citadel/Workshop/vajra/workspace/src/internal/detect/autorun/autorun.go:202","message":"NEW AUTORUN DETECTED"}
{"level":"warn","category":"systemd_system","location":"/usr/lib/systemd/system/unattended-upgrades.service","image":"/usr/share/unattended-upgrades/unattended-upgrade-shutdown","time":1791611949726,"caller":"/home/lakshy-sharma/Citadel/Workshop/vajra/workspace/src/internal/detect/autorun/autorun.go:202","message":"NEW AUTORUN DETECTED"}
{"level":"warn","category":"dbus","location":"/usr/share/dbus-1/services/org.freedesktop.Tracker3.Miner.Files.service","image":"/usr/libexec/localsearch-3","time":1791611949726,"caller":"/home/lakshy-sharma/Citadel/Workshop/vajra/workspace/src/internal/detect/autorun/autorun.go:202","message":"NEW AUTORUN DETECTED"}
{"level":"warn","category":"dbus","location":"/usr/share/dbus-1/services/org.gnome.Sysprof.service","image":"/usr/bin/sysprof","time":1791611949753,"caller":"/home/lakshy-sharma/Citadel/Workshop/vajra/workspace/src/internal/detect/autorun/autorun.go:202","message":"NEW AUTORUN DETECTED"}
{"level":"warn","category":"systemd_system","location":"/usr/lib/systemd/system/iio-sensor-proxy.service","image":"/usr/libexec/iio-sensor-proxy","time":1791611949754,"caller":"/home/lakshy-sharma/Citadel/Workshop/vajra/workspace/src/internal/detect/autorun/autorun.go:202","message":"NEW AUTORUN DETECTED"}
{"level":"warn","category":"cron_system","location":"/etc/cron.weekly","image":"/etc/cron.weekly/0anacron","time":1791611949754,"caller":"/home/lakshy-sharma/Citadel/Workshop/vajra/workspace/src/internal/detect/autorun/autorun.go:202","message":"NEW AUTORUN DETECTED"}
{"level":"warn","category":"systemd_user","location":"/usr/lib/systemd/user/org.gnome.SettingsDaemon.MediaKeys.service","image":"/usr/libexec/gsd-media-keys","time":1791611949755,"caller":"/home/lakshy-sharma/Citadel/Workshop/vajra/workspace/src/internal/detect/autorun/autorun.go:202","message":"NEW AUTORUN DETECTED"}
{"level":"warn","category":"dbus","location":"/usr/share/dbus-1/services/org.freedesktop.systemd1.service","image":"/bin/false","time":1791611949756,"caller":"/home/lakshy-sharma/Citadel/Workshop/vajra/workspace/src/internal/detect/autorun/autorun.go:202","message":"NEW AUTORUN DETECTED"}
{"level":"warn","category":"systemd_system","location":"/usr/lib/systemd/system/systemd-binfmt.service","image":"/usr/lib/systemd/systemd-binfmt","time":1791611949756,"caller":"/home/lakshy-sharma/Citadel/Workshop/vajra/workspace/src/internal/detect/autorun/autorun.go:202","message":"NEW AUTORUN DETECTED"}
{"level":"warn","category":"systemd_system","location":"/usr/lib/systemd/system/systemd-loop@.service","image":"systemd-dissect","time":1791611949758,"caller":"/home/lakshy-sharma/Citadel/Workshop/vajra/workspace/src/internal/detect/autorun/autorun.go:202","message":"NEW AUTORUN DETECTED"}
{"level":"warn","category":"anacron","location":"/etc/anacrontab","image":"/etc/cron.monthly","time":1791611949759,"caller":"/home/lakshy-sharma/Citadel/Workshop/vajra/workspace/src/internal/detect/autorun/autorun.go:202","message":"NEW AUTORUN DETECTED"}
{"level":"warn","category":"systemd_system","location":"/usr/lib/systemd/system/kdump-tools.service","image":"/etc/init.d/kdump-tools","time":1791611949761,"caller":"/home/lakshy-sharma/Citadel/Workshop/vajra/workspace/src/internal/detect/autorun/autorun.go:202","message":"NEW AUTORUN DETECTED"}
{"level":"warn","category":"shell_profile","location":"/etc/profile.d/debuginfod.sh","image":"/etc/profile.d/debuginfod.sh","time":1791611949774,"caller":"/home/lakshy-sharma/Citadel/Workshop/vajra/workspace/src/internal/detect/autorun/autorun.go:202","message":"NEW AUTORUN DETECTED"}
{"level":"warn","category":"systemd_user","location":"/usr/lib/systemd/user/org.gnome.SettingsDaemon.UsbProtection.service","image":"/usr/libexec/gsd-usb-protection","time":1791611949775,"caller":"/home/lakshy-sharma/Citadel/Workshop/vajra/workspace/src/internal/detect/autorun/autorun.go:202","message":"NEW AUTORUN DETECTED"}
{"level":"warn","category":"systemd_system","location":"/usr/lib/systemd/system/configure-printer@.service","image":"/usr/lib/udev/udev-configure-printer","time":1791611949775,"caller":"/home/lakshy-sharma/Citadel/Workshop/vajra/workspace/src/internal/detect/autorun/autorun.go:202","message":"NEW AUTORUN DETECTED"}
{"level":"warn","category":"systemd_system","location":"/usr/lib/systemd/system/docker.service","image":"/usr/bin/dockerd","time":1791611949776,"caller":"/home/lakshy-sharma/Citadel/Workshop/vajra/workspace/src/internal/detect/autorun/autorun.go:202","message":"NEW AUTORUN DETECTED"}
{"level":"warn","category":"systemd_system","location":"/usr/lib/systemd/system/snapd.system-shutdown.service","image":"/bin/cp","time":1791611949776,"caller":"/home/lakshy-sharma/Citadel/Workshop/vajra/workspace/src/internal/detect/autorun/autorun.go:202","message":"NEW AUTORUN DETECTED"}
{"level":"warn","category":"systemd_system","location":"/usr/lib/systemd/system/switcheroo-control.service","image":"/usr/libexec/switcheroo-control","time":1791611949777,"caller":"/home/lakshy-sharma/Citadel/Workshop/vajra/workspace/src/internal/detect/autorun/autorun.go:202","message":"NEW AUTORUN DETECTED"}
{"level":"warn","category":"cron_system","location":"/etc/cron.daily","image":"/etc/cron.daily/0anacron","time":1791611949777,"caller":"/home/lakshy-sharma/Citadel/Workshop/vajra/workspace/src/internal/detect/autorun/autorun.go:202","message":"NEW AUTORUN DETECTED"}
{"level":"warn","category":"systemd_system","location":"/usr/lib/systemd/system/usbmuxd.service","image":"/usr/sbin/usbmuxd","time":1791611949778,"caller":"/home/lakshy-sharma/Citadel/Workshop/vajra/workspace/src/internal/detect/autorun/autorun.go:202","message":"NEW AUTORUN DETECTED"}
{"level":"warn","category":"systemd_system","location":"/usr/lib/systemd/system/apache-htcacheclean@.service","image":"/usr/bin/htcacheclean","time":1791611949778,"caller":"/home/lakshy-sharma/Citadel/Workshop/vajra/workspace/src/internal/detect/autorun/autorun.go:202","message":"NEW AUTORUN DETECTED"}
{"level":"warn","category":"systemd_system","location":"/usr/lib/systemd/system/NetworkManager-wait-online.service","image":"/usr/bin/nm-online","time":1791611949779,"caller":"/home/lakshy-sharma/Citadel/Workshop/vajra/workspace/src/internal/detect/autorun/autorun.go:202","message":"NEW AUTORUN DETECTED"}
{"level":"warn","category":"systemd_system","location":"/usr/lib/systemd/system/breakpoint-pre-basic.service","image":"-/usr/bin/bash","time":1791611949779,"caller":"/home/lakshy-sharma/Citadel/Workshop/vajra/workspace/src/internal/detect/autorun/autorun.go:202","message":"NEW AUTORUN DETECTED"}
{"level":"warn","category":"systemd_system","location":"/usr/lib/systemd/system/emergency.service","image":"-/usr/lib/systemd/systemd-sulogin-shell","time":1791611949779,"caller":"/home/lakshy-sharma/Citadel/Workshop/vajra/workspace/src/internal/detect/autorun/autorun.go:202","message":"NEW AUTORUN DETECTED"}
{"level":"warn","category":"systemd_system","location":"/usr/lib/systemd/system/sssd-autofs.service","image":"/usr/libexec/sssd/sssd_autofs","time":1791611949780,"caller":"/home/lakshy-sharma/Citadel/Workshop/vajra/workspace/src/internal/detect/autorun/autorun.go:202","message":"NEW AUTORUN DETECTED"}
{"level":"warn","category":"systemd_system","location":"/usr/lib/systemd/system/systemd-remount-fs.service","image":"/usr/lib/systemd/systemd-remount-fs","time":1791611949780,"caller":"/home/lakshy-sharma/Citadel/Workshop/vajra/workspace/src/internal/detect/autorun/autorun.go:202","message":"NEW AUTORUN DETECTED"}
{"level":"warn","category":"systemd_user","location":"/usr/lib/systemd/user/gnome-session-signal-init.service","image":"/usr/libexec/gnome-session-ctl","time":1791611949781,"caller":"/home/lakshy-sharma/Citadel/Workshop/vajra/workspace/src/internal/detect/autorun/autorun.go:202","message":"NEW AUTORUN DETECTED"}
{"level":"warn","category":"dbus","location":"/usr/share/dbus-1/system-services/org.freedesktop.MalcontentTimer1.ExtensionAgent.service","image":"/usr/libexec/malcontent-timer-extension-agent","time":1791611949781,"caller":"/home/lakshy-sharma/Citadel/Workshop/vajra/workspace/src/internal/detect/autorun/autorun.go:202","message":"NEW AUTORUN DETECTED"}
{"level":"warn","category":"systemd_system","location":"/usr/lib/systemd/system/user@.service","image":"/usr/lib/systemd/systemd","time":1791611949781,"caller":"/home/lakshy-sharma/Citadel/Workshop/vajra/workspace/src/internal/detect/autorun/autorun.go:202","message":"NEW AUTORUN DETECTED"}
{"level":"warn","category":"systemd_system","location":"/usr/lib/systemd/system/systemd-udev-settle.service","image":"udevadm","time":1791611949782,"caller":"/home/lakshy-sharma/Citadel/Workshop/vajra/workspace/src/internal/detect/autorun/autorun.go:202","message":"NEW AUTORUN DETECTED"}
{"level":"warn","category":"sysv_init","location":"/etc/init.d","image":"/etc/init.d/apache2","time":1791611949782,"caller":"/home/lakshy-sharma/Citadel/Workshop/vajra/workspace/src/internal/detect/autorun/autorun.go:202","message":"NEW AUTORUN DETECTED"}
{"level":"warn","category":"systemd_system","location":"/usr/lib/systemd/system/modprobe@.service","image":"-modprobe","time":1791611949783,"caller":"/home/lakshy-sharma/Citadel/Workshop/vajra/workspace/src/internal/detect/autorun/autorun.go:202","message":"NEW AUTORUN DETECTED"}
{"level":"warn","category":"dbus","location":"/usr/share/dbus-1/services/com.feralinteractive.GameMode.service","image":"/usr/bin/gamemoded","time":1791611949784,"caller":"/home/lakshy-sharma/Citadel/Workshop/vajra/workspace/src/internal/detect/autorun/autorun.go:202","message":"NEW AUTORUN DETECTED"}
{"level":"warn","category":"dbus","location":"/usr/share/dbus-1/services/org.gtk.GLib.PACRunner.service","image":"/usr/libexec/glib-pacrunner","time":1791611949785,"caller":"/home/lakshy-sharma/Citadel/Workshop/vajra/workspace/src/internal/detect/autorun/autorun.go:202","message":"NEW AUTORUN DETECTED"}
{"level":"warn","category":"dbus","location":"/usr/share/dbus-1/services/org.gnome.Nautilus.service","image":"/usr/bin/nautilus","time":1791611949786,"caller":"/home/lakshy-sharma/Citadel/Workshop/vajra/workspace/src/internal/detect/autorun/autorun.go:202","message":"NEW AUTORUN DETECTED"}
{"level":"warn","category":"systemd_system","location":"/usr/lib/systemd/system/motd-news.service","image":"/etc/update-motd.d/50-motd-news","time":1791611949786,"caller":"/home/lakshy-sharma/Citadel/Workshop/vajra/workspace/src/internal/detect/autorun/autorun.go:202","message":"NEW AUTORUN DETECTED"}
{"level":"warn","category":"systemd_user","location":"/usr/lib/systemd/user/org.gnome.SettingsDaemon.Rfkill.service","image":"/usr/libexec/gsd-rfkill","time":1791611949791,"caller":"/home/lakshy-sharma/Citadel/Workshop/vajra/workspace/src/internal/detect/autorun/autorun.go:202","message":"NEW AUTORUN DETECTED"}
{"level":"warn","category":"dbus","location":"/usr/share/dbus-1/system-services/com.ubuntu.LanguageSelector.service","image":"/usr/libexec/language-selector/ls-dbus-backend","time":1791611949800,"caller":"/home/lakshy-sharma/Citadel/Workshop/vajra/workspace/src/internal/detect/autorun/autorun.go:202","message":"NEW AUTORUN DETECTED"}
{"level":"warn","category":"systemd_system","location":"/usr/lib/systemd/system/systemd-pcrlock@.service","image":"/usr/lib/systemd/systemd-pcrlock","time":1791611949899,"caller":"/home/lakshy-sharma/Citadel/Workshop/vajra/workspace/src/internal/detect/autorun/autorun.go:202","message":"NEW AUTORUN DETECTED"}
{"level":"warn","category":"systemd_system","location":"/usr/lib/systemd/system/update-notifier-motd.service","image":"/usr/lib/ubuntu-release-upgrader/release-upgrade-motd","time":1791611949899,"caller":"/home/lakshy-sharma/Citadel/Workshop/vajra/workspace/src/internal/detect/autorun/autorun.go:202","message":"NEW AUTORUN DETECTED"}
{"level":"warn","category":"systemd_system","location":"/usr/lib/systemd/system/initrd-cleanup.service","image":"systemctl","time":1791611949900,"caller":"/home/lakshy-sharma/Citadel/Workshop/vajra/workspace/src/internal/detect/autorun/autorun.go:202","message":"NEW AUTORUN DETECTED"}
{"level":"warn","category":"systemd_system","location":"/usr/lib/systemd/system/spice-vdagentd.service","image":"/usr/sbin/spice-vdagentd","time":1791611949901,"caller":"/home/lakshy-sharma/Citadel/Workshop/vajra/workspace/src/internal/detect/autorun/autorun.go:202","message":"NEW AUTORUN DETECTED"}
{"level":"warn","category":"cron_system","location":"/etc/cron.daily","image":"/etc/cron.daily/slack","time":1791611949902,"caller":"/home/lakshy-sharma/Citadel/Workshop/vajra/workspace/src/internal/detect/autorun/autorun.go:202","message":"NEW AUTORUN DETECTED"}
{"level":"warn","category":"dbus","location":"/usr/share/dbus-1/services/org.gtk.vfs.GPhoto2VolumeMonitor.service","image":"/usr/libexec/gvfs-gphoto2-volume-monitor","time":1791611949903,"caller":"/home/lakshy-sharma/Citadel/Workshop/vajra/workspace/src/internal/detect/autorun/autorun.go:202","message":"NEW AUTORUN DETECTED"}
{"level":"warn","category":"systemd_user","location":"/usr/lib/systemd/user/org.freedesktop.IBus.session.GNOME.service","image":"sh","time":1791611949905,"caller":"/home/lakshy-sharma/Citadel/Workshop/vajra/workspace/src/internal/detect/autorun/autorun.go:202","message":"NEW AUTORUN DETECTED"}
{"level":"warn","category":"systemd_system","location":"/usr/lib/systemd/system/speech-dispatcherd.service","image":"/usr/bin/speech-dispatcher","time":1791611949906,"caller":"/home/lakshy-sharma/Citadel/Workshop/vajra/workspace/src/internal/detect/autorun/autorun.go:202","message":"NEW AUTORUN DETECTED"}
{"level":"warn","category":"dbus","location":"/usr/share/dbus-1/system-services/org.debian.apt.service","image":"/usr/sbin/aptd","time":1791611949907,"caller":"/home/lakshy-sharma/Citadel/Workshop/vajra/workspace/src/internal/detect/autorun/autorun.go:202","message":"NEW AUTORUN DETECTED"}
{"level":"warn","category":"systemd_system","location":"/usr/lib/systemd/system/plymouth-switch-root-initramfs.service","image":"-/usr/bin/plymouth","time":1791611949907,"caller":"/home/lakshy-sharma/Citadel/Workshop/vajra/workspace/src/internal/detect/autorun/autorun.go:202","message":"NEW AUTORUN DETECTED"}
{"level":"warn","category":"systemd_system","location":"/usr/lib/systemd/system/snapd.snap-repair.service","image":"/usr/lib/snapd/snap-repair","time":1791611949908,"caller":"/home/lakshy-sharma/Citadel/Workshop/vajra/workspace/src/internal/detect/autorun/autorun.go:202","message":"NEW AUTORUN DETECTED"}
{"level":"warn","category":"systemd_system","location":"/usr/lib/systemd/system/systemd-suspend.service","image":"/usr/lib/systemd/systemd-sleep","time":1791611949909,"caller":"/home/lakshy-sharma/Citadel/Workshop/vajra/workspace/src/internal/detect/autorun/autorun.go:202","message":"NEW AUTORUN DETECTED"}
{"level":"warn","category":"sysv_init","location":"/etc/init.d","image":"/etc/init.d/openvpn","time":1791611949909,"caller":"/home/lakshy-sharma/Citadel/Workshop/vajra/workspace/src/internal/detect/autorun/autorun.go:202","message":"NEW AUTORUN DETECTED"}
{"level":"warn","category":"dbus","location":"/usr/share/dbus-1/services/org.gnome.DiskUtility.service","image":"/usr/bin/gnome-disks","time":1791611949910,"caller":"/home/lakshy-sharma/Citadel/Workshop/vajra/workspace/src/internal/detect/autorun/autorun.go:202","message":"NEW AUTORUN DETECTED"}
{"level":"warn","category":"dbus","location":"/usr/share/dbus-1/services/org.gnome.Loupe.service","image":"/usr/bin/loupe","time":1791611949910,"caller":"/home/lakshy-sharma/Citadel/Workshop/vajra/workspace/src/internal/detect/autorun/autorun.go:202","message":"NEW AUTORUN DETECTED"}
{"level":"warn","category":"dbus","location":"/usr/share/dbus-1/services/org.freedesktop.portal.Documents.service","image":"/usr/libexec/xdg-document-portal","time":1791611949911,"caller":"/home/lakshy-sharma/Citadel/Workshop/vajra/workspace/src/internal/detect/autorun/autorun.go:202","message":"NEW AUTORUN DETECTED"}
{"level":"warn","category":"systemd_system","location":"/usr/lib/systemd/system/wpa_supplicant@.service","image":"/usr/sbin/wpa_supplicant","time":1791611949912,"caller":"/home/lakshy-sharma/Citadel/Workshop/vajra/workspace/src/internal/detect/autorun/autorun.go:202","message":"NEW AUTORUN DETECTED"}
{"level":"warn","category":"systemd_system","location":"/usr/lib/systemd/system/alsa-card-wait@.service","image":"/usr/sbin/alsactl","time":1791611949912,"caller":"/home/lakshy-sharma/Citadel/Workshop/vajra/workspace/src/internal/detect/autorun/autorun.go:202","message":"NEW AUTORUN DETECTED"}
{"level":"warn","category":"cron_system","location":"/etc/cron.d/e2scrub_all","image":"test","time":1791611949913,"caller":"/home/lakshy-sharma/Citadel/Workshop/vajra/workspace/src/internal/detect/autorun/autorun.go:202","message":"NEW AUTORUN DETECTED"}
{"level":"warn","category":"systemd_user","location":"/usr/lib/systemd/user/spice-vdagent.service","image":"/usr/bin/spice-vdagent","time":1791611949913,"caller":"/home/lakshy-sharma/Citadel/Workshop/vajra/workspace/src/internal/detect/autorun/autorun.go:202","message":"NEW AUTORUN DETECTED"}
{"level":"warn","category":"dbus","location":"/usr/share/dbus-1/services/org.gnome.Shell.HotplugSniffer.service","image":"/usr/libexec/gnome-shell-hotplug-sniffer","time":1791611949914,"caller":"/home/lakshy-sharma/Citadel/Workshop/vajra/workspace/src/internal/detect/autorun/autorun.go:202","message":"NEW AUTORUN DETECTED"}
{"level":"warn","category":"systemd_system","location":"/usr/lib/systemd/system/nftables.service","image":"/usr/sbin/nft","time":1791611949914,"caller":"/home/lakshy-sharma/Citadel/Workshop/vajra/workspace/src/internal/detect/autorun/autorun.go:202","message":"NEW AUTORUN DETECTED"}
{"level":"warn","category":"systemd_system","location":"/usr/lib/systemd/system/systemd-hibernate-resume.service","image":"/usr/lib/systemd/systemd-hibernate-resume","time":1791611949915,"caller":"/home/lakshy-sharma/Citadel/Workshop/vajra/workspace/src/internal/detect/autorun/autorun.go:202","message":"NEW AUTORUN DETECTED"}
{"level":"warn","category":"systemd_system","location":"/usr/lib/systemd/system/systemd-hwdb-update.service","image":"systemd-hwdb","time":1791611949915,"caller":"/home/lakshy-sharma/Citadel/Workshop/vajra/workspace/src/internal/detect/autorun/autorun.go:202","message":"NEW AUTORUN DETECTED"}
{"level":"warn","category":"systemd_user","location":"/usr/lib/systemd/user/wireplumber@.service","image":"/usr/bin/wireplumber","time":1791611949916,"caller":"/home/lakshy-sharma/Citadel/Workshop/vajra/workspace/src/internal/detect/autorun/autorun.go:202","message":"NEW AUTORUN DETECTED"}
{"level":"warn","category":"systemd_user","location":"/usr/lib/systemd/user/org.gnome.Shell-disable-extensions.service","image":"gsettings","time":1791611949916,"caller":"/home/lakshy-sharma/Citadel/Workshop/vajra/workspace/src/internal/detect/autorun/autorun.go:202","message":"NEW AUTORUN DETECTED"}
{"level":"warn","category":"cron_system","location":"/etc/cron.daily","image":"/etc/cron.daily/apt-compat","time":1791611949916,"caller":"/home/lakshy-sharma/Citadel/Workshop/vajra/workspace/src/internal/detect/autorun/autorun.go:202","message":"NEW AUTORUN DETECTED"}
{"level":"warn","category":"dbus","location":"/usr/share/dbus-1/services/org.gnome.TextEditor.service","image":"/usr/bin/gnome-text-editor","time":1791611949921,"caller":"/home/lakshy-sharma/Citadel/Workshop/vajra/workspace/src/internal/detect/autorun/autorun.go:202","message":"NEW AUTORUN DETECTED"}
{"level":"warn","category":"systemd_system","location":"/usr/lib/systemd/system/pam_namespace.service","image":"/usr/sbin/pam_namespace_helper","time":1791611949922,"caller":"/home/lakshy-sharma/Citadel/Workshop/vajra/workspace/src/internal/detect/autorun/autorun.go:202","message":"NEW AUTORUN DETECTED"}
{"level":"warn","category":"systemd_system","location":"/usr/lib/systemd/system/packagekit.service","image":"/usr/libexec/packagekitd","time":1791611949922,"caller":"/home/lakshy-sharma/Citadel/Workshop/vajra/workspace/src/internal/detect/autorun/autorun.go:202","message":"NEW AUTORUN DETECTED"}
{"level":"warn","category":"dbus","location":"/usr/share/dbus-1/services/org.gnome.Settings.SearchProvider.service","image":"/usr/libexec/gnome-control-center-search-provider","time":1791611949923,"caller":"/home/lakshy-sharma/Citadel/Workshop/vajra/workspace/src/internal/detect/autorun/autorun.go:202","message":"NEW AUTORUN DETECTED"}
{"level":"warn","category":"systemd_system","location":"/usr/lib/systemd/system/systemd-ask-password@.service","image":"-systemd-ask-password","time":1791611949923,"caller":"/home/lakshy-sharma/Citadel/Workshop/vajra/workspace/src/internal/detect/autorun/autorun.go:202","message":"NEW AUTORUN DETECTED"}
{"level":"warn","category":"systemd_system","location":"/usr/lib/systemd/system/systemd-boot-check-no-failures.service","image":"/usr/lib/systemd/systemd-boot-check-no-failures","time":1791611949942,"caller":"/home/lakshy-sharma/Citadel/Workshop/vajra/workspace/src/internal/detect/autorun/autorun.go:202","message":"NEW AUTORUN DETECTED"}
{"level":"warn","category":"systemd_system","location":"/usr/lib/systemd/system/systemd-journal-catalog-update.service","image":"journalctl","time":1791611949950,"caller":"/home/lakshy-sharma/Citadel/Workshop/vajra/workspace/src/internal/detect/autorun/autorun.go:202","message":"NEW AUTORUN DETECTED"}
{"level":"warn","category":"systemd_system","location":"/usr/lib/systemd/system/systemd-networkd-persistent-storage.service","image":"networkctl","time":1791611949951,"caller":"/home/lakshy-sharma/Citadel/Workshop/vajra/workspace/src/internal/detect/autorun/autorun.go:202","message":"NEW AUTORUN DETECTED"}
{"level":"warn","category":"sysv_init","location":"/etc/init.d","image":"/etc/init.d/apport","time":1791611949951,"caller":"/home/lakshy-sharma/Citadel/Workshop/vajra/workspace/src/internal/detect/autorun/autorun.go:202","message":"NEW AUTORUN DETECTED"}
{"level":"warn","category":"sysv_init","location":"/etc/init.d","image":"/etc/init.d/speech-dispatcher","time":1791611949952,"caller":"/home/lakshy-sharma/Citadel/Workshop/vajra/workspace/src/internal/detect/autorun/autorun.go:202","message":"NEW AUTORUN DETECTED"}
{"level":"warn","category":"dbus","location":"/usr/share/dbus-1/services/org.freedesktop.IBus.service","image":"/usr/bin/ibus-daemon","time":1791611949953,"caller":"/home/lakshy-sharma/Citadel/Workshop/vajra/workspace/src/internal/detect/autorun/autorun.go:202","message":"NEW AUTORUN DETECTED"}
{"level":"warn","category":"systemd_system","location":"/etc/systemd/system/cloud-init-network.service","image":"sh","time":1791611949953,"caller":"/home/lakshy-sharma/Citadel/Workshop/vajra/workspace/src/internal/detect/autorun/autorun.go:202","message":"NEW AUTORUN DETECTED"}
{"level":"warn","category":"systemd_system","location":"/usr/lib/systemd/system/systemd-modules-load.service","image":"/usr/lib/systemd/systemd-modules-load","time":1791611949954,"caller":"/home/lakshy-sharma/Citadel/Workshop/vajra/workspace/src/internal/detect/autorun/autorun.go:202","message":"NEW AUTORUN DETECTED"}
{"level":"warn","category":"systemd_system","location":"/usr/lib/systemd/system/sysstat.service","image":"/usr/libexec/sysstat/sa1","time":1791611949954,"caller":"/home/lakshy-sharma/Citadel/Workshop/vajra/workspace/src/internal/detect/autorun/autorun.go:202","message":"NEW AUTORUN DETECTED"}
{"level":"warn","category":"sysv_init","location":"/etc/init.d","image":"/etc/init.d/apparmor","time":1791611949955,"caller":"/home/lakshy-sharma/Citadel/Workshop/vajra/workspace/src/internal/detect/autorun/autorun.go:202","message":"NEW AUTORUN DETECTED"}
{"level":"warn","category":"dbus","location":"/usr/share/dbus-1/system-services/com.ubuntu.WhoopsiePreferences.service","image":"/usr/bin/whoopsie-preferences","time":1791611949957,"caller":"/home/lakshy-sharma/Citadel/Workshop/vajra/workspace/src/internal/detect/autorun/autorun.go:202","message":"NEW AUTORUN DETECTED"}
{"level":"warn","category":"systemd_system","location":"/usr/lib/systemd/system/gnome-headless-session@.service","image":"/usr/libexec/gdm-new-session","time":1791611949958,"caller":"/home/lakshy-sharma/Citadel/Workshop/vajra/workspace/src/internal/detect/autorun/autorun.go:202","message":"NEW AUTORUN DETECTED"}
{"level":"warn","category":"systemd_system","location":"/usr/lib/systemd/system/plymouth-switch-root.service","image":"-/usr/bin/plymouth","time":1791611949958,"caller":"/home/lakshy-sharma/Citadel/Workshop/vajra/workspace/src/internal/detect/autorun/autorun.go:202","message":"NEW AUTORUN DETECTED"}
{"level":"warn","category":"systemd_user","location":"/usr/lib/systemd/user/org.freedesktop.IBus.session.generic.service","image":"sh","time":1791611949958,"caller":"/home/lakshy-sharma/Citadel/Workshop/vajra/workspace/src/internal/detect/autorun/autorun.go:202","message":"NEW AUTORUN DETECTED"}
{"level":"warn","category":"systemd_user","location":"/usr/lib/systemd/user/user-session-migration.service","image":"/usr/bin/user-session-migration","time":1791611949961,"caller":"/home/lakshy-sharma/Citadel/Workshop/vajra/workspace/src/internal/detect/autorun/autorun.go:202","message":"NEW AUTORUN DETECTED"}
{"level":"warn","category":"systemd_system","location":"/usr/lib/systemd/system/accounts-daemon.service","image":"/usr/libexec/accounts-daemon","time":1791611949961,"caller":"/home/lakshy-sharma/Citadel/Workshop/vajra/workspace/src/internal/detect/autorun/autorun.go:202","message":"NEW AUTORUN DETECTED"}
{"level":"warn","category":"systemd_system","location":"/usr/lib/systemd/system/quotaon@.service","image":"/usr/sbin/quotaon","time":1791611949962,"caller":"/home/lakshy-sharma/Citadel/Workshop/vajra/workspace/src/internal/detect/autorun/autorun.go:202","message":"NEW AUTORUN DETECTED"}
{"level":"warn","category":"systemd_system","location":"/usr/lib/systemd/system/systemd-networkd-wait-online@.service","image":"/usr/lib/systemd/systemd-networkd-wait-online","time":1791611949963,"caller":"/home/lakshy-sharma/Citadel/Workshop/vajra/workspace/src/internal/detect/autorun/autorun.go:202","message":"NEW AUTORUN DETECTED"}
{"level":"warn","category":"anacron","location":"/etc/anacrontab","image":"/etc/cron.daily","time":1791611949963,"caller":"/home/lakshy-sharma/Citadel/Workshop/vajra/workspace/src/internal/detect/autorun/autorun.go:202","message":"NEW AUTORUN DETECTED"}
{"level":"warn","category":"sysv_init","location":"/etc/init.d","image":"/etc/init.d/spice-vdagent","time":1791611949964,"caller":"/home/lakshy-sharma/Citadel/Workshop/vajra/workspace/src/internal/detect/autorun/autorun.go:202","message":"NEW AUTORUN DETECTED"}
{"level":"warn","category":"dbus","location":"/usr/share/dbus-1/services/org.freedesktop.ColorHelper.service","image":"/usr/libexec/colord-session","time":1791611949965,"caller":"/home/lakshy-sharma/Citadel/Workshop/vajra/workspace/src/internal/detect/autorun/autorun.go:202","message":"NEW AUTORUN DETECTED"}
{"level":"warn","category":"dbus","location":"/usr/share/dbus-1/services/org.gnome.font-viewer.service","image":"/usr/bin/gnome-font-viewer","time":1791611949966,"caller":"/home/lakshy-sharma/Citadel/Workshop/vajra/workspace/src/internal/detect/autorun/autorun.go:202","message":"NEW AUTORUN DETECTED"}
{"level":"warn","category":"systemd_system","location":"/usr/lib/systemd/system/setvtrgb.service","image":"/sbin/setvtrgb","time":1791611949966,"caller":"/home/lakshy-sharma/Citadel/Workshop/vajra/workspace/src/internal/detect/autorun/autorun.go:202","message":"NEW AUTORUN DETECTED"}
{"level":"warn","category":"shell_profile","location":"/etc/profile.d/70-systemd-shell-extra.sh","image":"/etc/profile.d/70-systemd-shell-extra.sh","time":1791611949968,"caller":"/home/lakshy-sharma/Citadel/Workshop/vajra/workspace/src/internal/detect/autorun/autorun.go:202","message":"NEW AUTORUN DETECTED"}
{"level":"warn","category":"shell_profile","location":"/etc/profile.d/vte.csh","image":"/etc/profile.d/vte.csh","time":1791611949975,"caller":"/home/lakshy-sharma/Citadel/Workshop/vajra/workspace/src/internal/detect/autorun/autorun.go:202","message":"NEW AUTORUN DETECTED"}
{"level":"warn","category":"systemd_system","location":"/usr/lib/systemd/system/dracut-initqueue.service","image":"-/usr/bin/dracut-initqueue","time":1791611949976,"caller":"/home/lakshy-sharma/Citadel/Workshop/vajra/workspace/src/internal/detect/autorun/autorun.go:202","message":"NEW AUTORUN DETECTED"}
{"level":"warn","category":"systemd_system","location":"/usr/lib/systemd/system/fstrim.service","image":"/sbin/fstrim","time":1791611949976,"caller":"/home/lakshy-sharma/Citadel/Workshop/vajra/workspace/src/internal/detect/autorun/autorun.go:202","message":"NEW AUTORUN DETECTED"}
{"level":"warn","category":"systemd_user","location":"/usr/lib/systemd/user/dbus.service","image":"/usr/bin/dbus-daemon","time":1791611949977,"caller":"/home/lakshy-sharma/Citadel/Workshop/vajra/workspace/src/internal/detect/autorun/autorun.go:202","message":"NEW AUTORUN DETECTED"}
{"level":"warn","category":"systemd_system","location":"/usr/lib/systemd/system/gnome-remote-desktop.service","image":"/usr/libexec/gnome-remote-desktop-daemon","time":1791611949983,"caller":"/home/lakshy-sharma/Citadel/Workshop/vajra/workspace/src/internal/detect/autorun/autorun.go:202","message":"NEW AUTORUN DETECTED"}
{"level":"warn","category":"dbus","location":"/usr/share/dbus-1/services/org.gtk.vfs.UDisks2VolumeMonitor.service","image":"/usr/libexec/gvfs-udisks2-volume-monitor","time":1791611949984,"caller":"/home/lakshy-sharma/Citadel/Workshop/vajra/workspace/src/internal/detect/autorun/autorun.go:202","message":"NEW AUTORUN DETECTED"}
{"level":"warn","category":"systemd_system","location":"/usr/lib/systemd/system/systemd-firstboot.service","image":"systemd-firstboot","time":1791611949984,"caller":"/home/lakshy-sharma/Citadel/Workshop/vajra/workspace/src/internal/detect/autorun/autorun.go:202","message":"NEW AUTORUN DETECTED"}
{"level":"warn","category":"systemd_system","location":"/usr/lib/systemd/system/update-notifier-download.service","image":"/usr/lib/update-notifier/package-data-downloader","time":1791611949984,"caller":"/home/lakshy-sharma/Citadel/Workshop/vajra/workspace/src/internal/detect/autorun/autorun.go:202","message":"NEW AUTORUN DETECTED"}
{"level":"warn","category":"anacron","location":"/etc/anacrontab","image":"/etc/cron.weekly","time":1791611949985,"caller":"/home/lakshy-sharma/Citadel/Workshop/vajra/workspace/src/internal/detect/autorun/autorun.go:202","message":"NEW AUTORUN DETECTED"}
{"level":"warn","category":"sysv_init","location":"/etc/init.d","image":"/etc/init.d/cups","time":1791611950019,"caller":"/home/lakshy-sharma/Citadel/Workshop/vajra/workspace/src/internal/detect/autorun/autorun.go:202","message":"NEW AUTORUN DETECTED"}
{"level":"warn","category":"sysv_init","location":"/etc/init.d","image":"/etc/init.d/procps","time":1791611950020,"caller":"/home/lakshy-sharma/Citadel/Workshop/vajra/workspace/src/internal/detect/autorun/autorun.go:202","message":"NEW AUTORUN DETECTED"}
{"level":"warn","category":"sysv_init","location":"/etc/init.d","image":"/etc/init.d/unattended-upgrades","time":1791611950021,"caller":"/home/lakshy-sharma/Citadel/Workshop/vajra/workspace/src/internal/detect/autorun/autorun.go:202","message":"NEW AUTORUN DETECTED"}
{"level":"warn","category":"systemd_system","location":"/usr/lib/systemd/system/breakpoint-pre-mount.service","image":"-/usr/bin/bash","time":1791611950021,"caller":"/home/lakshy-sharma/Citadel/Workshop/vajra/workspace/src/internal/detect/autorun/autorun.go:202","message":"NEW AUTORUN DETECTED"}
{"level":"warn","category":"systemd_system","location":"/usr/lib/systemd/system/cloud-config.service","image":"sh","time":1791611950021,"caller":"/home/lakshy-sharma/Citadel/Workshop/vajra/workspace/src/internal/detect/autorun/autorun.go:202","message":"NEW AUTORUN DETECTED"}
{"level":"warn","category":"systemd_user","location":"/usr/lib/systemd/user/keyboxd.service","image":"/usr/lib/gnupg/keyboxd","time":1791611950022,"caller":"/home/lakshy-sharma/Citadel/Workshop/vajra/workspace/src/internal/detect/autorun/autorun.go:202","message":"NEW AUTORUN DETECTED"}
{"level":"warn","category":"systemd_system","location":"/usr/lib/systemd/system/getty-static.service","image":"systemctl","time":1791611950022,"caller":"/home/lakshy-sharma/Citadel/Workshop/vajra/workspace/src/internal/detect/autorun/autorun.go:202","message":"NEW AUTORUN DETECTED"}
{"level":"warn","category":"systemd_system","location":"/usr/lib/systemd/system/systemd-journal-flush.service","image":"journalctl","time":1791611950022,"caller":"/home/lakshy-sharma/Citadel/Workshop/vajra/workspace/src/internal/detect/autorun/autorun.go:202","message":"NEW AUTORUN DETECTED"}
{"level":"warn","category":"shell_profile","location":"/etc/profile.d/apps-bin-path.sh","image":"/etc/profile.d/apps-bin-path.sh","time":1791611950023,"caller":"/home/lakshy-sharma/Citadel/Workshop/vajra/workspace/src/internal/detect/autorun/autorun.go:202","message":"NEW AUTORUN DETECTED"}
{"level":"warn","category":"systemd_system","location":"/usr/lib/systemd/system/systemd-storagetm.service","image":"/usr/lib/systemd/systemd-storagetm","time":1791611950023,"caller":"/home/lakshy-sharma/Citadel/Workshop/vajra/workspace/src/internal/detect/autorun/autorun.go:202","message":"NEW AUTORUN DETECTED"}
{"level":"warn","category":"dbus","location":"/usr/share/dbus-1/services/org.gnome.evolution.dataserver.AddressBook10.service","image":"/usr/libexec/evolution-addressbook-factory","time":1791611950024,"caller":"/home/lakshy-sharma/Citadel/Workshop/vajra/workspace/src/internal/detect/autorun/autorun.go:202","message":"NEW AUTORUN DETECTED"}
{"level":"warn","category":"systemd_system","location":"/usr/lib/systemd/system/systemd-timedated.service","image":"/usr/lib/systemd/systemd-timedated","time":1791611950024,"caller":"/home/lakshy-sharma/Citadel/Workshop/vajra/workspace/src/internal/detect/autorun/autorun.go:202","message":"NEW AUTORUN DETECTED"}
{"level":"warn","category":"dbus","location":"/usr/share/dbus-1/services/org.gnome.evolution.dataserver.UserPrompter0.service","image":"/usr/libexec/evolution-user-prompter","time":1791611950025,"caller":"/home/lakshy-sharma/Citadel/Workshop/vajra/workspace/src/internal/detect/autorun/autorun.go:202","message":"NEW AUTORUN DETECTED"}
{"level":"warn","category":"systemd_user","location":"/usr/lib/systemd/user/gnome-initial-setup-upgrade-login.service","image":"/usr/libexec/gnome-initial-setup","time":1791611950025,"caller":"/home/lakshy-sharma/Citadel/Workshop/vajra/workspace/src/internal/detect/autorun/autorun.go:202","message":"NEW AUTORUN DETECTED"}
{"level":"warn","category":"systemd_system","location":"/usr/lib/systemd/system/systemd-quotacheck@.service","image":"/usr/lib/systemd/systemd-quotacheck","time":1791611950026,"caller":"/home/lakshy-sharma/Citadel/Workshop/vajra/workspace/src/internal/detect/autorun/autorun.go:202","message":"NEW AUTORUN DETECTED"}
{"level":"warn","category":"systemd_user","location":"/usr/lib/systemd/user/systemd-tmpfiles-clean.service","image":"systemd-tmpfiles","time":1791611950030,"caller":"/home/lakshy-sharma/Citadel/Workshop/vajra/workspace/src/internal/detect/autorun/autorun.go:202","message":"NEW AUTORUN DETECTED"}
{"level":"warn","category":"systemd_system","location":"/usr/lib/systemd/system/apport-autoreport.service","image":"/usr/share/apport/whoopsie-upload-all","time":1791611950031,"caller":"/home/lakshy-sharma/Citadel/Workshop/vajra/workspace/src/internal/detect/autorun/autorun.go:202","message":"NEW AUTORUN DETECTED"}
{"level":"warn","category":"systemd_system","location":"/usr/lib/systemd/system/apport.service","image":"/usr/share/apport/apport","time":1791611950031,"caller":"/home/lakshy-sharma/Citadel/Workshop/vajra/workspace/src/internal/detect/autorun/autorun.go:202","message":"NEW AUTORUN DETECTED"}
{"level":"warn","category":"systemd_system","location":"/usr/lib/systemd/system/cloud-init-main.service","image":"/usr/bin/cloud-init","time":1791611950032,"caller":"/home/lakshy-sharma/Citadel/Workshop/vajra/workspace/src/internal/detect/autorun/autorun.go:202","message":"NEW AUTORUN DETECTED"}
{"level":"warn","category":"systemd_system","location":"/usr/lib/systemd/system/uuidd.service","image":"/usr/sbin/uuidd","time":1791611950032,"caller":"/home/lakshy-sharma/Citadel/Workshop/vajra/workspace/src/internal/detect/autorun/autorun.go:202","message":"NEW AUTORUN DETECTED"}
{"level":"warn","category":"sysv_init","location":"/etc/init.d","image":"/etc/init.d/ufw","time":1791611950033,"caller":"/home/lakshy-sharma/Citadel/Workshop/vajra/workspace/src/internal/detect/autorun/autorun.go:202","message":"NEW AUTORUN DETECTED"}
{"level":"warn","category":"systemd_system","location":"/usr/lib/systemd/system/systemd-tmpfiles-clean.service","image":"systemd-tmpfiles","time":1791611950033,"caller":"/home/lakshy-sharma/Citadel/Workshop/vajra/workspace/src/internal/detect/autorun/autorun.go:202","message":"NEW AUTORUN DETECTED"}
{"level":"warn","category":"systemd_user","location":"/usr/lib/systemd/user/org.gnome.SettingsDaemon.XSettings.service","image":"/usr/libexec/gsd-xsettings","time":1791611950034,"caller":"/home/lakshy-sharma/Citadel/Workshop/vajra/workspace/src/internal/detect/autorun/autorun.go:202","message":"NEW AUTORUN DETECTED"}
{"level":"warn","category":"dbus","location":"/usr/share/dbus-1/services/org.gnome.Calculator.SearchProvider.service","image":"/usr/libexec/gnome-calculator-search-provider","time":1791611950034,"caller":"/home/lakshy-sharma/Citadel/Workshop/vajra/workspace/src/internal/detect/autorun/autorun.go:202","message":"NEW AUTORUN DETECTED"}
{"level":"warn","category":"dbus","location":"/usr/share/dbus-1/services/org.gnome.Shell.CalendarServer.service","image":"/usr/libexec/gnome-shell-calendar-server","time":1791611950035,"caller":"/home/lakshy-sharma/Citadel/Workshop/vajra/workspace/src/internal/detect/autorun/autorun.go:202","message":"NEW AUTORUN DETECTED"}
{"level":"warn","category":"systemd_system","location":"/usr/lib/systemd/system/serial-getty@.service","image":"-/usr/sbin/agetty","time":1791611950035,"caller":"/home/lakshy-sharma/Citadel/Workshop/vajra/workspace/src/internal/detect/autorun/autorun.go:202","message":"NEW AUTORUN DETECTED"}
{"level":"warn","category":"systemd_user","location":"/usr/lib/systemd/user/org.gnome.SettingsDaemon.Housekeeping.service","image":"/usr/libexec/gsd-housekeeping","time":1791611950036,"caller":"/home/lakshy-sharma/Citadel/Workshop/vajra/workspace/src/internal/detect/autorun/autorun.go:202","message":"NEW AUTORUN DETECTED"}
{"level":"warn","category":"systemd_system","location":"/usr/lib/systemd/system/sssd.service","image":"/usr/sbin/sssd","time":1791611950036,"caller":"/home/lakshy-sharma/Citadel/Workshop/vajra/workspace/src/internal/detect/autorun/autorun.go:202","message":"NEW AUTORUN DETECTED"}
{"level":"warn","category":"systemd_system","location":"/usr/lib/systemd/system/system-update-cleanup.service","image":"rm","time":1791611950036,"caller":"/home/lakshy-sharma/Citadel/Workshop/vajra/workspace/src/internal/detect/autorun/autorun.go:202","message":"NEW AUTORUN DETECTED"}
{"level":"warn","category":"ld_preload","location":"/etc/ld.so.conf.d/libc.conf","image":"/etc/ld.so.conf.d/libc.conf","time":1791611950037,"caller":"/home/lakshy-sharma/Citadel/Workshop/vajra/workspace/src/internal/detect/autorun/autorun.go:202","message":"NEW AUTORUN DETECTED"}
{"level":"warn","category":"systemd_user","location":"/usr/lib/systemd/user/systemd-tmpfiles-setup.service","image":"systemd-tmpfiles","time":1791611950037,"caller":"/home/lakshy-sharma/Citadel/Workshop/vajra/workspace/src/internal/detect/autorun/autorun.go:202","message":"NEW AUTORUN DETECTED"}
{"level":"warn","category":"systemd_system","location":"/usr/lib/systemd/system/systemd-confext.service","image":"systemd-confext","time":1791611950038,"caller":"/home/lakshy-sharma/Citadel/Workshop/vajra/workspace/src/internal/detect/autorun/autorun.go:202","message":"NEW AUTORUN DETECTED"}
{"level":"warn","category":"dbus","location":"/usr/share/dbus-1/services/org.freedesktop.portal.Desktop.service","image":"/usr/libexec/xdg-desktop-portal","time":1791611950040,"caller":"/home/lakshy-sharma/Citadel/Workshop/vajra/workspace/src/internal/detect/autorun/autorun.go:202","message":"NEW AUTORUN DETECTED"}
{"level":"warn","category":"systemd_system","location":"/usr/lib/systemd/system/autovt@.service","image":"-/usr/sbin/agetty","time":1791611950040,"caller":"/home/lakshy-sharma/Citadel/Workshop/vajra/workspace/src/internal/detect/autorun/autorun.go:202","message":"NEW AUTORUN DETECTED"}
{"level":"warn","category":"systemd_system","location":"/usr/lib/systemd/system/ppp@.service","image":"/usr/sbin/pppd","time":1791611950067,"caller":"/home/lakshy-sharma/Citadel/Workshop/vajra/workspace/src/internal/detect/autorun/autorun.go:202","message":"NEW AUTORUN DETECTED"}
{"level":"warn","category":"systemd_system","location":"/usr/lib/systemd/system/snapd.failure.service","image":"/usr/lib/snapd/snap-failure","time":1791611950069,"caller":"/home/lakshy-sharma/Citadel/Workshop/vajra/workspace/src/internal/detect/autorun/autorun.go:202","message":"NEW AUTORUN DETECTED"}
{"level":"warn","category":"systemd_system","location":"/usr/lib/systemd/system/snapd.recovery-chooser-trigger.service","image":"/usr/lib/snapd/snap-bootstrap","time":1791611950070,"caller":"/home/lakshy-sharma/Citadel/Workshop/vajra/workspace/src/internal/detect/autorun/autorun.go:202","message":"NEW AUTORUN DETECTED"}
{"level":"warn","category":"dbus","location":"/usr/share/dbus-1/services/org.a11y.Bus.service","image":"/usr/libexec/at-spi-bus-launcher","time":1791611950070,"caller":"/home/lakshy-sharma/Citadel/Workshop/vajra/workspace/src/internal/detect/autorun/autorun.go:202","message":"NEW AUTORUN DETECTED"}
{"level":"warn","category":"systemd_system","location":"/usr/lib/systemd/system/apt-daily.service","image":"/usr/lib/apt/apt.systemd.daily","time":1791611950071,"caller":"/home/lakshy-sharma/Citadel/Workshop/vajra/workspace/src/internal/detect/autorun/autorun.go:202","message":"NEW AUTORUN DETECTED"}
{"level":"warn","category":"systemd_user","location":"/usr/lib/systemd/user/pipewire.service","image":"/usr/bin/pipewire","time":1791611950071,"caller":"/home/lakshy-sharma/Citadel/Workshop/vajra/workspace/src/internal/detect/autorun/autorun.go:202","message":"NEW AUTORUN DETECTED"}
{"level":"warn","category":"dbus","location":"/usr/share/dbus-1/services/org.freedesktop.impl.portal.desktop.gtk.service","image":"/usr/libexec/xdg-desktop-portal-gtk","time":1791611950072,"caller":"/home/lakshy-sharma/Citadel/Workshop/vajra/workspace/src/internal/detect/autorun/autorun.go:202","message":"NEW AUTORUN DETECTED"}
{"level":"warn","category":"systemd_system","location":"/usr/lib/systemd/system/sysprof3.service","image":"/usr/libexec/sysprofd","time":1791611950072,"caller":"/home/lakshy-sharma/Citadel/Workshop/vajra/workspace/src/internal/detect/autorun/autorun.go:202","message":"NEW AUTORUN DETECTED"}
{"level":"warn","category":"systemd_system","location":"/usr/lib/systemd/system/containerd.service","image":"/usr/bin/containerd","time":1791611950073,"caller":"/home/lakshy-sharma/Citadel/Workshop/vajra/workspace/src/internal/detect/autorun/autorun.go:202","message":"NEW AUTORUN DETECTED"}
{"level":"warn","category":"systemd_system","location":"/usr/lib/systemd/system/systemd-battery-check.service","image":"/usr/lib/systemd/systemd-battery-check","time":1791611950073,"caller":"/home/lakshy-sharma/Citadel/Workshop/vajra/workspace/src/internal/detect/autorun/autorun.go:202","message":"NEW AUTORUN DETECTED"}
{"level":"warn","category":"shell_profile","location":"/home/lakshy-sharma/.profile","image":"/home/lakshy-sharma/.profile","time":1791611950074,"caller":"/home/lakshy-sharma/Citadel/Workshop/vajra/workspace/src/internal/detect/autorun/autorun.go:202","message":"NEW AUTORUN DETECTED"}
{"level":"warn","category":"dbus","location":"/usr/share/dbus-1/services/org.gnome.seahorse.Application.service","image":"/usr/bin/seahorse","time":1791611950075,"caller":"/home/lakshy-sharma/Citadel/Workshop/vajra/workspace/src/internal/detect/autorun/autorun.go:202","message":"NEW AUTORUN DETECTED"}
{"level":"warn","category":"systemd_system","location":"/usr/lib/systemd/system/snapd.core-fixup.service","image":"/usr/lib/snapd/snapd.core-fixup.sh","time":1791611950079,"caller":"/home/lakshy-sharma/Citadel/Workshop/vajra/workspace/src/internal/detect/autorun/autorun.go:202","message":"NEW AUTORUN DETECTED"}
{"level":"warn","category":"systemd_system","location":"/usr/lib/systemd/system/openvpn@.service","image":"/usr/sbin/openvpn","time":1791611950082,"caller":"/home/lakshy-sharma/Citadel/Workshop/vajra/workspace/src/internal/detect/autorun/autorun.go:202","message":"NEW AUTORUN DETECTED"}
{"level":"warn","category":"systemd_system","location":"/usr/lib/systemd/system/systemd-factory-reset@.service","image":"-/usr/lib/systemd/systemd-factory-reset","time":1791611950090,"caller":"/home/lakshy-sharma/Citadel/Workshop/vajra/workspace/src/internal/detect/autorun/autorun.go:202","message":"NEW AUTORUN DETECTED"}
{"level":"warn","category":"shell_profile","location":"/root/.bashrc","image":"/root/.bashrc","time":1791611950097,"caller":"/home/lakshy-sharma/Citadel/Workshop/vajra/workspace/src/internal/detect/autorun/autorun.go:202","message":"NEW AUTORUN DETECTED"}
{"level":"warn","category":"systemd_system","location":"/usr/lib/systemd/system/geoclue.service","image":"/usr/libexec/geoclue","time":1791611950100,"caller":"/home/lakshy-sharma/Citadel/Workshop/vajra/workspace/src/internal/detect/autorun/autorun.go:202","message":"NEW AUTORUN DETECTED"}
{"level":"warn","category":"systemd_system","location":"/usr/lib/systemd/system/dracut-pre-pivot.service","image":"-/usr/bin/dracut-pre-pivot","time":1791611950103,"caller":"/home/lakshy-sharma/Citadel/Workshop/vajra/workspace/src/internal/detect/autorun/autorun.go:202","message":"NEW AUTORUN DETECTED"}
{"level":"warn","category":"systemd_system","location":"/usr/lib/systemd/system/plymouth-read-write.service","image":"-/usr/bin/plymouth","time":1791611950103,"caller":"/home/lakshy-sharma/Citadel/Workshop/vajra/workspace/src/internal/detect/autorun/autorun.go:202","message":"NEW AUTORUN DETECTED"}
{"level":"warn","category":"systemd_system","location":"/usr/lib/systemd/system/systemd-machine-id-commit.service","image":"systemd-machine-id-setup","time":1791611950103,"caller":"/home/lakshy-sharma/Citadel/Workshop/vajra/workspace/src/internal/detect/autorun/autorun.go:202","message":"NEW AUTORUN DETECTED"}
{"level":"warn","category":"shell_profile","location":"/etc/profile.d/Z99-cloudinit-warnings.sh","image":"/etc/profile.d/Z99-cloudinit-warnings.sh","time":1791611950104,"caller":"/home/lakshy-sharma/Citadel/Workshop/vajra/workspace/src/internal/detect/autorun/autorun.go:202","message":"NEW AUTORUN DETECTED"}
{"level":"warn","category":"systemd_user","location":"/usr/lib/systemd/user/pk-debconf-helper.service","image":"/usr/libexec/pk-debconf-helper","time":1791611950104,"caller":"/home/lakshy-sharma/Citadel/Workshop/vajra/workspace/src/internal/detect/autorun/autorun.go:202","message":"NEW AUTORUN DETECTED"}
{"level":"warn","category":"shell_profile","location":"/root/.profile","image":"/root/.profile","time":1791611950105,"caller":"/home/lakshy-sharma/Citadel/Workshop/vajra/workspace/src/internal/detect/autorun/autorun.go:202","message":"NEW AUTORUN DETECTED"}
{"level":"warn","category":"systemd_system","location":"/usr/lib/systemd/system/e2scrub_reap.service","image":"/sbin/e2scrub_all","time":1791611950105,"caller":"/home/lakshy-sharma/Citadel/Workshop/vajra/workspace/src/internal/detect/autorun/autorun.go:202","message":"NEW AUTORUN DETECTED"}
{"level":"warn","category":"systemd_system","location":"/usr/lib/systemd/system/power-profiles-daemon.service","image":"/usr/libexec/power-profiles-daemon","time":1791611950106,"caller":"/home/lakshy-sharma/Citadel/Workshop/vajra/workspace/src/internal/detect/autorun/autorun.go:202","message":"NEW AUTORUN DETECTED"}
{"level":"warn","category":"systemd_user","location":"/usr/lib/systemd/user/systemd-ask-password@.service","image":"-systemd-ask-password","time":1791611950106,"caller":"/home/lakshy-sharma/Citadel/Workshop/vajra/workspace/src/internal/detect/autorun/autorun.go:202","message":"NEW AUTORUN DETECTED"}
{"level":"warn","category":"systemd_system","location":"/usr/lib/systemd/system/breakpoint-pre-switch-root.service","image":"-/usr/bin/bash","time":1791611950107,"caller":"/home/lakshy-sharma/Citadel/Workshop/vajra/workspace/src/internal/detect/autorun/autorun.go:202","message":"NEW AUTORUN DETECTED"}
{"level":"warn","category":"systemd_system","location":"/usr/lib/systemd/system/dracut-shutdown-onfailure.service","image":"-/bin/rm","time":1791611950107,"caller":"/home/lakshy-sharma/Citadel/Workshop/vajra/workspace/src/internal/detect/autorun/autorun.go:202","message":"NEW AUTORUN DETECTED"}
{"level":"warn","category":"systemd_system","location":"/usr/lib/systemd/system/systemd-sysctl.service","image":"/usr/lib/systemd/systemd-sysctl","time":1791611950108,"caller":"/home/lakshy-sharma/Citadel/Workshop/vajra/workspace/src/internal/detect/autorun/autorun.go:202","message":"NEW AUTORUN DETECTED"}
{"level":"warn","category":"systemd_system","location":"/usr/lib/systemd/system/sssd-sudo.service","image":"/usr/libexec/sssd/sssd_sudo","time":1791611950108,"caller":"/home/lakshy-sharma/Citadel/Workshop/vajra/workspace/src/internal/detect/autorun/autorun.go:202","message":"NEW AUTORUN DETECTED"}
{"level":"warn","category":"shell_profile","location":"/etc/profile.d/gnome-session_gnomerc.sh","image":"/etc/profile.d/gnome-session_gnomerc.sh","time":1791611950121,"caller":"/home/lakshy-sharma/Citadel/Workshop/vajra/workspace/src/internal/detect/autorun/autorun.go:202","message":"NEW AUTORUN DETECTED"}
{"level":"warn","category":"systemd_user","location":"/usr/lib/systemd/user/mpris-proxy.service","image":"/usr/bin/mpris-proxy","time":1791611950122,"caller":"/home/lakshy-sharma/Citadel/Workshop/vajra/workspace/src/internal/detect/autorun/autorun.go:202","message":"NEW AUTORUN DETECTED"}
{"level":"warn","category":"systemd_system","location":"/usr/lib/systemd/system/alsa-restore.service","image":"-/usr/sbin/alsactl","time":1791611950123,"caller":"/home/lakshy-sharma/Citadel/Workshop/vajra/workspace/src/internal/detect/autorun/autorun.go:202","message":"NEW AUTORUN DETECTED"}
{"level":"warn","category":"systemd_system","location":"/usr/lib/systemd/system/rsync.service","image":"/usr/bin/rsync","time":1791611950124,"caller":"/home/lakshy-sharma/Citadel/Workshop/vajra/workspace/src/internal/detect/autorun/autorun.go:202","message":"NEW AUTORUN DETECTED"}
{"level":"warn","category":"systemd_system","location":"/usr/lib/systemd/system/ssl-cert.service","image":"-/usr/sbin/make-ssl-cert","time":1791611950124,"caller":"/home/lakshy-sharma/Citadel/Workshop/vajra/workspace/src/internal/detect/autorun/autorun.go:202","message":"NEW AUTORUN DETECTED"}
{"level":"warn","category":"systemd_system","location":"/usr/lib/systemd/system/systemd-sysusers.service","image":"systemd-sysusers","time":1791611950125,"caller":"/home/lakshy-sharma/Citadel/Workshop/vajra/workspace/src/internal/detect/autorun/autorun.go:202","message":"NEW AUTORUN DETECTED"}
{"level":"warn","category":"cron_system","location":"/etc/cron.monthly","image":"/etc/cron.monthly/0anacron","time":1791611950126,"caller":"/home/lakshy-sharma/Citadel/Workshop/vajra/workspace/src/internal/detect/autorun/autorun.go:202","message":"NEW AUTORUN DETECTED"}
{"level":"warn","category":"systemd_user","location":"/usr/lib/systemd/user/org.gnome.SettingsDaemon.Power.service","image":"/usr/libexec/gsd-power","time":1791611950126,"caller":"/home/lakshy-sharma/Citadel/Workshop/vajra/workspace/src/internal/detect/autorun/autorun.go:202","message":"NEW AUTORUN DETECTED"}
{"level":"warn","category":"systemd_system","location":"/usr/lib/systemd/system/systemd-network-generator.service","image":"/usr/lib/systemd/systemd-network-generator","time":1791611950127,"caller":"/home/lakshy-sharma/Citadel/Workshop/vajra/workspace/src/internal/detect/autorun/autorun.go:202","message":"NEW AUTORUN DETECTED"}
{"level":"warn","category":"sysv_init","location":"/etc/init.d","image":"/etc/init.d/dbus","time":1791611950128,"caller":"/home/lakshy-sharma/Citadel/Workshop/vajra/workspace/src/internal/detect/autorun/autorun.go:202","message":"NEW AUTORUN DETECTED"}
{"level":"warn","category":"dbus","location":"/usr/share/dbus-1/services/org.freedesktop.impl.portal.desktop.gnome.service","image":"/usr/libexec/xdg-desktop-portal-gnome","time":1791611950129,"caller":"/home/lakshy-sharma/Citadel/Workshop/vajra/workspace/src/internal/detect/autorun/autorun.go:202","message":"NEW AUTORUN DETECTED"}
{"level":"warn","category":"dbus","location":"/usr/share/dbus-1/services/org.freedesktop.impl.portal.PermissionStore.service","image":"/usr/libexec/xdg-permission-store","time":1791611950130,"caller":"/home/lakshy-sharma/Citadel/Workshop/vajra/workspace/src/internal/detect/autorun/autorun.go:202","message":"NEW AUTORUN DETECTED"}
{"level":"warn","category":"dbus","location":"/usr/share/dbus-1/system-services/io.netplan.Netplan.service","image":"/usr/libexec/netplan/netplan-dbus","time":1791611950130,"caller":"/home/lakshy-sharma/Citadel/Workshop/vajra/workspace/src/internal/detect/autorun/autorun.go:202","message":"NEW AUTORUN DETECTED"}
{"level":"warn","category":"dbus","location":"/usr/share/dbus-1/services/org.gnome.Ptyxis.service","image":"/usr/bin/ptyxis","time":1791611950131,"caller":"/home/lakshy-sharma/Citadel/Workshop/vajra/workspace/src/internal/detect/autorun/autorun.go:202","message":"NEW AUTORUN DETECTED"}
{"level":"warn","category":"systemd_system","location":"/usr/lib/systemd/system/NetworkManager.service","image":"/usr/sbin/NetworkManager","time":1791611950132,"caller":"/home/lakshy-sharma/Citadel/Workshop/vajra/workspace/src/internal/detect/autorun/autorun.go:202","message":"NEW AUTORUN DETECTED"}
{"level":"warn","category":"systemd_system","location":"/usr/lib/systemd/system/brltty.service","image":"/bin/brltty","time":1791611950132,"caller":"/home/lakshy-sharma/Citadel/Workshop/vajra/workspace/src/internal/detect/autorun/autorun.go:202","message":"NEW AUTORUN DETECTED"}
{"level":"warn","category":"systemd_system","location":"/usr/lib/systemd/system/cron.service","image":"/usr/sbin/cron","time":1791611950133,"caller":"/home/lakshy-sharma/Citadel/Workshop/vajra/workspace/src/internal/detect/autorun/autorun.go:202","message":"NEW AUTORUN DETECTED"}
{"level":"warn","category":"sysv_init","location":"/etc/init.d","image":"/etc/init.d/rsync","time":1791611950133,"caller":"/home/lakshy-sharma/Citadel/Workshop/vajra/workspace/src/internal/detect/autorun/autorun.go:202","message":"NEW AUTORUN DETECTED"}
{"level":"warn","category":"systemd_system","location":"/usr/lib/systemd/system/getty@.service","image":"-/usr/sbin/agetty","time":1791611950134,"caller":"/home/lakshy-sharma/Citadel/Workshop/vajra/workspace/src/internal/detect/autorun/autorun.go:202","message":"NEW AUTORUN DETECTED"}
{"level":"warn","category":"systemd_system","location":"/usr/lib/systemd/system/plymouth-quit-wait.service","image":"-/usr/bin/plymouth","time":1791611950135,"caller":"/home/lakshy-sharma/Citadel/Workshop/vajra/workspace/src/internal/detect/autorun/autorun.go:202","message":"NEW AUTORUN DETECTED"}
{"level":"warn","category":"systemd_system","location":"/usr/lib/systemd/system/systemd-update-done.service","image":"/usr/lib/systemd/systemd-update-done","time":1791611950135,"caller":"/home/lakshy-sharma/Citadel/Workshop/vajra/workspace/src/internal/detect/autorun/autorun.go:202","message":"NEW AUTORUN DETECTED"}
{"level":"warn","category":"xdg_autostart","location":"/etc/xdg/autostart/ubuntu-advantage-notification.desktop","image":"/usr/lib/update-notifier/ubuntu-advantage-notification","time":1791611950136,"caller":"/home/lakshy-sharma/Citadel/Workshop/vajra/workspace/src/internal/detect/autorun/autorun.go:202","message":"NEW AUTORUN DETECTED"}
{"level":"warn","category":"systemd_system","location":"/usr/lib/systemd/system/fwupd.service","image":"/usr/libexec/fwupd/fwupd","time":1791611950136,"caller":"/home/lakshy-sharma/Citadel/Workshop/vajra/workspace/src/internal/detect/autorun/autorun.go:202","message":"NEW AUTORUN DETECTED"}
{"level":"warn","category":"systemd_system","location":"/usr/lib/systemd/system/systemd-growfs@.service","image":"/usr/lib/systemd/systemd-growfs","time":1791611950137,"caller":"/home/lakshy-sharma/Citadel/Workshop/vajra/workspace/src/internal/detect/autorun/autorun.go:202","message":"NEW AUTORUN DETECTED"}
{"level":"warn","category":"systemd_system","location":"/usr/lib/systemd/system/polkit-agent-helper@.service","image":"/usr/lib/polkit-1/polkit-agent-helper-1","time":1791611950138,"caller":"/home/lakshy-sharma/Citadel/Workshop/vajra/workspace/src/internal/detect/autorun/autorun.go:202","message":"NEW AUTORUN DETECTED"}
{"level":"warn","category":"cron_system","location":"/etc/cron.daily","image":"/etc/cron.daily/dpkg","time":1791611950150,"caller":"/home/lakshy-sharma/Citadel/Workshop/vajra/workspace/src/internal/detect/autorun/autorun.go:202","message":"NEW AUTORUN DETECTED"}
{"level":"warn","category":"sysv_init","location":"/etc/init.d","image":"/etc/init.d/console-setup.sh","time":1791611950156,"caller":"/home/lakshy-sharma/Citadel/Workshop/vajra/workspace/src/internal/detect/autorun/autorun.go:202","message":"NEW AUTORUN DETECTED"}
{"level":"warn","category":"systemd_user","location":"/usr/lib/systemd/user/gpg-agent.service","image":"/usr/bin/gpg-agent","time":1791611950157,"caller":"/home/lakshy-sharma/Citadel/Workshop/vajra/workspace/src/internal/detect/autorun/autorun.go:202","message":"NEW AUTORUN DETECTED"}
{"level":"warn","category":"systemd_user","location":"/usr/lib/systemd/user/xdg-desktop-portal-rewrite-launchers.service","image":"/usr/libexec/xdg-desktop-portal-rewrite-launchers","time":1791611950158,"caller":"/home/lakshy-sharma/Citadel/Workshop/vajra/workspace/src/internal/detect/autorun/autorun.go:202","message":"NEW AUTORUN DETECTED"}
{"level":"warn","category":"systemd_system","location":"/usr/lib/systemd/system/alsa-state.service","image":"-/usr/sbin/alsactl","time":1791611950160,"caller":"/home/lakshy-sharma/Citadel/Workshop/vajra/workspace/src/internal/detect/autorun/autorun.go:202","message":"NEW AUTORUN DETECTED"}
{"level":"warn","category":"systemd_system","location":"/usr/lib/systemd/system/polkit.service","image":"/usr/lib/polkit-1/polkitd","time":1791611950163,"caller":"/home/lakshy-sharma/Citadel/Workshop/vajra/workspace/src/internal/detect/autorun/autorun.go:202","message":"NEW AUTORUN DETECTED"}
{"level":"warn","category":"systemd_system","location":"/usr/lib/systemd/system/plymouth-quit.service","image":"-/usr/bin/plymouth","time":1791611950194,"caller":"/home/lakshy-sharma/Citadel/Workshop/vajra/workspace/src/internal/detect/autorun/autorun.go:202","message":"NEW AUTORUN DETECTED"}
{"level":"warn","category":"systemd_system","location":"/usr/lib/systemd/system/systemd-sysext.service","image":"systemd-sysext","time":1791611950195,"caller":"/home/lakshy-sharma/Citadel/Workshop/vajra/workspace/src/internal/detect/autorun/autorun.go:202","message":"NEW AUTORUN DETECTED"}
{"level":"warn","category":"dbus","location":"/usr/share/dbus-1/services/org.gtk.vfs.GoaVolumeMonitor.service","image":"/usr/libexec/gvfs-goa-volume-monitor","time":1791611950195,"caller":"/home/lakshy-sharma/Citadel/Workshop/vajra/workspace/src/internal/detect/autorun/autorun.go:202","message":"NEW AUTORUN DETECTED"}
{"level":"warn","category":"dbus","location":"/usr/share/dbus-1/system-services/com.ubuntu.SoftwareProperties.service","image":"/usr/lib/software-properties/software-properties-dbus","time":1791611950196,"caller":"/home/lakshy-sharma/Citadel/Workshop/vajra/workspace/src/internal/detect/autorun/autorun.go:202","message":"NEW AUTORUN DETECTED"}
{"level":"warn","category":"systemd_system","location":"/usr/lib/systemd/system/debug-shell.service","image":"/usr/bin/bash","time":1791611950196,"caller":"/home/lakshy-sharma/Citadel/Workshop/vajra/workspace/src/internal/detect/autorun/autorun.go:202","message":"NEW AUTORUN DETECTED"}
{"level":"warn","category":"systemd_system","location":"/usr/lib/systemd/system/gpu-manager.service","image":"/usr/bin/gpu-manager","time":1791611950197,"caller":"/home/lakshy-sharma/Citadel/Workshop/vajra/workspace/src/internal/detect/autorun/autorun.go:202","message":"NEW AUTORUN DETECTED"}
{"level":"warn","category":"xdg_autostart","location":"/etc/xdg/autostart/update-notifier.desktop","image":"update-notifier","time":1791611950197,"caller":"/home/lakshy-sharma/Citadel/Workshop/vajra/workspace/src/internal/detect/autorun/autorun.go:202","message":"NEW AUTORUN DETECTED"}
{"level":"warn","category":"xdg_autostart","location":"/etc/xdg/autostart/user-dirs-update-gtk.desktop","image":"xdg-user-dirs-gtk-update","time":1791611950198,"caller":"/home/lakshy-sharma/Citadel/Workshop/vajra/workspace/src/internal/detect/autorun/autorun.go:202","message":"NEW AUTORUN DETECTED"}
{"level":"warn","category":"systemd_user","location":"/usr/lib/systemd/user/ubuntu-insights-upload.service","image":"/usr/bin/ubuntu-insights","time":1791611950198,"caller":"/home/lakshy-sharma/Citadel/Workshop/vajra/workspace/src/internal/detect/autorun/autorun.go:202","message":"NEW AUTORUN DETECTED"}
{"level":"warn","category":"dbus","location":"/usr/share/dbus-1/services/org.freedesktop.portal.Tracker.service","image":"/usr/libexec/tinysparql-xdg-portal-3","time":1791611950199,"caller":"/home/lakshy-sharma/Citadel/Workshop/vajra/workspace/src/internal/detect/autorun/autorun.go:202","message":"NEW AUTORUN DETECTED"}
{"level":"warn","category":"dbus","location":"/usr/share/dbus-1/services/org.freedesktop.portal.IBus.service","image":"/usr/libexec/ibus-portal","time":1791611950200,"caller":"/home/lakshy-sharma/Citadel/Workshop/vajra/workspace/src/internal/detect/autorun/autorun.go:202","message":"NEW AUTORUN DETECTED"}
{"level":"warn","category":"ld_preload","location":"/etc/ld.so.conf.d/x86_64-linux-gnu.conf","image":"/etc/ld.so.conf.d/x86_64-linux-gnu.conf","time":1791611950200,"caller":"/home/lakshy-sharma/Citadel/Workshop/vajra/workspace/src/internal/detect/autorun/autorun.go:202","message":"NEW AUTORUN DETECTED"}
{"level":"warn","category":"systemd_system","location":"/usr/lib/systemd/system/dracut-pre-trigger.service","image":"-/usr/bin/dracut-pre-trigger","time":1791611950201,"caller":"/home/lakshy-sharma/Citadel/Workshop/vajra/workspace/src/internal/detect/autorun/autorun.go:202","message":"NEW AUTORUN DETECTED"}
{"level":"warn","category":"systemd_system","location":"/usr/lib/systemd/system/user-runtime-dir@.service","image":"/usr/lib/systemd/systemd-user-runtime-dir","time":1791611950201,"caller":"/home/lakshy-sharma/Citadel/Workshop/vajra/workspace/src/internal/detect/autorun/autorun.go:202","message":"NEW AUTORUN DETECTED"}
{"level":"warn","category":"cron_system","location":"/etc/cron.monthly","image":"/etc/cron.monthly/.placeholder","time":1791611950202,"caller":"/home/lakshy-sharma/Citadel/Workshop/vajra/workspace/src/internal/detect/autorun/autorun.go:202","message":"NEW AUTORUN DETECTED"}
{"level":"warn","category":"systemd_user","location":"/usr/lib/systemd/user/org.gnome.SettingsDaemon.Datetime.service","image":"/usr/libexec/gsd-datetime","time":1791611950203,"caller":"/home/lakshy-sharma/Citadel/Workshop/vajra/workspace/src/internal/detect/autorun/autorun.go:202","message":"NEW AUTORUN DETECTED"}
{"level":"warn","category":"systemd_system","location":"/usr/lib/systemd/system/NetworkManager-dispatcher.service","image":"/usr/libexec/nm-dispatcher","time":1791611950203,"caller":"/home/lakshy-sharma/Citadel/Workshop/vajra/workspace/src/internal/detect/autorun/autorun.go:202","message":"NEW AUTORUN DETECTED"}
{"level":"warn","category":"dbus","location":"/usr/share/dbus-1/services/org.gnome.Logs.service","image":"/usr/bin/gnome-logs","time":1791611950204,"caller":"/home/lakshy-sharma/Citadel/Workshop/vajra/workspace/src/internal/detect/autorun/autorun.go:202","message":"NEW AUTORUN DETECTED"}
{"level":"warn","category":"cron_system","location":"/etc/cron.weekly","image":"/etc/cron.weekly/man-db","time":1791611950205,"caller":"/home/lakshy-sharma/Citadel/Workshop/vajra/workspace/src/internal/detect/autorun/autorun.go:202","message":"NEW AUTORUN DETECTED"}
{"level":"warn","category":"sysv_init","location":"/etc/init.d","image":"/etc/init.d/sssd","time":1791611950206,"caller":"/home/lakshy-sharma/Citadel/Workshop/vajra/workspace/src/internal/detect/autorun/autorun.go:202","message":"NEW AUTORUN DETECTED"}
{"level":"warn","category":"systemd_user","location":"/usr/lib/systemd/user/ubuntu-report.service","image":"/usr/bin/ubuntu-report","time":1791611950206,"caller":"/home/lakshy-sharma/Citadel/Workshop/vajra/workspace/src/internal/detect/autorun/autorun.go:202","message":"NEW AUTORUN DETECTED"}
{"level":"warn","category":"systemd_system","location":"/usr/lib/systemd/system/e2scrub@.service","image":"/sbin/e2scrub","time":1791611950207,"caller":"/home/lakshy-sharma/Citadel/Workshop/vajra/workspace/src/internal/detect/autorun/autorun.go:202","message":"NEW AUTORUN DETECTED"}
{"level":"warn","category":"systemd_system","location":"/usr/lib/systemd/system/snapd.service","image":"/usr/lib/snapd/snapd","time":1791611950207,"caller":"/home/lakshy-sharma/Citadel/Workshop/vajra/workspace/src/internal/detect/autorun/autorun.go:202","message":"NEW AUTORUN DETECTED"}
{"level":"warn","category":"sysv_init","location":"/etc/init.d","image":"/etc/init.d/apache-htcacheclean","time":1791611950208,"caller":"/home/lakshy-sharma/Citadel/Workshop/vajra/workspace/src/internal/detect/autorun/autorun.go:202","message":"NEW AUTORUN DETECTED"}
{"level":"warn","category":"shell_profile","location":"/etc/profile.d/debuginfod.csh","image":"/etc/profile.d/debuginfod.csh","time":1791611950208,"caller":"/home/lakshy-sharma/Citadel/Workshop/vajra/workspace/src/internal/detect/autorun/autorun.go:202","message":"NEW AUTORUN DETECTED"}
{"level":"warn","category":"systemd_user","location":"/usr/lib/systemd/user/org.gnome.SettingsDaemon.ScreensaverProxy.service","image":"/usr/libexec/gsd-screensaver-proxy","time":1791611950209,"caller":"/home/lakshy-sharma/Citadel/Workshop/vajra/workspace/src/internal/detect/autorun/autorun.go:202","message":"NEW AUTORUN DETECTED"}
{"level":"warn","category":"dbus","location":"/usr/share/dbus-1/services/org.gnome.Extensions.service","image":"/usr/bin/gnome-extensions-app","time":1791611950209,"caller":"/home/lakshy-sharma/Citadel/Workshop/vajra/workspace/src/internal/detect/autorun/autorun.go:202","message":"NEW AUTORUN DETECTED"}
{"level":"warn","category":"systemd_system","location":"/usr/lib/systemd/system/initrd-parse-etc.service","image":"/usr/lib/systemd/systemd-sysroot-fstab-check","time":1791611950242,"caller":"/home/lakshy-sharma/Citadel/Workshop/vajra/workspace/src/internal/detect/autorun/autorun.go:202","message":"NEW AUTORUN DETECTED"}
{"level":"warn","category":"systemd_system","location":"/usr/lib/systemd/system/systemd-pstore.service","image":"/usr/lib/systemd/systemd-pstore","time":1791611950244,"caller":"/home/lakshy-sharma/Citadel/Workshop/vajra/workspace/src/internal/detect/autorun/autorun.go:202","message":"NEW AUTORUN DETECTED"}
{"level":"warn","category":"ld_preload","location":"/etc/ld.so.conf.d/fakeroot-x86_64-linux-gnu.conf","image":"/etc/ld.so.conf.d/fakeroot-x86_64-linux-gnu.conf","time":1791611950244,"caller":"/home/lakshy-sharma/Citadel/Workshop/vajra/workspace/src/internal/detect/autorun/autorun.go:202","message":"NEW AUTORUN DETECTED"}
{"level":"warn","category":"dbus","location":"/usr/share/dbus-1/system-services/com.hp.hplip.service","image":"/usr/bin/hp-pkservice","time":1791611950245,"caller":"/home/lakshy-sharma/Citadel/Workshop/vajra/workspace/src/internal/detect/autorun/autorun.go:202","message":"NEW AUTORUN DETECTED"}
{"level":"warn","category":"systemd_system","location":"/usr/lib/systemd/system/ModemManager.service","image":"/usr/sbin/ModemManager","time":1791611950245,"caller":"/home/lakshy-sharma/Citadel/Workshop/vajra/workspace/src/internal/detect/autorun/autorun.go:202","message":"NEW AUTORUN DETECTED"}
{"level":"warn","category":"systemd_system","location":"/usr/lib/systemd/system/netplan-configure.service","image":"/usr/libexec/netplan/configure","time":1791611950246,"caller":"/home/lakshy-sharma/Citadel/Workshop/vajra/workspace/src/internal/detect/autorun/autorun.go:202","message":"NEW AUTORUN DETECTED"}
{"level":"warn","category":"sysv_init","location":"/etc/init.d","image":"/etc/init.d/chrony","time":1791611950246,"caller":"/home/lakshy-sharma/Citadel/Workshop/vajra/workspace/src/internal/detect/autorun/autorun.go:202","message":"NEW AUTORUN DETECTED"}
{"level":"warn","category":"systemd_user","location":"/usr/lib/systemd/user/gnome-initial-setup-copy-worker.service","image":"/usr/libexec/gnome-initial-setup-copy-worker","time":1791611950247,"caller":"/home/lakshy-sharma/Citadel/Workshop/vajra/workspace/src/internal/detect/autorun/autorun.go:202","message":"NEW AUTORUN DETECTED"}
{"level":"warn","category":"systemd_system","location":"/usr/lib/systemd/system/systemd-localed.service","image":"/usr/lib/systemd/systemd-localed","time":1791611950248,"caller":"/home/lakshy-sharma/Citadel/Workshop/vajra/workspace/src/internal/detect/autorun/autorun.go:202","message":"NEW AUTORUN DETECTED"}
{"level":"warn","category":"dbus","location":"/usr/share/dbus-1/services/org.gtk.vfs.AfcVolumeMonitor.service","image":"/usr/libexec/gvfs-afc-volume-monitor","time":1791611950248,"caller":"/home/lakshy-sharma/Citadel/Workshop/vajra/workspace/src/internal/detect/autorun/autorun.go:202","message":"NEW AUTORUN DETECTED"}
{"level":"warn","category":"systemd_user","location":"/usr/lib/systemd/user/org.gnome.SettingsDaemon.Wwan.service","image":"/usr/libexec/gsd-wwan","time":1791611950249,"caller":"/home/lakshy-sharma/Citadel/Workshop/vajra/workspace/src/internal/detect/autorun/autorun.go:202","message":"NEW AUTORUN DETECTED"}
{"level":"warn","category":"systemd_user","location":"/usr/lib/systemd/user/update-notifier-release.service","image":"/usr/lib/ubuntu-release-upgrader/check-new-release-gtk","time":1791611950250,"caller":"/home/lakshy-sharma/Citadel/Workshop/vajra/workspace/src/internal/detect/autorun/autorun.go:202","message":"NEW AUTORUN DETECTED"}
{"level":"warn","category":"systemd_system","location":"/usr/lib/systemd/system/ubuntu-advantage-desktop-daemon.service","image":"/usr/libexec/ubuntu-advantage-desktop-daemon","time":1791611950250,"caller":"/home/lakshy-sharma/Citadel/Workshop/vajra/workspace/src/internal/detect/autorun/autorun.go:202","message":"NEW AUTORUN DETECTED"}
{"level":"warn","category":"systemd_system","location":"/usr/lib/systemd/system/dmesg.service","image":"/bin/journalctl","time":1791611950252,"caller":"/home/lakshy-sharma/Citadel/Workshop/vajra/workspace/src/internal/detect/autorun/autorun.go:202","message":"NEW AUTORUN DETECTED"}
{"level":"warn","category":"systemd_system","location":"/usr/lib/systemd/system/systemd-sysext-initrd.service","image":"systemd-sysext","time":1791611950252,"caller":"/home/lakshy-sharma/Citadel/Workshop/vajra/workspace/src/internal/detect/autorun/autorun.go:202","message":"NEW AUTORUN DETECTED"}
{"level":"warn","category":"sysv_init","location":"/etc/init.d","image":"/etc/init.d/gdm3","time":1791611950253,"caller":"/home/lakshy-sharma/Citadel/Workshop/vajra/workspace/src/internal/detect/autorun/autorun.go:202","message":"NEW AUTORUN DETECTED"}
{"level":"warn","category":"dbus","location":"/usr/share/dbus-1/system-services/org.freedesktop.MalcontentTimer1.service","image":"/usr/libexec/malcontent-timerd","time":1791611950253,"caller":"/home/lakshy-sharma/Citadel/Workshop/vajra/workspace/src/internal/detect/autorun/autorun.go:202","message":"NEW AUTORUN DETECTED"}
{"level":"warn","category":"systemd_system","location":"/usr/lib/systemd/system/console-setup.service","image":"/lib/console-setup/console-setup.sh","time":1791611950254,"caller":"/home/lakshy-sharma/Citadel/Workshop/vajra/workspace/src/internal/detect/autorun/autorun.go:202","message":"NEW AUTORUN DETECTED"}
{"level":"warn","category":"systemd_system","location":"/usr/lib/systemd/system/grub2-common.service","image":"grub-editenv","time":1791611950255,"caller":"/home/lakshy-sharma/Citadel/Workshop/vajra/workspace/src/internal/detect/autorun/autorun.go:202","message":"NEW AUTORUN DETECTED"}
{"level":"warn","category":"systemd_system","location":"/usr/lib/systemd/system/systemd-ask-password-wall.service","image":"systemd-tty-ask-password-agent","time":1791611950256,"caller":"/home/lakshy-sharma/Citadel/Workshop/vajra/workspace/src/internal/detect/autorun/autorun.go:202","message":"NEW AUTORUN DETECTED"}
{"level":"warn","category":"dbus","location":"/usr/share/dbus-1/services/org.freedesktop.Tracker3.Writeback.service","image":"/usr/libexec/localsearch-writeback-3","time":1791611950256,"caller":"/home/lakshy-sharma/Citadel/Workshop/vajra/workspace/src/internal/detect/autorun/autorun.go:202","message":"NEW AUTORUN DETECTED"}
{"level":"warn","category":"dbus","location":"/usr/share/dbus-1/system-services/org.freedesktop.MalcontentWeb1.service","image":"/usr/libexec/malcontent-webd","time":1791611950257,"caller":"/home/lakshy-sharma/Citadel/Workshop/vajra/workspace/src/internal/detect/autorun/autorun.go:202","message":"NEW AUTORUN DETECTED"}
{"level":"warn","category":"systemd_system","location":"/usr/lib/systemd/system/bolt.service","image":"/usr/libexec/boltd","time":1791611950258,"caller":"/home/lakshy-sharma/Citadel/Workshop/vajra/workspace/src/internal/detect/autorun/autorun.go:202","message":"NEW AUTORUN DETECTED"}
{"level":"warn","category":"systemd_system","location":"/etc/systemd/system/chronyd.service","image":"!/usr/lib/systemd/scripts/chronyd-starter.sh","time":1791611950258,"caller":"/home/lakshy-sharma/Citadel/Workshop/vajra/workspace/src/internal/detect/autorun/autorun.go:202","message":"NEW AUTORUN DETECTED"}
{"level":"warn","category":"systemd_system","location":"/usr/lib/systemd/system/ubuntu-advantage.service","image":"/usr/bin/python3","time":1791611950259,"caller":"/home/lakshy-sharma/Citadel/Workshop/vajra/workspace/src/internal/detect/autorun/autorun.go:202","message":"NEW AUTORUN DETECTED"}
{"level":"warn","category":"systemd_system","location":"/usr/lib/systemd/system/usb_modeswitch@.service","image":"/usr/sbin/usb_modeswitch_dispatcher","time":1791611950259,"caller":"/home/lakshy-sharma/Citadel/Workshop/vajra/workspace/src/internal/detect/autorun/autorun.go:202","message":"NEW AUTORUN DETECTED"}
{"level":"warn","category":"systemd_system","location":"/usr/lib/systemd/system/cloud-final.service","image":"sh","time":1791611950259,"caller":"/home/lakshy-sharma/Citadel/Workshop/vajra/workspace/src/internal/detect/autorun/autorun.go:202","message":"NEW AUTORUN DETECTED"}
{"level":"warn","category":"systemd_system","location":"/usr/lib/systemd/system/ipp-usb.service","image":"/usr/sbin/ipp-usb","time":1791611950260,"caller":"/home/lakshy-sharma/Citadel/Workshop/vajra/workspace/src/internal/detect/autorun/autorun.go:202","message":"NEW AUTORUN DETECTED"}
{"level":"warn","category":"systemd_user","location":"/usr/lib/systemd/user/org.gnome.SettingsDaemon.Sound.service","image":"/usr/libexec/gsd-sound","time":1791611950261,"caller":"/home/lakshy-sharma/Citadel/Workshop/vajra/workspace/src/internal/detect/autorun/autorun.go:202","message":"NEW AUTORUN DETECTED"}
{"level":"warn","category":"systemd_system","location":"/usr/lib/systemd/system/anacron.service","image":"/usr/sbin/anacron","time":1791611950308,"caller":"/home/lakshy-sharma/Citadel/Workshop/vajra/workspace/src/internal/detect/autorun/autorun.go:202","message":"NEW AUTORUN DETECTED"}
{"level":"warn","category":"systemd_system","location":"/usr/lib/systemd/system/ldconfig.service","image":"ldconfig","time":1791611950315,"caller":"/home/lakshy-sharma/Citadel/Workshop/vajra/workspace/src/internal/detect/autorun/autorun.go:202","message":"NEW AUTORUN DETECTED"}
{"level":"warn","category":"systemd_system","location":"/usr/lib/systemd/system/sssd-pam.service","image":"/usr/libexec/sssd/sssd_pam","time":1791611950316,"caller":"/home/lakshy-sharma/Citadel/Workshop/vajra/workspace/src/internal/detect/autorun/autorun.go:202","message":"NEW AUTORUN DETECTED"}
{"level":"warn","category":"systemd_user","location":"/usr/lib/systemd/user/gnome-session-manager@.service","image":"/usr/libexec/gnome-session-service","time":1791611950316,"caller":"/home/lakshy-sharma/Citadel/Workshop/vajra/workspace/src/internal/detect/autorun/autorun.go:202","message":"NEW AUTORUN DETECTED"}
{"level":"warn","category":"systemd_system","location":"/usr/lib/systemd/system/systemd-journald@.service","image":"/usr/lib/systemd/systemd-journald","time":1791611950317,"caller":"/home/lakshy-sharma/Citadel/Workshop/vajra/workspace/src/internal/detect/autorun/autorun.go:202","message":"NEW AUTORUN DETECTED"}
{"level":"warn","category":"sysv_init","location":"/etc/init.d","image":"/etc/init.d/plymouth","time":1791611950317,"caller":"/home/lakshy-sharma/Citadel/Workshop/vajra/workspace/src/internal/detect/autorun/autorun.go:202","message":"NEW AUTORUN DETECTED"}
{"level":"warn","category":"dbus","location":"/usr/share/dbus-1/services/org.gtk.vfs.MTPVolumeMonitor.service","image":"/usr/libexec/gvfs-mtp-volume-monitor","time":1791611950318,"caller":"/home/lakshy-sharma/Citadel/Workshop/vajra/workspace/src/internal/detect/autorun/autorun.go:202","message":"NEW AUTORUN DETECTED"}
{"level":"warn","category":"dbus","location":"/usr/share/dbus-1/services/org.gnome.Settings.GlobalShortcutsProvider.service","image":"/usr/libexec/gnome-control-center-global-shortcuts-provider","time":1791611950319,"caller":"/home/lakshy-sharma/Citadel/Workshop/vajra/workspace/src/internal/detect/autorun/autorun.go:202","message":"NEW AUTORUN DETECTED"}
{"level":"warn","category":"sysv_init","location":"/etc/init.d","image":"/etc/init.d/keyboard-setup.sh","time":1791611950320,"caller":"/home/lakshy-sharma/Citadel/Workshop/vajra/workspace/src/internal/detect/autorun/autorun.go:202","message":"NEW AUTORUN DETECTED"}
{"level":"warn","category":"shell_profile","location":"/etc/profile.d/bash_completion.sh","image":"/etc/profile.d/bash_completion.sh","time":1791611950321,"caller":"/home/lakshy-sharma/Citadel/Workshop/vajra/workspace/src/internal/detect/autorun/autorun.go:202","message":"NEW AUTORUN DETECTED"}
{"level":"warn","category":"systemd_user","location":"/usr/lib/systemd/user/org.gnome.SettingsDaemon.A11ySettings.service","image":"/usr/libexec/gsd-a11y-settings","time":1791611950321,"caller":"/home/lakshy-sharma/Citadel/Workshop/vajra/workspace/src/internal/detect/autorun/autorun.go:202","message":"NEW AUTORUN DETECTED"}
{"level":"warn","category":"systemd_user","location":"/usr/lib/systemd/user/org.gnome.SettingsDaemon.Color.service","image":"/usr/libexec/gsd-color","time":1791611950322,"caller":"/home/lakshy-sharma/Citadel/Workshop/vajra/workspace/src/internal/detect/autorun/autorun.go:202","message":"NEW AUTORUN DETECTED"}
{"level":"warn","category":"shell_profile","location":"/etc/profile.d/Z99-cloud-locale-test.sh","image":"/etc/profile.d/Z99-cloud-locale-test.sh","time":1791611950323,"caller":"/home/lakshy-sharma/Citadel/Workshop/vajra/workspace/src/internal/detect/autorun/autorun.go:202","message":"NEW AUTORUN DETECTED"}
{"level":"warn","category":"dbus","location":"/usr/share/dbus-1/services/org.freedesktop.Tracker3.Miner.Files.Control.service","image":"/usr/libexec/localsearch-control-3","time":1791611950323,"caller":"/home/lakshy-sharma/Citadel/Workshop/vajra/workspace/src/internal/detect/autorun/autorun.go:202","message":"NEW AUTORUN DETECTED"}
{"level":"warn","category":"systemd_system","location":"/usr/lib/systemd/system/chrony.service","image":"!/usr/lib/systemd/scripts/chronyd-starter.sh","time":1791611950323,"caller":"/home/lakshy-sharma/Citadel/Workshop/vajra/workspace/src/internal/detect/autorun/autorun.go:202","message":"NEW AUTORUN DETECTED"}
{"level":"warn","category":"systemd_system","location":"/usr/lib/systemd/system/tpm-udev.service","image":"systemd-tmpfiles","time":1791611950324,"caller":"/home/lakshy-sharma/Citadel/Workshop/vajra/workspace/src/internal/detect/autorun/autorun.go:202","message":"NEW AUTORUN DETECTED"}
{"level":"warn","category":"systemd_system","location":"/usr/lib/systemd/system/rtkit-daemon.service","image":"/usr/libexec/rtkit-daemon","time":1791611950324,"caller":"/home/lakshy-sharma/Citadel/Workshop/vajra/workspace/src/internal/detect/autorun/autorun.go:202","message":"NEW AUTORUN DETECTED"}
{"level":"warn","category":"systemd_system","location":"/usr/lib/systemd/system/systemd-resolved.service","image":"/usr/lib/systemd/systemd-resolved","time":1791611950325,"caller":"/home/lakshy-sharma/Citadel/Workshop/vajra/workspace/src/internal/detect/autorun/autorun.go:202","message":"NEW AUTORUN DETECTED"}
{"level":"warn","category":"systemd_system","location":"/usr/lib/systemd/system/cloud-init-network.service","image":"sh","time":1791611950325,"caller":"/home/lakshy-sharma/Citadel/Workshop/vajra/workspace/src/internal/detect/autorun/autorun.go:202","message":"NEW AUTORUN DETECTED"}
{"level":"warn","category":"systemd_system","location":"/usr/lib/systemd/system/man-db.service","image":"/usr/bin/mandb","time":1791611950325,"caller":"/home/lakshy-sharma/Citadel/Workshop/vajra/workspace/src/internal/detect/autorun/autorun.go:202","message":"NEW AUTORUN DETECTED"}
{"level":"warn","category":"systemd_system","location":"/usr/lib/systemd/system/snapd.apparmor.service","image":"/usr/lib/snapd/snapd-apparmor","time":1791611950326,"caller":"/home/lakshy-sharma/Citadel/Workshop/vajra/workspace/src/internal/detect/autorun/autorun.go:202","message":"NEW AUTORUN DETECTED"}
{"level":"warn","category":"systemd_system","location":"/usr/lib/systemd/system/systemd-fsck@.service","image":"/usr/lib/systemd/systemd-fsck","time":1791611950326,"caller":"/home/lakshy-sharma/Citadel/Workshop/vajra/workspace/src/internal/detect/autorun/autorun.go:202","message":"NEW AUTORUN DETECTED"}
{"level":"warn","category":"systemd_system","location":"/usr/lib/systemd/system/systemd-pcrextend@.service","image":"-/usr/lib/systemd/systemd-pcrextend","time":1791611950327,"caller":"/home/lakshy-sharma/Citadel/Workshop/vajra/workspace/src/internal/detect/autorun/autorun.go:202","message":"NEW AUTORUN DETECTED"}
{"level":"warn","category":"cron_system","location":"/etc/cron.daily","image":"/etc/cron.daily/apache2","time":1791611950328,"caller":"/home/lakshy-sharma/Citadel/Workshop/vajra/workspace/src/internal/detect/autorun/autorun.go:202","message":"NEW AUTORUN DETECTED"}
{"level":"warn","category":"systemd_system","location":"/usr/lib/systemd/system/thermald.service","image":"/usr/sbin/thermald","time":1791611950328,"caller":"/home/lakshy-sharma/Citadel/Workshop/vajra/workspace/src/internal/detect/autorun/autorun.go:202","message":"NEW AUTORUN DETECTED"}
{"level":"warn","category":"systemd_system","location":"/usr/lib/systemd/system/cups-browsed.service","image":"/usr/sbin/cups-browsed","time":1791611950378,"caller":"/home/lakshy-sharma/Citadel/Workshop/vajra/workspace/src/internal/detect/autorun/autorun.go:202","message":"NEW AUTORUN DETECTED"}
{"level":"warn","category":"shell_profile","location":"/etc/profile.d/80-systemd-osc-context.sh","image":"/etc/profile.d/80-systemd-osc-context.sh","time":1791611950379,"caller":"/home/lakshy-sharma/Citadel/Workshop/vajra/workspace/src/internal/detect/autorun/autorun.go:202","message":"NEW AUTORUN DETECTED"}
{"level":"warn","category":"systemd_system","location":"/usr/lib/systemd/system/cloud-init-local.service","image":"sh","time":1791611950380,"caller":"/home/lakshy-sharma/Citadel/Workshop/vajra/workspace/src/internal/detect/autorun/autorun.go:202","message":"NEW AUTORUN DETECTED"}
{"level":"warn","category":"systemd_system","location":"/usr/lib/systemd/system/secureboot-db.service","image":"/usr/bin/sbkeysync","time":1791611950380,"caller":"/home/lakshy-sharma/Citadel/Workshop/vajra/workspace/src/internal/detect/autorun/autorun.go:202","message":"NEW AUTORUN DETECTED"}
{"level":"warn","category":"sysv_init","location":"/etc/init.d","image":"/etc/init.d/x11-common","time":1791611950381,"caller":"/home/lakshy-sharma/Citadel/Workshop/vajra/workspace/src/internal/detect/autorun/autorun.go:202","message":"NEW AUTORUN DETECTED"}
{"level":"warn","category":"dbus","location":"/usr/share/dbus-1/services/org.bluez.obex.service","image":"/usr/libexec/bluetooth/obexd","time":1791611950390,"caller":"/home/lakshy-sharma/Citadel/Workshop/vajra/workspace/src/internal/detect/autorun/autorun.go:202","message":"NEW AUTORUN DETECTED"}
{"level":"warn","category":"systemd_system","location":"/usr/lib/systemd/system/dbus.service","image":"@/usr/bin/dbus-daemon","time":1791611950392,"caller":"/home/lakshy-sharma/Citadel/Workshop/vajra/workspace/src/internal/detect/autorun/autorun.go:202","message":"NEW AUTORUN DETECTED"}
{"level":"warn","category":"systemd_system","location":"/usr/lib/systemd/system/systemd-factory-reset-request.service","image":"/usr/lib/systemd/systemd-factory-reset","time":1791611950392,"caller":"/home/lakshy-sharma/Citadel/Workshop/vajra/workspace/src/internal/detect/autorun/autorun.go:202","message":"NEW AUTORUN DETECTED"}
{"level":"warn","category":"systemd_system","location":"/usr/lib/systemd/system/systemd-udevd.service","image":"/usr/lib/systemd/systemd-udevd","time":1791611950393,"caller":"/home/lakshy-sharma/Citadel/Workshop/vajra/workspace/src/internal/detect/autorun/autorun.go:202","message":"NEW AUTORUN DETECTED"}
{"level":"warn","category":"systemd_system","location":"/usr/lib/systemd/system/packagekit-offline-update.service","image":"/usr/libexec/pk-offline-update","time":1791611950393,"caller":"/home/lakshy-sharma/Citadel/Workshop/vajra/workspace/src/internal/detect/autorun/autorun.go:202","message":"NEW AUTORUN DETECTED"}
{"level":"warn","category":"systemd_system","location":"/usr/lib/systemd/system/systemd-mute-console@.service","image":"systemd-mute-console","time":1791611950394,"caller":"/home/lakshy-sharma/Citadel/Workshop/vajra/workspace/src/internal/detect/autorun/autorun.go:202","message":"NEW AUTORUN DETECTED"}
{"level":"warn","category":"dbus","location":"/usr/share/dbus-1/services/org.gnome.Shell.Screencast.service","image":"/usr/bin/gjs","time":1791611950394,"caller":"/home/lakshy-sharma/Citadel/Workshop/vajra/workspace/src/internal/detect/autorun/autorun.go:202","message":"NEW AUTORUN DETECTED"}
{"level":"warn","category":"systemd_system","location":"/usr/lib/systemd/system/keyboard-setup.service","image":"/lib/console-setup/keyboard-setup.sh","time":1791611950400,"caller":"/home/lakshy-sharma/Citadel/Workshop/vajra/workspace/src/internal/detect/autorun/autorun.go:202","message":"NEW AUTORUN DETECTED"}
{"level":"warn","category":"dbus","location":"/usr/share/dbus-1/services/org.gtk.vfs.Daemon.service","image":"/usr/libexec/gvfsd","time":1791611950400,"caller":"/home/lakshy-sharma/Citadel/Workshop/vajra/workspace/src/internal/detect/autorun/autorun.go:202","message":"NEW AUTORUN DETECTED"}
{"level":"warn","category":"systemd_system","location":"/usr/lib/systemd/system/nm-priv-helper.service","image":"/usr/libexec/nm-priv-helper","time":1791611950410,"caller":"/home/lakshy-sharma/Citadel/Workshop/vajra/workspace/src/internal/detect/autorun/autorun.go:202","message":"NEW AUTORUN DETECTED"}
{"level":"warn","category":"systemd_system","location":"/usr/lib/systemd/system/dracut-mount.service","image":"-/usr/bin/dracut-mount","time":1791611950411,"caller":"/home/lakshy-sharma/Citadel/Workshop/vajra/workspace/src/internal/detect/autorun/autorun.go:202","message":"NEW AUTORUN DETECTED"}
{"level":"warn","category":"systemd_system","location":"/usr/lib/systemd/system/whoopsie.service","image":"/usr/bin/whoopsie","time":1791611950412,"caller":"/home/lakshy-sharma/Citadel/Workshop/vajra/workspace/src/internal/detect/autorun/autorun.go:202","message":"NEW AUTORUN DETECTED"}
{"level":"warn","category":"shell_profile","location":"/etc/profile.d/vte-2.91.sh","image":"/etc/profile.d/vte-2.91.sh","time":1791611950412,"caller":"/home/lakshy-sharma/Citadel/Workshop/vajra/workspace/src/internal/detect/autorun/autorun.go:202","message":"NEW AUTORUN DETECTED"}
{"level":"warn","category":"systemd_user","location":"/usr/lib/systemd/user/ssh-agent.service","image":"/usr/bin/ssh-agent","time":1791611950420,"caller":"/home/lakshy-sharma/Citadel/Workshop/vajra/workspace/src/internal/detect/autorun/autorun.go:202","message":"NEW AUTORUN DETECTED"}
{"level":"warn","category":"dbus","location":"/usr/share/dbus-1/services/org.fedoraproject.Config.Printing.service","image":"/usr/bin/scp-dbus-service","time":1791611950432,"caller":"/home/lakshy-sharma/Citadel/Workshop/vajra/workspace/src/internal/detect/autorun/autorun.go:202","message":"NEW AUTORUN DETECTED"}
{"level":"warn","category":"dbus","location":"/usr/share/dbus-1/services/org.gnome.keyring.SystemPrompter.service","image":"/usr/libexec/gcr-prompter","time":1791611950445,"caller":"/home/lakshy-sharma/Citadel/Workshop/vajra/workspace/src/internal/detect/autorun/autorun.go:202","message":"NEW AUTORUN DETECTED"}
{"level":"warn","category":"systemd_system","location":"/usr/lib/systemd/system/apparmor.service","image":"/lib/apparmor/apparmor.systemd","time":1791611950475,"caller":"/home/lakshy-sharma/Citadel/Workshop/vajra/workspace/src/internal/detect/autorun/autorun.go:202","message":"NEW AUTORUN DETECTED"}
{"level":"warn","category":"systemd_system","location":"/usr/lib/systemd/system/e2scrub_fail@.service","image":"/usr/libexec/e2fsprogs/e2scrub_fail","time":1791611950476,"caller":"/home/lakshy-sharma/Citadel/Workshop/vajra/workspace/src/internal/detect/autorun/autorun.go:202","message":"NEW AUTORUN DETECTED"}
{"level":"warn","category":"shell_profile","location":"/home/lakshy-sharma/.bashrc","image":"/home/lakshy-sharma/.bashrc","time":1791611950485,"caller":"/home/lakshy-sharma/Citadel/Workshop/vajra/workspace/src/internal/detect/autorun/autorun.go:202","message":"NEW AUTORUN DETECTED"}
{"level":"warn","category":"systemd_system","location":"/usr/lib/systemd/system/openvpn.service","image":"/bin/true","time":1791611950486,"caller":"/home/lakshy-sharma/Citadel/Workshop/vajra/workspace/src/internal/detect/autorun/autorun.go:202","message":"NEW AUTORUN DETECTED"}
{"level":"warn","category":"systemd_user","location":"/usr/lib/systemd/user/update-notifier-livepatch.service","image":"/usr/lib/update-notifier/livepatch-notification","time":1791611950487,"caller":"/home/lakshy-sharma/Citadel/Workshop/vajra/workspace/src/internal/detect/autorun/autorun.go:202","message":"NEW AUTORUN DETECTED"}
{"level":"warn","category":"systemd_system","location":"/usr/lib/systemd/system/colord.service","image":"/usr/libexec/colord","time":1791611950490,"caller":"/home/lakshy-sharma/Citadel/Workshop/vajra/workspace/src/internal/detect/autorun/autorun.go:202","message":"NEW AUTORUN DETECTED"}
{"level":"warn","category":"systemd_system","location":"/usr/lib/systemd/system/dracut-pre-mount.service","image":"-/usr/bin/dracut-pre-mount","time":1791611950492,"caller":"/home/lakshy-sharma/Citadel/Workshop/vajra/workspace/src/internal/detect/autorun/autorun.go:202","message":"NEW AUTORUN DETECTED"}
{"level":"warn","category":"systemd_system","location":"/usr/lib/systemd/system/systemd-confext-initrd.service","image":"systemd-confext","time":1791611950492,"caller":"/home/lakshy-sharma/Citadel/Workshop/vajra/workspace/src/internal/detect/autorun/autorun.go:202","message":"NEW AUTORUN DETECTED"}
{"level":"warn","category":"systemd_system","location":"/usr/lib/systemd/system/systemd-pcrproduct.service","image":"/usr/lib/systemd/systemd-pcrextend","time":1791611950493,"caller":"/home/lakshy-sharma/Citadel/Workshop/vajra/workspace/src/internal/detect/autorun/autorun.go:202","message":"NEW AUTORUN DETECTED"}
{"level":"warn","category":"cron_system","location":"/etc/cron.daily","image":"/etc/cron.daily/logrotate","time":1791611950494,"caller":"/home/lakshy-sharma/Citadel/Workshop/vajra/workspace/src/internal/detect/autorun/autorun.go:202","message":"NEW AUTORUN DETECTED"}
{"level":"warn","category":"systemd_system","location":"/usr/lib/systemd/system/systemd-ask-password-console.service","image":"systemd-tty-ask-password-agent","time":1791611950494,"caller":"/home/lakshy-sharma/Citadel/Workshop/vajra/workspace/src/internal/detect/autorun/autorun.go:202","message":"NEW AUTORUN DETECTED"}
{"level":"warn","category":"xdg_autostart","location":"/etc/xdg/autostart/orca-autostart.desktop","image":"orca","time":1791611950495,"caller":"/home/lakshy-sharma/Citadel/Workshop/vajra/workspace/src/internal/detect/autorun/autorun.go:202","message":"NEW AUTORUN DETECTED"}
{"level":"warn","category":"systemd_system","location":"/usr/lib/systemd/system/dracut-cmdline.service","image":"-/usr/bin/dracut-cmdline","time":1791611950495,"caller":"/home/lakshy-sharma/Citadel/Workshop/vajra/workspace/src/internal/detect/autorun/autorun.go:202","message":"NEW AUTORUN DETECTED"}
{"level":"warn","category":"systemd_system","location":"/usr/lib/systemd/system/sssd-ssh.service","image":"/usr/libexec/sssd/sssd_ssh","time":1791611950508,"caller":"/home/lakshy-sharma/Citadel/Workshop/vajra/workspace/src/internal/detect/autorun/autorun.go:202","message":"NEW AUTORUN DETECTED"}
{"level":"warn","category":"shell_profile","location":"/etc/profile","image":"/etc/profile","time":1791611950509,"caller":"/home/lakshy-sharma/Citadel/Workshop/vajra/workspace/src/internal/detect/autorun/autorun.go:202","message":"NEW AUTORUN DETECTED"}
{"level":"warn","category":"systemd_system","location":"/usr/lib/systemd/system/systemd-hostnamed.service","image":"/usr/lib/systemd/systemd-hostnamed","time":1791611950528,"caller":"/home/lakshy-sharma/Citadel/Workshop/vajra/workspace/src/internal/detect/autorun/autorun.go:202","message":"NEW AUTORUN DETECTED"}
{"level":"warn","category":"cron_system","location":"/etc/crontab","image":"cd","time":1791611950529,"caller":"/home/lakshy-sharma/Citadel/Workshop/vajra/workspace/src/internal/detect/autorun/autorun.go:202","message":"NEW AUTORUN DETECTED"}
{"level":"warn","category":"shell_profile","location":"/etc/bash.bashrc","image":"/etc/bash.bashrc","time":1791611950530,"caller":"/home/lakshy-sharma/Citadel/Workshop/vajra/workspace/src/internal/detect/autorun/autorun.go:202","message":"NEW AUTORUN DETECTED"}
{"level":"warn","category":"dbus","location":"/usr/share/dbus-1/services/org.gnome.keyring.service","image":"/usr/bin/gnome-keyring-daemon","time":1791611950531,"caller":"/home/lakshy-sharma/Citadel/Workshop/vajra/workspace/src/internal/detect/autorun/autorun.go:202","message":"NEW AUTORUN DETECTED"}
{"level":"warn","category":"systemd_system","location":"/usr/lib/systemd/system/fprintd.service","image":"/usr/libexec/fprintd","time":1791611950531,"caller":"/home/lakshy-sharma/Citadel/Workshop/vajra/workspace/src/internal/detect/autorun/autorun.go:202","message":"NEW AUTORUN DETECTED"}
{"level":"warn","category":"systemd_system","location":"/usr/lib/systemd/system/udisks2.service","image":"/usr/libexec/udisks2/udisksd","time":1791611950532,"caller":"/home/lakshy-sharma/Citadel/Workshop/vajra/workspace/src/internal/detect/autorun/autorun.go:202","message":"NEW AUTORUN DETECTED"}
{"level":"warn","category":"dbus","location":"/usr/share/dbus-1/services/org.gnome.baobab.service","image":"/usr/bin/baobab","time":1791611950533,"caller":"/home/lakshy-sharma/Citadel/Workshop/vajra/workspace/src/internal/detect/autorun/autorun.go:202","message":"NEW AUTORUN DETECTED"}
{"level":"warn","category":"systemd_system","location":"/usr/lib/systemd/system/systemd-rfkill.service","image":"/usr/lib/systemd/systemd-rfkill","time":1791611950533,"caller":"/home/lakshy-sharma/Citadel/Workshop/vajra/workspace/src/internal/detect/autorun/autorun.go:202","message":"NEW AUTORUN DETECTED"}
{"level":"warn","category":"systemd_system","location":"/usr/lib/systemd/system/systemd-udev-trigger.service","image":"-udevadm","time":1791611950534,"caller":"/home/lakshy-sharma/Citadel/Workshop/vajra/workspace/src/internal/detect/autorun/autorun.go:202","message":"NEW AUTORUN DETECTED"}
{"level":"warn","category":"dbus","location":"/usr/share/dbus-1/services/org.gnome.Identity.service","image":"/usr/libexec/goa-identity-service","time":1791611950535,"caller":"/home/lakshy-sharma/Citadel/Workshop/vajra/workspace/src/internal/detect/autorun/autorun.go:202","message":"NEW AUTORUN DETECTED"}
{"level":"warn","category":"dbus","location":"/usr/share/dbus-1/services/org.gnome.OnlineAccounts.service","image":"/usr/libexec/goa-daemon","time":1791611950535,"caller":"/home/lakshy-sharma/Citadel/Workshop/vajra/workspace/src/internal/detect/autorun/autorun.go:202","message":"NEW AUTORUN DETECTED"}
{"level":"warn","category":"systemd_system","location":"/usr/lib/systemd/system/systemd-ask-password-plymouth.service","image":"/usr/bin/systemd-tty-ask-password-agent","time":1791611950536,"caller":"/home/lakshy-sharma/Citadel/Workshop/vajra/workspace/src/internal/detect/autorun/autorun.go:202","message":"NEW AUTORUN DETECTED"}
{"level":"warn","category":"cron_system","location":"/etc/crontab","image":"test","time":1791611950537,"caller":"/home/lakshy-sharma/Citadel/Workshop/vajra/workspace/src/internal/detect/autorun/autorun.go:202","message":"NEW AUTORUN DETECTED"}
{"level":"warn","category":"shell_profile","location":"/etc/profile.d/cedilla-portuguese.sh","image":"/etc/profile.d/cedilla-portuguese.sh","time":1791611950537,"caller":"/home/lakshy-sharma/Citadel/Workshop/vajra/workspace/src/internal/detect/autorun/autorun.go:202","message":"NEW AUTORUN DETECTED"}
{"level":"warn","category":"dbus","location":"/usr/share/dbus-1/services/org.gnome.evolution.dataserver.Sources5.service","image":"/usr/libexec/evolution-source-registry","time":1791611950538,"caller":"/home/lakshy-sharma/Citadel/Workshop/vajra/workspace/src/internal/detect/autorun/autorun.go:202","message":"NEW AUTORUN DETECTED"}
{"level":"warn","category":"systemd_user","location":"/usr/lib/systemd/user/user-dirs-update-gtk.service","image":"/usr/bin/xdg-user-dirs-gtk-update","time":1791611950540,"caller":"/home/lakshy-sharma/Citadel/Workshop/vajra/workspace/src/internal/detect/autorun/autorun.go:202","message":"NEW AUTORUN DETECTED"}
{"level":"warn","category":"systemd_system","location":"/usr/lib/systemd/system/friendly-recovery.service","image":"-/lib/recovery-mode/recovery-menu","time":1791611950541,"caller":"/home/lakshy-sharma/Citadel/Workshop/vajra/workspace/src/internal/detect/autorun/autorun.go:202","message":"NEW AUTORUN DETECTED"}
{"level":"warn","category":"systemd_system","location":"/usr/lib/systemd/system/systemd-networkd.service","image":"/usr/lib/systemd/systemd-networkd","time":1791611950542,"caller":"/home/lakshy-sharma/Citadel/Workshop/vajra/workspace/src/internal/detect/autorun/autorun.go:202","message":"NEW AUTORUN DETECTED"}
{"level":"warn","category":"systemd_system","location":"/usr/lib/systemd/system/systemd-udev-load-credentials.service","image":"udevadm","time":1791611950542,"caller":"/home/lakshy-sharma/Citadel/Workshop/vajra/workspace/src/internal/detect/autorun/autorun.go:202","message":"NEW AUTORUN DETECTED"}
{"level":"warn","category":"sysv_init","location":"/etc/init.d","image":"/etc/init.d/saned","time":1791611950542,"caller":"/home/lakshy-sharma/Citadel/Workshop/vajra/workspace/src/internal/detect/autorun/autorun.go:202","message":"NEW AUTORUN DETECTED"}
{"level":"warn","category":"dbus","location":"/usr/share/dbus-1/services/org.gnome.evolution.dataserver.Calendar8.service","image":"/usr/libexec/evolution-calendar-factory","time":1791611950543,"caller":"/home/lakshy-sharma/Citadel/Workshop/vajra/workspace/src/internal/detect/autorun/autorun.go:202","message":"NEW AUTORUN DETECTED"}
{"level":"warn","category":"cron_system","location":"/etc/cron.d/anacron","image":"if","time":1791611950545,"caller":"/home/lakshy-sharma/Citadel/Workshop/vajra/workspace/src/internal/detect/autorun/autorun.go:202","message":"NEW AUTORUN DETECTED"}
{"level":"warn","category":"shell_profile","location":"/etc/profile.d/01-locale-fix.sh","image":"/etc/profile.d/01-locale-fix.sh","time":1791611950546,"caller":"/home/lakshy-sharma/Citadel/Workshop/vajra/workspace/src/internal/detect/autorun/autorun.go:202","message":"NEW AUTORUN DETECTED"}
{"level":"warn","category":"systemd_user","location":"/usr/lib/systemd/user/update-notifier-crash.service","image":"/usr/lib/update-notifier/update-notifier-crash","time":1791611950546,"caller":"/home/lakshy-sharma/Citadel/Workshop/vajra/workspace/src/internal/detect/autorun/autorun.go:202","message":"NEW AUTORUN DETECTED"}
{"level":"warn","category":"systemd_system","location":"/usr/lib/systemd/system/httpd@.service","image":"/usr/sbin/apachectl","time":1791611950547,"caller":"/home/lakshy-sharma/Citadel/Workshop/vajra/workspace/src/internal/detect/autorun/autorun.go:202","message":"NEW AUTORUN DETECTED"}
{"level":"warn","category":"systemd_system","location":"/usr/lib/systemd/system/initrd-udevadm-cleanup-db.service","image":"-udevadm","time":1791611950547,"caller":"/home/lakshy-sharma/Citadel/Workshop/vajra/workspace/src/internal/detect/autorun/autorun.go:202","message":"NEW AUTORUN DETECTED"}
{"level":"warn","category":"ld_preload","location":"/etc/ld.so.conf.d/zz_i386-biarch-compat.conf","image":"/etc/ld.so.conf.d/zz_i386-biarch-compat.conf","time":1791611950548,"caller":"/home/lakshy-sharma/Citadel/Workshop/vajra/workspace/src/internal/detect/autorun/autorun.go:202","message":"NEW AUTORUN DETECTED"}
{"level":"warn","category":"xdg_autostart","location":"/etc/xdg/autostart/org.gnome.SettingsDaemon.DiskUtilityNotify.desktop","image":"/usr/libexec/gsd-disk-utility-notify","time":1791611950562,"caller":"/home/lakshy-sharma/Citadel/Workshop/vajra/workspace/src/internal/detect/autorun/autorun.go:202","message":"NEW AUTORUN DETECTED"}
{"level":"warn","category":"systemd_system","location":"/usr/lib/systemd/system/snapd.seeded.service","image":"/usr/bin/snap","time":1791611950563,"caller":"/home/lakshy-sharma/Citadel/Workshop/vajra/workspace/src/internal/detect/autorun/autorun.go:202","message":"NEW AUTORUN DETECTED"}
{"level":"warn","category":"systemd_user","location":"/usr/lib/systemd/user/org.gnome.SettingsDaemon.Smartcard.service","image":"/usr/libexec/gsd-smartcard","time":1791611950563,"caller":"/home/lakshy-sharma/Citadel/Workshop/vajra/workspace/src/internal/detect/autorun/autorun.go:202","message":"NEW AUTORUN DETECTED"}
{"level":"warn","category":"systemd_system","location":"/usr/lib/systemd/system/upower.service","image":"/usr/libexec/upowerd","time":1791611950564,"caller":"/home/lakshy-sharma/Citadel/Workshop/vajra/workspace/src/internal/detect/autorun/autorun.go:202","message":"NEW AUTORUN DETECTED"}
{"level":"warn","category":"systemd_system","location":"/usr/lib/systemd/system/console-getty.service","image":"-/usr/sbin/agetty","time":1791611950569,"caller":"/home/lakshy-sharma/Citadel/Workshop/vajra/workspace/src/internal/detect/autorun/autorun.go:202","message":"NEW AUTORUN DETECTED"}
{"level":"warn","category":"systemd_system","location":"/usr/lib/systemd/system/plymouth-log.service","image":"-/usr/bin/plymouth","time":1791611950569,"caller":"/home/lakshy-sharma/Citadel/Workshop/vajra/workspace/src/internal/detect/autorun/autorun.go:202","message":"NEW AUTORUN DETECTED"}
{"level":"warn","category":"systemd_system","location":"/usr/lib/systemd/system/rescue.service","image":"-/usr/lib/systemd/systemd-sulogin-shell","time":1791611950569,"caller":"/home/lakshy-sharma/Citadel/Workshop/vajra/workspace/src/internal/detect/autorun/autorun.go:202","message":"NEW AUTORUN DETECTED"}
{"level":"warn","category":"systemd_system","location":"/usr/lib/systemd/system/sssd-pac.service","image":"/usr/libexec/sssd/sssd_pac","time":1791611950572,"caller":"/home/lakshy-sharma/Citadel/Workshop/vajra/workspace/src/internal/detect/autorun/autorun.go:202","message":"NEW AUTORUN DETECTED"}
{"level":"warn","category":"systemd_system","location":"/usr/lib/systemd/system/systemd-tpm2-clear.service","image":"/usr/lib/systemd/systemd-tpm2-clear","time":1791611950573,"caller":"/home/lakshy-sharma/Citadel/Workshop/vajra/workspace/src/internal/detect/autorun/autorun.go:202","message":"NEW AUTORUN DETECTED"}
{"level":"warn","category":"systemd_system","location":"/usr/lib/systemd/system/systemd-tpm2-setup.service","image":"/usr/lib/systemd/systemd-tpm2-setup","time":1791611950573,"caller":"/home/lakshy-sharma/Citadel/Workshop/vajra/workspace/src/internal/detect/autorun/autorun.go:202","message":"NEW AUTORUN DETECTED"}
{"level":"warn","category":"sysv_init","location":"/etc/init.d","image":"/etc/init.d/alsa-utils","time":1791611950574,"caller":"/home/lakshy-sharma/Citadel/Workshop/vajra/workspace/src/internal/detect/autorun/autorun.go:202","message":"NEW AUTORUN DETECTED"}
{"level":"warn","category":"systemd_system","location":"/usr/lib/systemd/system/dpkg-db-backup.service","image":"/usr/libexec/dpkg/dpkg-db-backup","time":1791611950575,"caller":"/home/lakshy-sharma/Citadel/Workshop/vajra/workspace/src/internal/detect/autorun/autorun.go:202","message":"NEW AUTORUN DETECTED"}
{"level":"warn","category":"systemd_system","location":"/usr/lib/systemd/system/brltty-udev.service","image":"/sbin/brltty","time":1791611950575,"caller":"/home/lakshy-sharma/Citadel/Workshop/vajra/workspace/src/internal/detect/autorun/autorun.go:202","message":"NEW AUTORUN DETECTED"}
{"level":"warn","category":"sysv_init","location":"/etc/init.d","image":"/etc/init.d/bluetooth","time":1791611950578,"caller":"/home/lakshy-sharma/Citadel/Workshop/vajra/workspace/src/internal/detect/autorun/autorun.go:202","message":"NEW AUTORUN DETECTED"}
{"level":"warn","category":"dbus","location":"/usr/share/dbus-1/services/ca.desrt.dconf.service","image":"/usr/libexec/dconf-service","time":1791611950578,"caller":"/home/lakshy-sharma/Citadel/Workshop/vajra/workspace/src/internal/detect/autorun/autorun.go:202","message":"NEW AUTORUN DETECTED"}
{"level":"warn","category":"dbus","location":"/usr/share/dbus-1/services/org.gnome.Characters.service","image":"/usr/bin/gnome-characters","time":1791611950579,"caller":"/home/lakshy-sharma/Citadel/Workshop/vajra/workspace/src/internal/detect/autorun/autorun.go:202","message":"NEW AUTORUN DETECTED"}
{"level":"warn","category":"shell_profile","location":"/etc/profile.d/xdg_dirs_desktop_session.sh","image":"/etc/profile.d/xdg_dirs_desktop_session.sh","time":1791611950581,"caller":"/home/lakshy-sharma/Citadel/Workshop/vajra/workspace/src/internal/detect/autorun/autorun.go:202","message":"NEW AUTORUN DETECTED"}
{"level":"warn","category":"dbus","location":"/usr/share/dbus-1/system-services/org.opensuse.CupsPkHelper.Mechanism.service","image":"/usr/libexec/cups-pk-helper-mechanism","time":1791611950582,"caller":"/home/lakshy-sharma/Citadel/Workshop/vajra/workspace/src/internal/detect/autorun/autorun.go:202","message":"NEW AUTORUN DETECTED"}
{"level":"warn","category":"systemd_system","location":"/usr/lib/systemd/system/systemd-creds@.service","image":"-systemd-creds","time":1791611950582,"caller":"/home/lakshy-sharma/Citadel/Workshop/vajra/workspace/src/internal/detect/autorun/autorun.go:202","message":"NEW AUTORUN DETECTED"}
{"level":"warn","category":"sysv_init","location":"/etc/init.d","image":"/etc/init.d/screen-cleanup","time":1791611950583,"caller":"/home/lakshy-sharma/Citadel/Workshop/vajra/workspace/src/internal/detect/autorun/autorun.go:202","message":"NEW AUTORUN DETECTED"}
{"level":"warn","category":"dbus","location":"/usr/share/dbus-1/services/org.gtk.vfs.Metadata.service","image":"/usr/libexec/gvfsd-metadata","time":1791611950583,"caller":"/home/lakshy-sharma/Citadel/Workshop/vajra/workspace/src/internal/detect/autorun/autorun.go:202","message":"NEW AUTORUN DETECTED"}
{"level":"warn","category":"systemd_user","location":"/usr/lib/systemd/user/launchpadlib-cache-clean.service","image":"find","time":1791611950584,"caller":"/home/lakshy-sharma/Citadel/Workshop/vajra/workspace/src/internal/detect/autorun/autorun.go:202","message":"NEW AUTORUN DETECTED"}
{"level":"warn","category":"systemd_system","location":"/usr/lib/systemd/system/sysstat-summary.service","image":"/usr/libexec/sysstat/sa2","time":1791611950585,"caller":"/home/lakshy-sharma/Citadel/Workshop/vajra/workspace/src/internal/detect/autorun/autorun.go:202","message":"NEW AUTORUN DETECTED"}
{"level":"warn","category":"systemd_user","location":"/usr/lib/systemd/user/org.gnome.Shell@.service","image":"/usr/bin/gnome-shell","time":1791611950586,"caller":"/home/lakshy-sharma/Citadel/Workshop/vajra/workspace/src/internal/detect/autorun/autorun.go:202","message":"NEW AUTORUN DETECTED"}
{"level":"warn","category":"dbus","location":"/usr/share/dbus-1/services/org.gnome.Rygel1.service","image":"/usr/bin/rygel","time":1791611950587,"caller":"/home/lakshy-sharma/Citadel/Workshop/vajra/workspace/src/internal/detect/autorun/autorun.go:202","message":"NEW AUTORUN DETECTED"}
{"level":"warn","category":"systemd_system","location":"/usr/lib/systemd/system/systemd-user-sessions.service","image":"/usr/lib/systemd/systemd-user-sessions","time":1791611950588,"caller":"/home/lakshy-sharma/Citadel/Workshop/vajra/workspace/src/internal/detect/autorun/autorun.go:202","message":"NEW AUTORUN DETECTED"}
{"level":"warn","category":"dbus","location":"/usr/share/dbus-1/services/org.gnome.Settings.service","image":"/usr/bin/gnome-control-center","time":1791611950588,"caller":"/home/lakshy-sharma/Citadel/Workshop/vajra/workspace/src/internal/detect/autorun/autorun.go:202","message":"NEW AUTORUN DETECTED"}
{"level":"warn","category":"systemd_system","location":"/usr/lib/systemd/system/gdm3.service","image":"/usr/sbin/gdm3","time":1791611950589,"caller":"/home/lakshy-sharma/Citadel/Workshop/vajra/workspace/src/internal/detect/autorun/autorun.go:202","message":"NEW AUTORUN DETECTED"}
{"level":"warn","category":"systemd_system","location":"/usr/lib/systemd/system/grub-initrd-fallback.service","image":"/usr/bin/grub-editenv","time":1791611950606,"caller":"/home/lakshy-sharma/Citadel/Workshop/vajra/workspace/src/internal/detect/autorun/autorun.go:202","message":"NEW AUTORUN DETECTED"}
{"level":"warn","category":"systemd_system","location":"/usr/lib/systemd/system/systemd-tmpfiles-setup-dev-early.service","image":"systemd-tmpfiles","time":1791611950608,"caller":"/home/lakshy-sharma/Citadel/Workshop/vajra/workspace/src/internal/detect/autorun/autorun.go:202","message":"NEW AUTORUN DETECTED"}
{"level":"warn","category":"sysv_init","location":"/etc/init.d","image":"/etc/init.d/uuidd","time":1791611950608,"caller":"/home/lakshy-sharma/Citadel/Workshop/vajra/workspace/src/internal/detect/autorun/autorun.go:202","message":"NEW AUTORUN DETECTED"}
{"level":"warn","category":"shell_profile","location":"/etc/profile.d/im-config_wayland.sh","image":"/etc/profile.d/im-config_wayland.sh","time":1791611950609,"caller":"/home/lakshy-sharma/Citadel/Workshop/vajra/workspace/src/internal/detect/autorun/autorun.go:202","message":"NEW AUTORUN DETECTED"}
{"level":"warn","category":"cron_system","location":"/etc/cron.daily","image":"/etc/cron.daily/man-db","time":1791611950609,"caller":"/home/lakshy-sharma/Citadel/Workshop/vajra/workspace/src/internal/detect/autorun/autorun.go:202","message":"NEW AUTORUN DETECTED"}
{"level":"warn","category":"sysv_init","location":"/etc/init.d","image":"/etc/init.d/whoopsie","time":1791611950610,"caller":"/home/lakshy-sharma/Citadel/Workshop/vajra/workspace/src/internal/detect/autorun/autorun.go:202","message":"NEW AUTORUN DETECTED"}
{"level":"warn","category":"systemd_system","location":"/usr/lib/systemd/system/dracut-pre-udev.service","image":"-/usr/bin/dracut-pre-udev","time":1791611950610,"caller":"/home/lakshy-sharma/Citadel/Workshop/vajra/workspace/src/internal/detect/autorun/autorun.go:202","message":"NEW AUTORUN DETECTED"}
{"level":"warn","category":"systemd_system","location":"/usr/lib/systemd/system/systemd-volatile-root.service","image":"/usr/lib/systemd/systemd-volatile-root","time":1791611950611,"caller":"/home/lakshy-sharma/Citadel/Workshop/vajra/workspace/src/internal/detect/autorun/autorun.go:202","message":"NEW AUTORUN DETECTED"}
{"level":"warn","category":"sysv_init","location":"/etc/init.d","image":"/etc/init.d/anacron","time":1791611950611,"caller":"/home/lakshy-sharma/Citadel/Workshop/vajra/workspace/src/internal/detect/autorun/autorun.go:202","message":"NEW AUTORUN DETECTED"}
{"level":"warn","category":"systemd_user","location":"/usr/lib/systemd/user/dirmngr.service","image":"/usr/bin/dirmngr","time":1791611950612,"caller":"/home/lakshy-sharma/Citadel/Workshop/vajra/workspace/src/internal/detect/autorun/autorun.go:202","message":"NEW AUTORUN DETECTED"}
{"level":"warn","category":"systemd_user","location":"/usr/lib/systemd/user/org.gnome.SettingsDaemon.PrintNotifications.service","image":"/usr/libexec/gsd-print-notifications","time":1791611950617,"caller":"/home/lakshy-sharma/Citadel/Workshop/vajra/workspace/src/internal/detect/autorun/autorun.go:202","message":"NEW AUTORUN DETECTED"}
{"level":"warn","category":"systemd_user","location":"/usr/lib/systemd/user/xdg-user-dirs.service","image":"/usr/bin/xdg-user-dirs-update","time":1791611950619,"caller":"/home/lakshy-sharma/Citadel/Workshop/vajra/workspace/src/internal/detect/autorun/autorun.go:202","message":"NEW AUTORUN DETECTED"}
{"level":"warn","category":"systemd_system","location":"/usr/lib/systemd/system/chrony-dnssrv@.service","image":"/usr/libexec/chrony/chrony-helper","time":1791611950620,"caller":"/home/lakshy-sharma/Citadel/Workshop/vajra/workspace/src/internal/detect/autorun/autorun.go:202","message":"NEW AUTORUN DETECTED"}
{"level":"warn","category":"systemd_system","location":"/usr/lib/systemd/system/chrony-wait.service","image":"/usr/bin/chronyc","time":1791611950620,"caller":"/home/lakshy-sharma/Citadel/Workshop/vajra/workspace/src/internal/detect/autorun/autorun.go:202","message":"NEW AUTORUN DETECTED"}
{"level":"warn","category":"systemd_system","location":"/usr/lib/systemd/system/kmod-static-nodes.service","image":"/usr/bin/kmod","time":1791611950621,"caller":"/home/lakshy-sharma/Citadel/Workshop/vajra/workspace/src/internal/detect/autorun/autorun.go:202","message":"NEW AUTORUN DETECTED"}
{"level":"warn","category":"systemd_user","location":"/usr/lib/systemd/user/gnome-initial-setup.service","image":"/usr/libexec/gnome-initial-setup-wrapper","time":1791611950622,"caller":"/home/lakshy-sharma/Citadel/Workshop/vajra/workspace/src/internal/detect/autorun/autorun.go:202","message":"NEW AUTORUN DETECTED"}
{"level":"warn","category":"systemd_system","location":"/usr/lib/systemd/system/systemd-logind.service","image":"/usr/lib/systemd/systemd-logind","time":1791611950622,"caller":"/home/lakshy-sharma/Citadel/Workshop/vajra/workspace/src/internal/detect/autorun/autorun.go:202","message":"NEW AUTORUN DETECTED"}
{"level":"warn","category":"systemd_system","location":"/usr/lib/systemd/system/systemd-validatefs@.service","image":"/usr/lib/systemd/systemd-validatefs","time":1791611950623,"caller":"/home/lakshy-sharma/Citadel/Workshop/vajra/workspace/src/internal/detect/autorun/autorun.go:202","message":"NEW AUTORUN DETECTED"}
{"level":"warn","category":"anacron","location":"/etc/anacrontab","image":"/etc/cron.yearly","time":1791611950623,"caller":"/home/lakshy-sharma/Citadel/Workshop/vajra/workspace/src/internal/detect/autorun/autorun.go:202","message":"NEW AUTORUN DETECTED"}
{"level":"warn","category":"systemd_system","location":"/usr/lib/systemd/system/systemd-sysext@.service","image":"-systemd-sysext","time":1791611950624,"caller":"/home/lakshy-sharma/Citadel/Workshop/vajra/workspace/src/internal/detect/autorun/autorun.go:202","message":"NEW AUTORUN DETECTED"}
{"level":"warn","category":"systemd_system","location":"/usr/lib/systemd/system/plymouth.service","image":"-/usr/bin/plymouth","time":1791611950624,"caller":"/home/lakshy-sharma/Citadel/Workshop/vajra/workspace/src/internal/detect/autorun/autorun.go:202","message":"NEW AUTORUN DETECTED"}
{"level":"warn","category":"systemd_system","location":"/usr/lib/systemd/system/systemd-backlight@.service","image":"/usr/lib/systemd/systemd-backlight","time":1791611950624,"caller":"/home/lakshy-sharma/Citadel/Workshop/vajra/workspace/src/internal/detect/autorun/autorun.go:202","message":"NEW AUTORUN DETECTED"}
{"level":"warn","category":"systemd_system","location":"/usr/lib/systemd/system/systemd-random-seed.service","image":"/usr/lib/systemd/systemd-random-seed","time":1791611950625,"caller":"/home/lakshy-sharma/Citadel/Workshop/vajra/workspace/src/internal/detect/autorun/autorun.go:202","message":"NEW AUTORUN DETECTED"}
{"level":"warn","category":"systemd_system","location":"/usr/lib/systemd/system/fwupd-refresh.service","image":"/usr/bin/fwupdmgr","time":1791611950625,"caller":"/home/lakshy-sharma/Citadel/Workshop/vajra/workspace/src/internal/detect/autorun/autorun.go:202","message":"NEW AUTORUN DETECTED"}
{"level":"warn","category":"cron_system","location":"/etc/cron.daily","image":"/etc/cron.daily/apport","time":1791611950626,"caller":"/home/lakshy-sharma/Citadel/Workshop/vajra/workspace/src/internal/detect/autorun/autorun.go:202","message":"NEW AUTORUN DETECTED"}
{"level":"warn","category":"xdg_autostart","location":"/etc/xdg/autostart/org.gnome.Evolution-alarm-notify.desktop","image":"/usr/libexec/evolution-data-server/evolution-alarm-notify","time":1791611950626,"caller":"/home/lakshy-sharma/Citadel/Workshop/vajra/workspace/src/internal/detect/autorun/autorun.go:202","message":"NEW AUTORUN DETECTED"}
{"level":"warn","category":"systemd_user","location":"/usr/lib/systemd/user/orca.service","image":"orca","time":1791611950627,"caller":"/home/lakshy-sharma/Citadel/Workshop/vajra/workspace/src/internal/detect/autorun/autorun.go:202","message":"NEW AUTORUN DETECTED"}
{"level":"warn","category":"systemd_system","location":"/usr/lib/systemd/system/cups.service","image":"/usr/sbin/cupsd","time":1791611950627,"caller":"/home/lakshy-sharma/Citadel/Workshop/vajra/workspace/src/internal/detect/autorun/autorun.go:202","message":"NEW AUTORUN DETECTED"}
{"level":"warn","category":"sysv_init","location":"/etc/init.d","image":"/etc/init.d/docker","time":1791611950641,"caller":"/home/lakshy-sharma/Citadel/Workshop/vajra/workspace/src/internal/detect/autorun/autorun.go:202","message":"NEW AUTORUN DETECTED"}
{"level":"warn","category":"xdg_autostart","location":"/etc/xdg/autostart/geoclue-demo-agent.desktop","image":"/usr/libexec/geoclue-2.0/demos/agent","time":1791611950651,"caller":"/home/lakshy-sharma/Citadel/Workshop/vajra/workspace/src/internal/detect/autorun/autorun.go:202","message":"NEW AUTORUN DETECTED"}
{"level":"warn","category":"systemd_user","location":"/usr/lib/systemd/user/org.gnome.SettingsDaemon.Sharing.service","image":"/usr/libexec/gsd-sharing","time":1791611950653,"caller":"/home/lakshy-sharma/Citadel/Workshop/vajra/workspace/src/internal/detect/autorun/autorun.go:202","message":"NEW AUTORUN DETECTED"}
{"level":"warn","category":"systemd_system","location":"/usr/lib/systemd/system/systemd-oomd.service","image":"/usr/lib/systemd/systemd-oomd","time":1791611950654,"caller":"/home/lakshy-sharma/Citadel/Workshop/vajra/workspace/src/internal/detect/autorun/autorun.go:202","message":"NEW AUTORUN DETECTED"}
{"level":"warn","pid":12240,"process":"Isolated Web Co","addr":2319476736000,"prot":7,"time":1791611950658,"caller":"/home/lakshy-sharma/Citadel/Workshop/vajra/workspace/src/internal/watcher/eventsink.go:198","message":"event sink: W^X memory mapping"}
{"level":"warn","category":"systemd_system","location":"/usr/lib/systemd/system/rsyslog.service","image":"/usr/sbin/rsyslogd","time":1791611950671,"caller":"/home/lakshy-sharma/Citadel/Workshop/vajra/workspace/src/internal/detect/autorun/autorun.go:202","message":"NEW AUTORUN DETECTED"}
{"level":"warn","category":"systemd_system","location":"/usr/lib/systemd/system/quotaon-root.service","image":"/usr/sbin/quotaon","time":1791611950672,"caller":"/home/lakshy-sharma/Citadel/Workshop/vajra/workspace/src/internal/detect/autorun/autorun.go:202","message":"NEW AUTORUN DETECTED"}
{"level":"warn","category":"sysv_init","location":"/etc/init.d","image":"/etc/init.d/plymouth-log","time":1791611950672,"caller":"/home/lakshy-sharma/Citadel/Workshop/vajra/workspace/src/internal/detect/autorun/autorun.go:202","message":"NEW AUTORUN DETECTED"}
{"level":"warn","category":"systemd_system","location":"/usr/lib/systemd/system/initrd-switch-root.service","image":"systemctl","time":1791611950672,"caller":"/home/lakshy-sharma/Citadel/Workshop/vajra/workspace/src/internal/detect/autorun/autorun.go:202","message":"NEW AUTORUN DETECTED"}
{"level":"warn","category":"systemd_user","location":"/usr/lib/systemd/user/gcr-ssh-agent.service","image":"/usr/libexec/gcr-ssh-agent","time":1791611950673,"caller":"/home/lakshy-sharma/Citadel/Workshop/vajra/workspace/src/internal/detect/autorun/autorun.go:202","message":"NEW AUTORUN DETECTED"}
{"level":"warn","category":"systemd_system","location":"/usr/lib/systemd/system/bluetooth.service","image":"/usr/libexec/bluetooth/bluetoothd","time":1791611950676,"caller":"/home/lakshy-sharma/Citadel/Workshop/vajra/workspace/src/internal/detect/autorun/autorun.go:202","message":"NEW AUTORUN DETECTED"}
{"level":"warn","category":"systemd_system","location":"/usr/lib/systemd/system/container-getty@.service","image":"-/usr/sbin/agetty","time":1791611950676,"caller":"/home/lakshy-sharma/Citadel/Workshop/vajra/workspace/src/internal/detect/autorun/autorun.go:202","message":"NEW AUTORUN DETECTED"}
{"level":"warn","pid":344422,"process":"DOM Worker","addr":8400062996480,"prot":7,"time":1791611954439,"caller":"/home/lakshy-sharma/Citadel/Workshop/vajra/workspace/src/internal/watcher/eventsink.go:198","message":"event sink: W^X memory mapping"}
{"level":"warn","pid":12254,"exe":"/snap/firefox/8995/usr/lib/firefox/firefox","key":"LD_PRELOAD","value":"libmozsandbox.so","time":1791611954524,"caller":"/home/lakshy-sharma/Citadel/Workshop/vajra/workspace/src/internal/analyzer/ldpreload.go:86","message":"ldpreload: non-standard library path"}
{"level":"warn","pid":12254,"process":"Isolated Web Co","addr":4862719270912,"prot":7,"time":1791611954548,"caller":"/home/lakshy-sharma/Citadel/Workshop/vajra/workspace/src/internal/watcher/eventsink.go:198","message":"event sink: W^X memory mapping"}
{"level":"warn","pid":12254,"process":"Isolated Web Co","addr":4862719729664,"prot":7,"time":1791611954563,"caller":"/home/lakshy-sharma/Citadel/Workshop/vajra/workspace/src/internal/watcher/eventsink.go:198","message":"event sink: W^X memory mapping"}
{"level":"warn","exe":"/snap/firefox/8995/usr/lib/firefox/firefox","comm":"TaskCon~ller #2","pid":12254,"severity":"HIGH","rule":"ld_preload","time":1791611954571,"caller":"/home/lakshy-sharma/Citadel/Workshop/vajra/workspace/src/internal/watcher/processscanner.go:184","message":"PROCESS DETECTION"}
{"level":"warn","pid":12254,"process":"Isolated Web Co","addr":4862719795200,"prot":7,"time":1791611954572,"caller":"/home/lakshy-sharma/Citadel/Workshop/vajra/workspace/src/internal/watcher/eventsink.go:198","message":"event sink: W^X memory mapping"}
{"level":"warn","pid":12254,"process":"Isolated Web Co","addr":4862719467520,"prot":7,"time":1791611954572,"caller":"/home/lakshy-sharma/Citadel/Workshop/vajra/workspace/src/internal/watcher/eventsink.go:198","message":"event sink: W^X memory mapping"}
{"level":"warn","pid":12254,"process":"Isolated Web Co","addr":4862719598592,"prot":7,"time":1791611954572,"caller":"/home/lakshy-sharma/Citadel/Workshop/vajra/workspace/src/internal/watcher/eventsink.go:198","message":"event sink: W^X memory mapping"}
{"level":"warn","pid":12254,"process":"Isolated Web Co","addr":4862719860736,"prot":7,"time":1791611954572,"caller":"/home/lakshy-sharma/Citadel/Workshop/vajra/workspace/src/internal/watcher/eventsink.go:198","message":"event sink: W^X memory mapping"}
{"level":"warn","pid":12254,"process":"Isolated Web Co","addr":4862719926272,"prot":7,"time":1791611954572,"caller":"/home/lakshy-sharma/Citadel/Workshop/vajra/workspace/src/internal/watcher/eventsink.go:198","message":"event sink: W^X memory mapping"}
{"level":"warn","pid":12254,"process":"Isolated Web Co","addr":4862720057344,"prot":7,"time":1791611954573,"caller":"/home/lakshy-sharma/Citadel/Workshop/vajra/workspace/src/internal/watcher/eventsink.go:198","message":"event sink: W^X memory mapping"}
{"level":"warn","pid":12254,"process":"Isolated Web Co","addr":4862719991808,"prot":7,"time":1791611954573,"caller":"/home/lakshy-sharma/Citadel/Workshop/vajra/workspace/src/internal/watcher/eventsink.go:198","message":"event sink: W^X memory mapping"}
{"level":"warn","pid":12254,"process":"Isolated Web Co","addr":4862720712704,"prot":7,"time":1791611954573,"caller":"/home/lakshy-sharma/Citadel/Workshop/vajra/workspace/src/internal/watcher/eventsink.go:198","message":"event sink: W^X memory mapping"}
{"level":"warn","pid":12254,"process":"Isolated Web Co","addr":4862720778240,"prot":7,"time":1791611954573,"caller":"/home/lakshy-sharma/Citadel/Workshop/vajra/workspace/src/internal/watcher/eventsink.go:198","message":"event sink: W^X memory mapping"}
{"level":"warn","pid":12254,"process":"Isolated Web Co","addr":4862720909312,"prot":7,"time":1791611954573,"caller":"/home/lakshy-sharma/Citadel/Workshop/vajra/workspace/src/internal/watcher/eventsink.go:198","message":"event sink: W^X memory mapping"}
{"level":"warn","pid":12254,"process":"Isolated Web Co","addr":4862721040384,"prot":7,"time":1791611954574,"caller":"/home/lakshy-sharma/Citadel/Workshop/vajra/workspace/src/internal/watcher/eventsink.go:198","message":"event sink: W^X memory mapping"}
{"level":"warn","pid":12254,"process":"Isolated Web Co","addr":4862721171456,"prot":7,"time":1791611954574,"caller":"/home/lakshy-sharma/Citadel/Workshop/vajra/workspace/src/internal/watcher/eventsink.go:198","message":"event sink: W^X memory mapping"}
{"level":"warn","pid":12254,"process":"Isolated Web Co","addr":4862721236992,"prot":7,"time":1791611954587,"caller":"/home/lakshy-sharma/Citadel/Workshop/vajra/workspace/src/internal/watcher/eventsink.go:198","message":"event sink: W^X memory mapping"}
{"level":"warn","pid":12254,"process":"Isolated Web Co","addr":4862721368064,"prot":7,"time":1791611954591,"caller":"/home/lakshy-sharma/Citadel/Workshop/vajra/workspace/src/internal/watcher/eventsink.go:198","message":"event sink: W^X memory mapping"}
{"level":"warn","pid":12254,"process":"Isolated Web Co","addr":4862721499136,"prot":7,"time":1791611954650,"caller":"/home/lakshy-sharma/Citadel/Workshop/vajra/workspace/src/internal/watcher/eventsink.go:198","message":"event sink: W^X memory mapping"}
{"level":"warn","pid":12254,"process":"Isolated Web Co","addr":4862721564672,"prot":7,"time":1791611954650,"caller":"/home/lakshy-sharma/Citadel/Workshop/vajra/workspace/src/internal/watcher/eventsink.go:198","message":"event sink: W^X memory mapping"}
{"level":"warn","pid":12254,"process":"Isolated Web Co","addr":4862721695744,"prot":7,"time":1791611954686,"caller":"/home/lakshy-sharma/Citadel/Workshop/vajra/workspace/src/internal/watcher/eventsink.go:198","message":"event sink: W^X memory mapping"}
{"level":"warn","pid":12254,"process":"Isolated Web Co","addr":4862721826816,"prot":7,"time":1791611954705,"caller":"/home/lakshy-sharma/Citadel/Workshop/vajra/workspace/src/internal/watcher/eventsink.go:198","message":"event sink: W^X memory mapping"}
{"level":"warn","pid":12254,"process":"Isolated Web Co","addr":4862721957888,"prot":7,"time":1791611954749,"caller":"/home/lakshy-sharma/Citadel/Workshop/vajra/workspace/src/internal/watcher/eventsink.go:198","message":"event sink: W^X memory mapping"}
{"level":"warn","pid":12254,"process":"Isolated Web Co","addr":4862722023424,"prot":7,"time":1791611954750,"caller":"/home/lakshy-sharma/Citadel/Workshop/vajra/workspace/src/internal/watcher/eventsink.go:198","message":"event sink: W^X memory mapping"}
{"level":"warn","pid":12254,"process":"Isolated Web Co","addr":4862722220032,"prot":7,"time":1791611954750,"caller":"/home/lakshy-sharma/Citadel/Workshop/vajra/workspace/src/internal/watcher/eventsink.go:198","message":"event sink: W^X memory mapping"}
{"level":"warn","pid":12254,"process":"Isolated Web Co","addr":4862722285568,"prot":7,"time":1791611954751,"caller":"/home/lakshy-sharma/Citadel/Workshop/vajra/workspace/src/internal/watcher/eventsink.go:198","message":"event sink: W^X memory mapping"}
{"level":"warn","pid":12254,"process":"Isolated Web Co","addr":4862722416640,"prot":7,"time":1791611955026,"caller":"/home/lakshy-sharma/Citadel/Workshop/vajra/workspace/src/internal/watcher/eventsink.go:198","message":"event sink: W^X memory mapping"}
{"level":"warn","pid":12254,"process":"Isolated Web Co","addr":4862722482176,"prot":7,"time":1791611955084,"caller":"/home/lakshy-sharma/Citadel/Workshop/vajra/workspace/src/internal/watcher/eventsink.go:198","message":"event sink: W^X memory mapping"}
{"level":"warn","pid":12254,"process":"Isolated Web Co","addr":4862722547712,"prot":7,"time":1791611955084,"caller":"/home/lakshy-sharma/Citadel/Workshop/vajra/workspace/src/internal/watcher/eventsink.go:198","message":"event sink: W^X memory mapping"}
{"level":"warn","pid":12254,"process":"Isolated Web Co","addr":4862722678784,"prot":7,"time":1791611955097,"caller":"/home/lakshy-sharma/Citadel/Workshop/vajra/workspace/src/internal/watcher/eventsink.go:198","message":"event sink: W^X memory mapping"}
{"level":"warn","pid":12254,"process":"Isolated Web Co","addr":4862722809856,"prot":7,"time":1791611955143,"caller":"/home/lakshy-sharma/Citadel/Workshop/vajra/workspace/src/internal/watcher/eventsink.go:198","message":"event sink: W^X memory mapping"}
{"level":"warn","pid":12254,"process":"DOM Worker","addr":4862722940928,"prot":7,"time":1791611955144,"caller":"/home/lakshy-sharma/Citadel/Workshop/vajra/workspace/src/internal/watcher/eventsink.go:198","message":"event sink: W^X memory mapping"}
{"level":"warn","pid":12254,"process":"DOM Worker","addr":4862723006464,"prot":7,"time":1791611955144,"caller":"/home/lakshy-sharma/Citadel/Workshop/vajra/workspace/src/internal/watcher/eventsink.go:198","message":"event sink: W^X memory mapping"}
{"level":"warn","pid":12254,"process":"DOM Worker","addr":4862723072000,"prot":7,"time":1791611955144,"caller":"/home/lakshy-sharma/Citadel/Workshop/vajra/workspace/src/internal/watcher/eventsink.go:198","message":"event sink: W^X memory mapping"}
{"level":"warn","pid":12254,"process":"Isolated Web Co","addr":4862723203072,"prot":7,"time":1791611955548,"caller":"/home/lakshy-sharma/Citadel/Workshop/vajra/workspace/src/internal/watcher/eventsink.go:198","message":"event sink: W^X memory mapping"}
{"level":"info","hashes":0,"elapsed":"12s","output":"./deb_skel/opt/vajra/database/hashes.bloom","time":1791611957552,"caller":"/home/lakshy-sharma/Citadel/Workshop/vajra/workspace/src/internal/job/hashsync.go:107","message":"hash syncer: sync complete"}
{"level":"warn","pid":344422,"process":"DOM Worker","addr":8400062996480,"prot":7,"time":1791611958641,"caller":"/home/lakshy-sharma/Citadel/Workshop/vajra/workspace/src/internal/watcher/eventsink.go:198","message":"event sink: W^X memory mapping"}
{"level":"warn","rule":"generic-password","path":"/home/lakshy-sharma/.config/Slack/Service Worker/CacheStorage/4c237d5e33167c88df3e45d9c8b59fdd4d727472/4c6aa191-8b03-4ee9-a7dd-fa2fe93bb1b9/9e5768b537c28b8c_0","line":702,"confidence":"medium","severity":"HIGH","time":1791611959022,"caller":"/home/lakshy-sharma/Citadel/Workshop/vajra/workspace/src/internal/detect/secrets.go:231","message":"SECRET DETECTED"}
{"level":"warn","pid":12254,"process":"Isolated Web Co","addr":4862723399680,"prot":7,"time":1791611959406,"caller":"/home/lakshy-sharma/Citadel/Workshop/vajra/workspace/src/internal/watcher/eventsink.go:198","message":"event sink: W^X memory mapping"}
{"level":"warn","pid":12254,"process":"Isolated Web Co","addr":4862723465216,"prot":7,"time":1791611959406,"caller":"/home/lakshy-sharma/Citadel/Workshop/vajra/workspace/src/internal/watcher/eventsink.go:198","message":"event sink: W^X memory mapping"}
{"level":"warn","pid":12254,"process":"Isolated Web Co","addr":4862723596288,"prot":7,"time":1791611959407,"caller":"/home/lakshy-sharma/Citadel/Workshop/vajra/workspace/src/internal/watcher/eventsink.go:198","message":"event sink: W^X memory mapping"}
{"level":"warn","pid":12254,"process":"Isolated Web Co","addr":4862723661824,"prot":7,"time":1791611959427,"caller":"/home/lakshy-sharma/Citadel/Workshop/vajra/workspace/src/internal/watcher/eventsink.go:198","message":"event sink: W^X memory mapping"}
{"level":"warn","pid":12254,"process":"DOM Worker","addr":4862722940928,"prot":7,"time":1791611961405,"caller":"/home/lakshy-sharma/Citadel/Workshop/vajra/workspace/src/internal/watcher/eventsink.go:198","message":"event sink: W^X memory mapping"}
{"level":"warn","pid":12254,"process":"DOM Worker","addr":4862723072000,"prot":7,"time":1791611961407,"caller":"/home/lakshy-sharma/Citadel/Workshop/vajra/workspace/src/internal/watcher/eventsink.go:198","message":"event sink: W^X memory mapping"}
{"level":"warn","pid":12254,"process":"DOM Worker","addr":4862723268608,"prot":7,"time":1791611961410,"caller":"/home/lakshy-sharma/Citadel/Workshop/vajra/workspace/src/internal/watcher/eventsink.go:198","message":"event sink: W^X memory mapping"}
{"level":"warn","pid":12254,"process":"DOM Worker","addr":4862723530752,"prot":7,"time":1791611961442,"caller":"/home/lakshy-sharma/Citadel/Workshop/vajra/workspace/src/internal/watcher/eventsink.go:198","message":"event sink: W^X memory mapping"}
{"level":"warn","pid":12254,"process":"DOM Worker","addr":4862723727360,"prot":7,"time":1791611961479,"caller":"/home/lakshy-sharma/Citadel/Workshop/vajra/workspace/src/internal/watcher/eventsink.go:198","message":"event sink: W^X memory mapping"}
{"level":"warn","pid":528,"process":"systemd-resolve","dst":"192.168.0.1","dst_port":53,"time":1791611961653,"caller":"/home/lakshy-sharma/Citadel/Workshop/vajra/workspace/src/internal/watcher/eventsink.go:127","message":"event sink: high-value network connection"}
{"level":"warn","pid":6393,"process":"NetworkManager","dst":"2620:2d:4002:1::1061","dst_port":80,"time":1791611961677,"caller":"/home/lakshy-sharma/Citadel/Workshop/vajra/workspace/src/internal/watcher/eventsink.go:127","message":"event sink: high-value network connection"}
{"level":"warn","pid":6393,"process":"NetworkManager","dst":"2620:2d:4002:1::1062","dst_port":80,"time":1791611961691,"caller":"/home/lakshy-sharma/Citadel/Workshop/vajra/workspace/src/internal/watcher/eventsink.go:127","message":"event sink: high-value network connection"}
{"level":"warn","pid":6393,"process":"NetworkManager","dst":"2620:2d:4002:1::1064","dst_port":80,"time":1791611961694,"caller":"/home/lakshy-sharma/Citadel/Workshop/vajra/workspace/src/internal/watcher/eventsink.go:127","message":"event sink: high-value network connection"}
{"level":"warn","pid":6393,"process":"NetworkManager","dst":"2620:2d:4000:1::1099","dst_port":80,"time":1791611961698,"caller":"/home/lakshy-sharma/Citadel/Workshop/vajra/workspace/src/internal/watcher/eventsink.go:127","message":"event sink: high-value network connection"}
{"level":"warn","pid":6393,"process":"NetworkManager","dst":"2620:2d:4000:1::1100","dst_port":80,"time":1791611961712,"caller":"/home/lakshy-sharma/Citadel/Workshop/vajra/workspace/src/internal/watcher/eventsink.go:127","message":"event sink: high-value network connection"}
{"level":"warn","pid":6393,"process":"NetworkManager","dst":"2620:2d:4000:1::1101","dst_port":80,"time":1791611961713,"caller":"/home/lakshy-sharma/Citadel/Workshop/vajra/workspace/src/internal/watcher/eventsink.go:127","message":"event sink: high-value network connection"}
{"level":"warn","pid":6393,"process":"NetworkManager","dst":"2620:2d:4002:1::196","dst_port":80,"time":1791611961714,"caller":"/home/lakshy-sharma/Citadel/Workshop/vajra/workspace/src/internal/watcher/eventsink.go:127","message":"event sink: high-value network connection"}
{"level":"warn","pid":6393,"process":"NetworkManager","dst":"2620:2d:4002:1::197","dst_port":80,"time":1791611961715,"caller":"/home/lakshy-sharma/Citadel/Workshop/vajra/workspace/src/internal/watcher/eventsink.go:127","message":"event sink: high-value network connection"}
{"level":"warn","pid":6393,"process":"NetworkManager","dst":"2620:2d:4002:1::198","dst_port":80,"time":1791611961715,"caller":"/home/lakshy-sharma/Citadel/Workshop/vajra/workspace/src/internal/watcher/eventsink.go:127","message":"event sink: high-value network connection"}
{"level":"warn","pid":6393,"process":"NetworkManager","dst":"2620:2d:4002:1::1057","dst_port":80,"time":1791611961715,"caller":"/home/lakshy-sharma/Citadel/Workshop/vajra/workspace/src/internal/watcher/eventsink.go:127","message":"event sink: high-value network connection"}
{"level":"warn","pid":6393,"process":"NetworkManager","dst":"2620:2d:4002:1::1058","dst_port":80,"time":1791611961728,"caller":"/home/lakshy-sharma/Citadel/Workshop/vajra/workspace/src/internal/watcher/eventsink.go:127","message":"event sink: high-value network connection"}
{"level":"warn","pid":6393,"process":"NetworkManager","dst":"2620:2d:4002:1::1060","dst_port":80,"time":1791611961728,"caller":"/home/lakshy-sharma/Citadel/Workshop/vajra/workspace/src/internal/watcher/eventsink.go:127","message":"event sink: high-value network connection"}
{"level":"info","pids_found":403,"scanned":120,"skipped":283,"detections":0,"elapsed":"17.841s","time":1791611963369,"caller":"/home/lakshy-sharma/Citadel/Workshop/vajra/workspace/src/internal/detect/procwalk.go:94","message":"procwalk: complete"}
{"level":"warn","rule":"generic-password","path":"/home/lakshy-sharma/.vscode/extensions/ms-python.vscode-pylance-2026.3.1/dist/typeshed-fallback/stubs/pony/pony/orm/examples/estore.pyi","line":10,"confidence":"medium","severity":"HIGH","time":1791611963807,"caller":"/home/lakshy-sharma/Citadel/Workshop/vajra/workspace/src/internal/detect/secrets.go:231","message":"SECRET DETECTED"}
{"level":"warn","rule":"generic-password","path":"/home/lakshy-sharma/.vscode/extensions/ms-python.vscode-pylance-2026.3.1/dist/typeshed-fallback/stubs/boltons/boltons/urlutils.pyi","line":32,"confidence":"medium","severity":"HIGH","time":1791611963955,"caller":"/home/lakshy-sharma/Citadel/Workshop/vajra/workspace/src/internal/detect/secrets.go:231","message":"SECRET DETECTED"}
{"level":"warn","rule":"generic-password","path":"/home/lakshy-sharma/.vscode/extensions/ms-python.vscode-pylance-2026.3.1/dist/typeshed-fallback/stubs/PyMySQL/pymysql/connections.pyi","line":42,"confidence":"medium","severity":"HIGH","time":1791611964186,"caller":"/home/lakshy-sharma/Citadel/Workshop/vajra/workspace/src/internal/detect/secrets.go:231","message":"SECRET DETECTED"}
{"level":"warn","pid":12240,"process":"Isolated Web Co","addr":2319476867072,"prot":7,"time":1791611964594,"caller":"/home/lakshy-sharma/Citadel/Workshop/vajra/workspace/src/internal/watcher/eventsink.go:198","message":"event sink: W^X memory mapping"}
{"level":"warn","rule":"brave-search-api-key","path":"/home/lakshy-sharma/Citadel/Workshop/internships/coursera_opencv_face_recognition/Mini_Project.html","line":13268,"confidence":"high","severity":"CRITICAL","time":1791611965111,"caller":"/home/lakshy-sharma/Citadel/Workshop/vajra/workspace/src/internal/detect/secrets.go:231","message":"SECRET DETECTED"}
{"level":"warn","pid":344422,"process":"DOM Worker","addr":8400063062016,"prot":7,"time":1791611965661,"caller":"/home/lakshy-sharma/Citadel/Workshop/vajra/workspace/src/internal/watcher/eventsink.go:198","message":"event sink: W^X memory mapping"}
{"level":"warn","rule":"generic-password","path":"/home/lakshy-sharma/.nvm/versions/node/v24.14.1/bin/node","line":186571,"confidence":"medium","severity":"HIGH","time":1791611966556,"caller":"/home/lakshy-sharma/Citadel/Workshop/vajra/workspace/src/internal/detect/secrets.go:231","message":"SECRET DETECTED"}
{"level":"warn","pid":6345,"process":"chronyd","dst":"91.189.91.113","dst_port":123,"time":1791611966758,"caller":"/home/lakshy-sharma/Citadel/Workshop/vajra/workspace/src/internal/watcher/eventsink.go:127","message":"event sink: high-value network connection"}
{"level":"warn","pid":344422,"process":"DOM Worker","addr":8400063062016,"prot":7,"time":1791611967006,"caller":"/home/lakshy-sharma/Citadel/Workshop/vajra/workspace/src/internal/watcher/eventsink.go:198","message":"event sink: W^X memory mapping"}
{"level":"warn","rule":"generic-password","path":"/home/lakshy-sharma/Citadel/Workshop/keystone/docker-compose.yml","line":35,"confidence":"medium","severity":"HIGH","time":1791611969021,"caller":"/home/lakshy-sharma/Citadel/Workshop/vajra/workspace/src/internal/detect/secrets.go:231","message":"SECRET DETECTED"}
{"level":"warn","rule":"generic-password","path":"/home/lakshy-sharma/Citadel/Workshop/sankalp/compose.yml","line":121,"confidence":"medium","severity":"HIGH","time":1791611969051,"caller":"/home/lakshy-sharma/Citadel/Workshop/vajra/workspace/src/internal/detect/secrets.go:231","message":"SECRET DETECTED"}
{"level":"warn","rule":"slack-session-token","path":"/home/lakshy-sharma/Citadel/Workshop/vajra/workspace/deb_skel/opt/vajra/database/vajra.db-wal","line":1419,"confidence":"high","severity":"CRITICAL","time":1791611969588,"caller":"/home/lakshy-sharma/Citadel/Workshop/vajra/workspace/src/internal/detect/secrets.go:231","message":"SECRET DETECTED"}
{"level":"warn","rule":"private-key","path":"/home/lakshy-sharma/Citadel/Workshop/vajra/workspace/deb_skel/opt/vajra/database/vajra.db-wal","line":851,"confidence":"high","severity":"CRITICAL","time":1791611969599,"caller":"/home/lakshy-sharma/Citadel/Workshop/vajra/workspace/src/internal/detect/secrets.go:231","message":"SECRET DETECTED"}
{"level":"warn","rule":"brave-search-api-key","path":"/home/lakshy-sharma/Citadel/Workshop/vajra/workspace/deb_skel/opt/vajra/database/vajra.db-wal","line":2307,"confidence":"high","severity":"CRITICAL","time":1791611969616,"caller":"/home/lakshy-sharma/Citadel/Workshop/vajra/workspace/src/internal/detect/secrets.go:231","message":"SECRET DETECTED"}
{"level":"warn","rule":"private-key","path":"/home/lakshy-sharma/Citadel/Workshop/vajra/workspace/database/vajra.db","line":13174,"confidence":"high","severity":"CRITICAL","time":1791611969688,"caller":"/home/lakshy-sharma/Citadel/Workshop/vajra/workspace/src/internal/detect/secrets.go:231","message":"SECRET DETECTED"}
{"level":"warn","rule":"generic-credential-uri","path":"/home/lakshy-sharma/Citadel/Workshop/vajra/workspace/database/vajra.db","line":13026,"confidence":"medium","severity":"HIGH","time":1791611969692,"caller":"/home/lakshy-sharma/Citadel/Workshop/vajra/workspace/src/internal/detect/secrets.go:231","message":"SECRET DETECTED"}
{"level":"warn","rule":"github-app-token","path":"/home/lakshy-sharma/Citadel/Workshop/vajra/workspace/database/vajra.db","line":13348,"confidence":"high","severity":"CRITICAL","time":1791611969713,"caller":"/home/lakshy-sharma/Citadel/Workshop/vajra/workspace/src/internal/detect/secrets.go:231","message":"SECRET DETECTED"}
{"level":"warn","rule":"jwt","path":"/home/lakshy-sharma/Citadel/Workshop/vajra/workspace/database/vajra.db","line":13341,"confidence":"high","severity":"CRITICAL","time":1791611969714,"caller":"/home/lakshy-sharma/Citadel/Workshop/vajra/workspace/src/internal/detect/secrets.go:231","message":"SECRET DETECTED"}
{"level":"warn","rule":"brave-search-api-key","path":"/home/lakshy-sharma/Citadel/Workshop/vajra/workspace/database/vajra.db","line":12640,"confidence":"high","severity":"CRITICAL","time":1791611969722,"caller":"/home/lakshy-sharma/Citadel/Workshop/vajra/workspace/src/internal/detect/secrets.go:231","message":"SECRET DETECTED"}
{"level":"warn","rule":"mongodb-connection-string","path":"/home/lakshy-sharma/Citadel/Workshop/vajra/workspace/database/vajra.db","line":12635,"confidence":"high","severity":"CRITICAL","time":1791611969722,"caller":"/home/lakshy-sharma/Citadel/Workshop/vajra/workspace/src/internal/detect/secrets.go:231","message":"SECRET DETECTED"}
{"level":"warn","rule":"generic-api-key","path":"/home/lakshy-sharma/Citadel/Workshop/vajra/workspace/database/vajra.db","line":13094,"confidence":"medium","severity":"HIGH","time":1791611969728,"caller":"/home/lakshy-sharma/Citadel/Workshop/vajra/workspace/src/internal/detect/secrets.go:231","message":"SECRET DETECTED"}
{"level":"warn","rule":"aws-amazon-bedrock-api-key-short-lived","path":"/home/lakshy-sharma/Citadel/Workshop/vajra/workspace/database/vajra.db","line":12445,"confidence":"high","severity":"CRITICAL","time":1791611969744,"caller":"/home/lakshy-sharma/Citadel/Workshop/vajra/workspace/src/internal/detect/secrets.go:231","message":"SECRET DETECTED"}
{"level":"warn","rule":"square-access-token","path":"/home/lakshy-sharma/Citadel/Workshop/vajra/workspace/database/vajra.db","line":15292,"confidence":"high","severity":"CRITICAL","time":1791611969778,"caller":"/home/lakshy-sharma/Citadel/Workshop/vajra/workspace/src/internal/detect/secrets.go:231","message":"SECRET DETECTED"}
{"level":"warn","rule":"slack-session-token","path":"/home/lakshy-sharma/Citadel/Workshop/vajra/workspace/database/vajra.db","line":14336,"confidence":"high","severity":"CRITICAL","time":1791611969800,"caller":"/home/lakshy-sharma/Citadel/Workshop/vajra/workspace/src/internal/detect/secrets.go:231","message":"SECRET DETECTED"}
{"level":"warn","rule":"box-api-access-token","path":"/home/lakshy-sharma/Citadel/Workshop/vajra/workspace/database/vajra.db","line":13464,"confidence":"medium","severity":"HIGH","time":1791611969858,"caller":"/home/lakshy-sharma/Citadel/Workshop/vajra/workspace/src/internal/detect/secrets.go:231","message":"SECRET DETECTED"}
{"level":"warn","rule":"brave-search-api-key","path":"/home/lakshy-sharma/Citadel/Workshop/vajra/workspace/deb_skel/opt/vajra/database/vajra.db","line":6117,"confidence":"high","severity":"CRITICAL","time":1791611969877,"caller":"/home/lakshy-sharma/Citadel/Workshop/vajra/workspace/src/internal/detect/secrets.go:231","message":"SECRET DETECTED"}
{"level":"warn","rule":"private-key","path":"/home/lakshy-sharma/Citadel/Workshop/vajra/workspace/deb_skel/opt/vajra/database/vajra.db","line":6061,"confidence":"high","severity":"CRITICAL","time":1791611969877,"caller":"/home/lakshy-sharma/Citadel/Workshop/vajra/workspace/src/internal/detect/secrets.go:231","message":"SECRET DETECTED"}
{"level":"warn","rule":"slack-session-token","path":"/home/lakshy-sharma/Citadel/Workshop/vajra/workspace/deb_skel/opt/vajra/database/vajra.db","line":6061,"confidence":"high","severity":"CRITICAL","time":1791611969878,"caller":"/home/lakshy-sharma/Citadel/Workshop/vajra/workspace/src/internal/detect/secrets.go:231","message":"SECRET DETECTED"}
{"level":"warn","rule":"aws-amazon-bedrock-api-key-short-lived","path":"/home/lakshy-sharma/Citadel/Workshop/vajra/workspace/release/vajra","line":19548,"confidence":"high","severity":"CRITICAL","time":1791611969882,"caller":"/home/lakshy-sharma/Citadel/Workshop/vajra/workspace/src/internal/detect/secrets.go:231","message":"SECRET DETECTED"}
{"level":"warn","pid":347798,"exe":"/usr/bin/runc","key":"LD_LIBRARY_PATH","value":"/opt/containerd/lib","time":1791611970113,"caller":"/home/lakshy-sharma/Citadel/Workshop/vajra/workspace/src/internal/analyzer/ldpreload.go:86","message":"ldpreload: non-standard library path"}
{"level":"warn","pid":347798,"exe":"/usr/bin/runc","capabilities":["CAP_NET_RAW","CAP_SYS_MODULE","CAP_SYS_PTRACE","CAP_SYS_ADMIN","CAP_DAC_OVERRIDE","CAP_SETGID","CAP_SETUID"],"cap_eff":2199023255551,"time":1791611970114,"caller":"/home/lakshy-sharma/Citadel/Workshop/vajra/workspace/src/internal/analyzer/capability.go:74","message":"capability: dangerous effective capabilities"}
{"level":"warn","pid":347810,"process":"runc:[1:CHILD]","event":"namespace_enter","time":1791611970120,"caller":"/home/lakshy-sharma/Citadel/Workshop/vajra/workspace/src/internal/watcher/eventsink.go:243","message":"event sink: high-severity security event"}
{"level":"warn","pid":347810,"process":"runc:[1:CHILD]","event":"namespace_enter","time":1791611970120,"caller":"/home/lakshy-sharma/Citadel/Workshop/vajra/workspace/src/internal/watcher/eventsink.go:243","message":"event sink: high-severity security event"}
{"level":"warn","pid":347810,"process":"runc:[1:CHILD]","event":"namespace_enter","time":1791611970121,"caller":"/home/lakshy-sharma/Citadel/Workshop/vajra/workspace/src/internal/watcher/eventsink.go:243","message":"event sink: high-severity security event"}
{"level":"warn","pid":347810,"process":"runc:[1:CHILD]","event":"namespace_enter","time":1791611970121,"caller":"/home/lakshy-sharma/Citadel/Workshop/vajra/workspace/src/internal/watcher/eventsink.go:243","message":"event sink: high-severity security event"}
{"level":"warn","pid":347810,"process":"runc:[1:CHILD]","event":"namespace_enter","time":1791611970121,"caller":"/home/lakshy-sharma/Citadel/Workshop/vajra/workspace/src/internal/watcher/eventsink.go:243","message":"event sink: high-severity security event"}
{"level":"warn","pid":347810,"process":"runc:[1:CHILD]","event":"namespace_enter","time":1791611970121,"caller":"/home/lakshy-sharma/Citadel/Workshop/vajra/workspace/src/internal/watcher/eventsink.go:243","message":"event sink: high-severity security event"}
{"level":"warn","pid":347810,"process":"runc:[1:CHILD]","event":"namespace_enter","time":1791611970122,"caller":"/home/lakshy-sharma/Citadel/Workshop/vajra/workspace/src/internal/watcher/eventsink.go:243","message":"event sink: high-severity security event"}
{"level":"warn","pid":347810,"process":"runc:[1:CHILD]","event":"namespace_create","time":1791611970122,"caller":"/home/lakshy-sharma/Citadel/Workshop/vajra/workspace/src/internal/watcher/eventsink.go:243","message":"event sink: high-severity security event"}
{"level":"warn","pid":347811,"process":"runc:[2:INIT]","event":"capset","time":1791611970138,"caller":"/home/lakshy-sharma/Citadel/Workshop/vajra/workspace/src/internal/watcher/eventsink.go:243","message":"event sink: high-severity security event"}
{"level":"warn","pid":347817,"process":"python","dst":"127.0.0.1","dst_port":8000,"time":1791611970267,"caller":"/home/lakshy-sharma/Citadel/Workshop/vajra/workspace/src/internal/watcher/eventsink.go:127","message":"event sink: high-value network connection"}
{"level":"warn","exe":"/usr/bin/runc","comm":"containerd-shim","pid":347798,"severity":"HIGH","rule":"ld_preload","time":1791611970480,"caller":"/home/lakshy-sharma/Citadel/Workshop/vajra/workspace/src/internal/watcher/processscanner.go:184","message":"PROCESS DETECTION"}
{"level":"warn","pid":344422,"process":"DOM Worker","addr":8400063062016,"prot":7,"time":1791611971650,"caller":"/home/lakshy-sharma/Citadel/Workshop/vajra/workspace/src/internal/watcher/eventsink.go:198","message":"event sink: W^X memory mapping"}
{"level":"warn","pid":344422,"process":"DOM Worker","addr":8400063062016,"prot":7,"time":1791611976670,"caller":"/home/lakshy-sharma/Citadel/Workshop/vajra/workspace/src/internal/watcher/eventsink.go:198","message":"event sink: W^X memory mapping"}
{"level":"warn","rule":"generic-password","path":"/home/lakshy-sharma/Citadel/Workshop/kavach/sangrah/compose.yml","line":46,"confidence":"medium","severity":"HIGH","time":1791611978638,"caller":"/home/lakshy-sharma/Citadel/Workshop/vajra/workspace/src/internal/detect/secrets.go:231","message":"SECRET DETECTED"}
{"level":"warn","rule":"generic-password","path":"/home/lakshy-sharma/Citadel/Workshop/kavach/sangrah/backend/workspace/config.yaml","line":13,"confidence":"medium","severity":"HIGH","time":1791611978679,"caller":"/home/lakshy-sharma/Citadel/Workshop/vajra/workspace/src/internal/detect/secrets.go:231","message":"SECRET DETECTED"}
{"level":"warn","pid":344422,"process":"DOM Worker","addr":8400063127552,"prot":7,"time":1791611982701,"caller":"/home/lakshy-sharma/Citadel/Workshop/vajra/workspace/src/internal/watcher/eventsink.go:198","message":"event sink: W^X memory mapping"}
{"level":"warn","pid":11309,"process":"Socket Thread","dst":"0.0.0.0","dst_port":0,"time":1791611985024,"caller":"/home/lakshy-sharma/Citadel/Workshop/vajra/workspace/src/internal/watcher/eventsink.go:127","message":"event sink: high-value network connection"}
{"level":"warn","pid":11309,"process":"Socket Thread","dst":"::","dst_port":0,"time":1791611985025,"caller":"/home/lakshy-sharma/Citadel/Workshop/vajra/workspace/src/internal/watcher/eventsink.go:127","message":"event sink: high-value network connection"}
{"level":"warn","pid":11309,"process":"Socket Thread","dst":"::","dst_port":0,"time":1791611985025,"caller":"/home/lakshy-sharma/Citadel/Workshop/vajra/workspace/src/internal/watcher/eventsink.go:127","message":"event sink: high-value network connection"}
{"level":"warn","pid":11309,"process":"Socket Thread","dst":"0.0.0.0","dst_port":0,"time":1791611985026,"caller":"/home/lakshy-sharma/Citadel/Workshop/vajra/workspace/src/internal/watcher/eventsink.go:127","message":"event sink: high-value network connection"}
{"level":"warn","pid":12240,"process":"Isolated Web Co","addr":2319477063680,"prot":7,"time":1791611986218,"caller":"/home/lakshy-sharma/Citadel/Workshop/vajra/workspace/src/internal/watcher/eventsink.go:198","message":"event sink: W^X memory mapping"}
{"level":"warn","pid":344422,"process":"DOM Worker","addr":8400063127552,"prot":7,"time":1791611988672,"caller":"/home/lakshy-sharma/Citadel/Workshop/vajra/workspace/src/internal/watcher/eventsink.go:198","message":"event sink: W^X memory mapping"}
{"level":"warn","pid":12254,"process":"Isolated Web Co","addr":4862722940928,"prot":7,"time":1791611989652,"caller":"/home/lakshy-sharma/Citadel/Workshop/vajra/workspace/src/internal/watcher/eventsink.go:198","message":"event sink: W^X memory mapping"}
{"level":"warn","pid":12254,"process":"Isolated Web Co","addr":4862723006464,"prot":7,"time":1791611991912,"caller":"/home/lakshy-sharma/Citadel/Workshop/vajra/workspace/src/internal/watcher/eventsink.go:198","message":"event sink: W^X memory mapping"}
{"level":"warn","pid":11559,"process":"WebExtensions","addr":45708156051456,"prot":7,"time":1791611992098,"caller":"/home/lakshy-sharma/Citadel/Workshop/vajra/workspace/src/internal/watcher/eventsink.go:198","message":"event sink: W^X memory mapping"}
{"level":"warn","pid":12254,"process":"DOM Worker","addr":4862723137536,"prot":7,"time":1791611992462,"caller":"/home/lakshy-sharma/Citadel/Workshop/vajra/workspace/src/internal/watcher/eventsink.go:198","message":"event sink: W^X memory mapping"}
{"level":"warn","pid":12254,"process":"DOM Worker","addr":4862723268608,"prot":7,"time":1791611992462,"caller":"/home/lakshy-sharma/Citadel/Workshop/vajra/workspace/src/internal/watcher/eventsink.go:198","message":"event sink: W^X memory mapping"}
{"level":"warn","pid":12254,"process":"DOM Worker","addr":4862723530752,"prot":7,"time":1791611992463,"caller":"/home/lakshy-sharma/Citadel/Workshop/vajra/workspace/src/internal/watcher/eventsink.go:198","message":"event sink: W^X memory mapping"}
{"level":"warn","pid":12254,"process":"Isolated Web Co","addr":4862723727360,"prot":7,"time":1791611993216,"caller":"/home/lakshy-sharma/Citadel/Workshop/vajra/workspace/src/internal/watcher/eventsink.go:198","message":"event sink: W^X memory mapping"}
{"level":"warn","pid":12254,"process":"Isolated Web Co","addr":4862723792896,"prot":7,"time":1791611993356,"caller":"/home/lakshy-sharma/Citadel/Workshop/vajra/workspace/src/internal/watcher/eventsink.go:198","message":"event sink: W^X memory mapping"}
{"level":"warn","pid":12254,"process":"Isolated Web Co","addr":4862723923968,"prot":7,"time":1791611993363,"caller":"/home/lakshy-sharma/Citadel/Workshop/vajra/workspace/src/internal/watcher/eventsink.go:198","message":"event sink: W^X memory mapping"}
{"level":"warn","pid":12254,"process":"Isolated Web Co","addr":4862723989504,"prot":7,"time":1791611993446,"caller":"/home/lakshy-sharma/Citadel/Workshop/vajra/workspace/src/internal/watcher/eventsink.go:198","message":"event sink: W^X memory mapping"}
{"level":"warn","pid":344422,"process":"DOM Worker","addr":8400063193088,"prot":7,"time":1791611993969,"caller":"/home/lakshy-sharma/Citadel/Workshop/vajra/workspace/src/internal/watcher/eventsink.go:198","message":"event sink: W^X memory mapping"}
{"level":"warn","pid":149083,"process":"Isolated Web Co","addr":9408762142720,"prot":7,"time":1791611996829,"caller":"/home/lakshy-sharma/Citadel/Workshop/vajra/workspace/src/internal/watcher/eventsink.go:198","message":"event sink: W^X memory mapping"}
{"level":"warn","pid":12240,"process":"Isolated Web Co","addr":2319477194752,"prot":7,"time":1791611997903,"caller":"/home/lakshy-sharma/Citadel/Workshop/vajra/workspace/src/internal/watcher/eventsink.go:198","message":"event sink: W^X memory mapping"}
{"level":"warn","pid":12240,"process":"Isolated Web Co","addr":2319477325824,"prot":7,"time":1791611998042,"caller":"/home/lakshy-sharma/Citadel/Workshop/vajra/workspace/src/internal/watcher/eventsink.go:198","message":"event sink: W^X memory mapping"}
{"level":"warn","pid":12240,"process":"Isolated Web Co","addr":2319477456896,"prot":7,"time":1791611998120,"caller":"/home/lakshy-sharma/Citadel/Workshop/vajra/workspace/src/internal/watcher/eventsink.go:198","message":"event sink: W^X memory mapping"}
{"level":"warn","pid":12240,"process":"Isolated Web Co","addr":2319477784576,"prot":7,"time":1791611998135,"caller":"/home/lakshy-sharma/Citadel/Workshop/vajra/workspace/src/internal/watcher/eventsink.go:198","message":"event sink: W^X memory mapping"}
{"level":"warn","pid":12240,"process":"Isolated Web Co","addr":2319477587968,"prot":7,"time":1791611998142,"caller":"/home/lakshy-sharma/Citadel/Workshop/vajra/workspace/src/internal/watcher/eventsink.go:198","message":"event sink: W^X memory mapping"}
{"level":"warn","pid":12240,"process":"Isolated Web Co","addr":2319477719040,"prot":7,"time":1791611998144,"caller":"/home/lakshy-sharma/Citadel/Workshop/vajra/workspace/src/internal/watcher/eventsink.go:198","message":"event sink: W^X memory mapping"}
{"level":"warn","pid":12240,"process":"Isolated Web Co","addr":2319477850112,"prot":7,"time":1791611998145,"caller":"/home/lakshy-sharma/Citadel/Workshop/vajra/workspace/src/internal/watcher/eventsink.go:198","message":"event sink: W^X memory mapping"}
{"level":"warn","pid":12240,"process":"Isolated Web Co","addr":2319477915648,"prot":7,"time":1791611998427,"caller":"/home/lakshy-sharma/Citadel/Workshop/vajra/workspace/src/internal/watcher/eventsink.go:198","message":"event sink: W^X memory mapping"}
{"level":"warn","pid":12240,"process":"Isolated Web Co","addr":2319478046720,"prot":7,"time":1791611998546,"caller":"/home/lakshy-sharma/Citadel/Workshop/vajra/workspace/src/internal/watcher/eventsink.go:198","message":"event sink: W^X memory mapping"}
{"level":"warn","pid":12254,"process":"Isolated Web Co","addr":4862723268608,"prot":7,"time":1791611998636,"caller":"/home/lakshy-sharma/Citadel/Workshop/vajra/workspace/src/internal/watcher/eventsink.go:198","message":"event sink: W^X memory mapping"}
{"level":"warn","pid":12254,"process":"DOM Worker","addr":4862723530752,"prot":7,"time":1791611998721,"caller":"/home/lakshy-sharma/Citadel/Workshop/vajra/workspace/src/internal/watcher/eventsink.go:198","message":"event sink: W^X memory mapping"}
{"level":"warn","pid":12254,"process":"DOM Worker","addr":4862723858432,"prot":7,"time":1791611998753,"caller":"/home/lakshy-sharma/Citadel/Workshop/vajra/workspace/src/internal/watcher/eventsink.go:198","message":"event sink: W^X memory mapping"}
{"level":"warn","pid":12254,"process":"DOM Worker","addr":4862724055040,"prot":7,"time":1791611998754,"caller":"/home/lakshy-sharma/Citadel/Workshop/vajra/workspace/src/internal/watcher/eventsink.go:198","message":"event sink: W^X memory mapping"}
{"level":"warn","pid":12240,"process":"Isolated Web Co","addr":2319472082944,"prot":7,"time":1791611998757,"caller":"/home/lakshy-sharma/Citadel/Workshop/vajra/workspace/src/internal/watcher/eventsink.go:198","message":"event sink: W^X memory mapping"}
{"level":"warn","pid":12240,"process":"Isolated Web Co","addr":2319472148480,"prot":7,"time":1791611998758,"caller":"/home/lakshy-sharma/Citadel/Workshop/vajra/workspace/src/internal/watcher/eventsink.go:198","message":"event sink: W^X memory mapping"}
{"level":"warn","pid":12240,"process":"Isolated Web Co","addr":2319472214016,"prot":7,"time":1791611998759,"caller":"/home/lakshy-sharma/Citadel/Workshop/vajra/workspace/src/internal/watcher/eventsink.go:198","message":"event sink: W^X memory mapping"}
{"level":"warn","pid":12240,"process":"Isolated Web Co","addr":2319472476160,"prot":7,"time":1791611998759,"caller":"/home/lakshy-sharma/Citadel/Workshop/vajra/workspace/src/internal/watcher/eventsink.go:198","message":"event sink: W^X memory mapping"}
{"level":"warn","pid":12240,"process":"Isolated Web Co","addr":2319472541696,"prot":7,"time":1791611998762,"caller":"/home/lakshy-sharma/Citadel/Workshop/vajra/workspace/src/internal/watcher/eventsink.go:198","message":"event sink: W^X memory mapping"}
{"level":"warn","pid":12254,"process":"Isolated Web Co","addr":4862724120576,"prot":7,"time":1791611999017,"caller":"/home/lakshy-sharma/Citadel/Workshop/vajra/workspace/src/internal/watcher/eventsink.go:198","message":"event sink: W^X memory mapping"}
{"level":"warn","pid":12254,"process":"Isolated Web Co","addr":4862724186112,"prot":7,"time":1791611999439,"caller":"/home/lakshy-sharma/Citadel/Workshop/vajra/workspace/src/internal/watcher/eventsink.go:198","message":"event sink: W^X memory mapping"}
{"level":"warn","pid":12240,"process":"Isolated Web Co","addr":2319472803840,"prot":7,"time":1791611999912,"caller":"/home/lakshy-sharma/Citadel/Workshop/vajra/workspace/src/internal/watcher/eventsink.go:198","message":"event sink: W^X memory mapping"}
{"level":"warn","pid":12254,"process":"Isolated Web Co","addr":4862724251648,"prot":7,"time":1791612000276,"caller":"/home/lakshy-sharma/Citadel/Workshop/vajra/workspace/src/internal/watcher/eventsink.go:198","message":"event sink: W^X memory mapping"}
{"level":"warn","pid":12254,"process":"Isolated Web Co","addr":4862724382720,"prot":7,"time":1791612000279,"caller":"/home/lakshy-sharma/Citadel/Workshop/vajra/workspace/src/internal/watcher/eventsink.go:198","message":"event sink: W^X memory mapping"}
{"level":"warn","pid":12254,"process":"Isolated Web Co","addr":4862724448256,"prot":7,"time":1791612000280,"caller":"/home/lakshy-sharma/Citadel/Workshop/vajra/workspace/src/internal/watcher/eventsink.go:198","message":"event sink: W^X memory mapping"}
{"level":"warn","pid":12254,"process":"Isolated Web Co","addr":4862724579328,"prot":7,"time":1791612000281,"caller":"/home/lakshy-sharma/Citadel/Workshop/vajra/workspace/src/internal/watcher/eventsink.go:198","message":"event sink: W^X memory mapping"}
{"level":"warn","pid":12254,"process":"Isolated Web Co","addr":4862724710400,"prot":7,"time":1791612000286,"caller":"/home/lakshy-sharma/Citadel/Workshop/vajra/workspace/src/internal/watcher/eventsink.go:198","message":"event sink: W^X memory mapping"}
{"level":"warn","pid":12254,"process":"Isolated Web Co","addr":4862724841472,"prot":7,"time":1791612000301,"caller":"/home/lakshy-sharma/Citadel/Workshop/vajra/workspace/src/internal/watcher/eventsink.go:198","message":"event sink: W^X memory mapping"}
{"level":"warn","pid":347914,"process":"runc:[1:CHILD]","event":"namespace_enter","time":1791612000327,"caller":"/home/lakshy-sharma/Citadel/Workshop/vajra/workspace/src/internal/watcher/eventsink.go:243","message":"event sink: high-severity security event"}
{"level":"warn","pid":347914,"process":"runc:[1:CHILD]","event":"namespace_enter","time":1791612000350,"caller":"/home/lakshy-sharma/Citadel/Workshop/vajra/workspace/src/internal/watcher/eventsink.go:243","message":"event sink: high-severity security event"}
{"level":"warn","pid":347914,"process":"runc:[1:CHILD]","event":"namespace_enter","time":1791612000356,"caller":"/home/lakshy-sharma/Citadel/Workshop/vajra/workspace/src/internal/watcher/eventsink.go:243","message":"event sink: high-severity security event"}
{"level":"warn","pid":347914,"process":"runc:[1:CHILD]","event":"namespace_enter","time":1791612000362,"caller":"/home/lakshy-sharma/Citadel/Workshop/vajra/workspace/src/internal/watcher/eventsink.go:243","message":"event sink: high-severity security event"}
{"level":"warn","pid":347914,"process":"runc:[1:CHILD]","event":"namespace_enter","time":1791612000372,"caller":"/home/lakshy-sharma/Citadel/Workshop/vajra/workspace/src/internal/watcher/eventsink.go:243","message":"event sink: high-severity security event"}
{"level":"warn","pid":347914,"process":"runc:[1:CHILD]","event":"namespace_enter","time":1791612000387,"caller":"/home/lakshy-sharma/Citadel/Workshop/vajra/workspace/src/internal/watcher/eventsink.go:243","message":"event sink: high-severity security event"}
{"level":"warn","pid":347914,"process":"runc:[1:CHILD]","event":"namespace_enter","time":1791612000403,"caller":"/home/lakshy-sharma/Citadel/Workshop/vajra/workspace/src/internal/watcher/eventsink.go:243","message":"event sink: high-severity security event"}
{"level":"warn","pid":347914,"process":"runc:[1:CHILD]","event":"namespace_create","time":1791612000404,"caller":"/home/lakshy-sharma/Citadel/Workshop/vajra/workspace/src/internal/watcher/eventsink.go:243","message":"event sink: high-severity security event"}
{"level":"warn","pid":12240,"process":"Isolated Web Co","addr":2319473000448,"prot":7,"time":1791612000405,"caller":"/home/lakshy-sharma/Citadel/Workshop/vajra/workspace/src/internal/watcher/eventsink.go:198","message":"event sink: W^X memory mapping"}
{"level":"warn","pid":12240,"process":"Isolated Web Co","addr":2319473262592,"prot":7,"time":1791612000428,"caller":"/home/lakshy-sharma/Citadel/Workshop/vajra/workspace/src/internal/watcher/eventsink.go:198","message":"event sink: W^X memory mapping"}
{"level":"warn","pid":347915,"process":"runc:[2:INIT]","event":"capset","time":1791612000429,"caller":"/home/lakshy-sharma/Citadel/Workshop/vajra/workspace/src/internal/watcher/eventsink.go:243","message":"event sink: high-severity security event"}
{"level":"warn","pid":12240,"process":"Isolated Web Co","addr":2319473328128,"prot":7,"time":1791612000429,"caller":"/home/lakshy-sharma/Citadel/Workshop/vajra/workspace/src/internal/watcher/eventsink.go:198","message":"event sink: W^X memory mapping"}
{"level":"warn","pid":12240,"process":"Isolated Web Co","addr":2319473393664,"prot":7,"time":1791612000433,"caller":"/home/lakshy-sharma/Citadel/Workshop/vajra/workspace/src/internal/watcher/eventsink.go:198","message":"event sink: W^X memory mapping"}
{"level":"warn","pid":344422,"process":"DOM Worker","addr":8400063193088,"prot":7,"time":1791612000434,"caller":"/home/lakshy-sharma/Citadel/Workshop/vajra/workspace/src/internal/watcher/eventsink.go:198","message":"event sink: W^X memory mapping"}
{"level":"warn","pid":12240,"process":"Isolated Web Co","addr":2319473524736,"prot":7,"time":1791612000435,"caller":"/home/lakshy-sharma/Citadel/Workshop/vajra/workspace/src/internal/watcher/eventsink.go:198","message":"event sink: W^X memory mapping"}
{"level":"warn","pid":12240,"process":"Isolated Web Co","addr":2319473590272,"prot":7,"time":1791612000436,"caller":"/home/lakshy-sharma/Citadel/Workshop/vajra/workspace/src/internal/watcher/eventsink.go:198","message":"event sink: W^X memory mapping"}
{"level":"warn","pid":12240,"process":"Isolated Web Co","addr":2319473721344,"prot":7,"time":1791612000447,"caller":"/home/lakshy-sharma/Citadel/Workshop/vajra/workspace/src/internal/watcher/eventsink.go:198","message":"event sink: W^X memory mapping"}
{"level":"warn","pid":12240,"process":"Isolated Web Co","addr":2319473852416,"prot":7,"time":1791612000449,"caller":"/home/lakshy-sharma/Citadel/Workshop/vajra/workspace/src/internal/watcher/eventsink.go:198","message":"event sink: W^X memory mapping"}
{"level":"warn","pid":347921,"process":"python","dst":"127.0.0.1","dst_port":8000,"time":1791612000452,"caller":"/home/lakshy-sharma/Citadel/Workshop/vajra/workspace/src/internal/watcher/eventsink.go:127","message":"event sink: high-value network connection"}
{"level":"warn","pid":12254,"process":"Isolated Web Co","addr":4862724972544,"prot":7,"time":1791612000453,"caller":"/home/lakshy-sharma/Citadel/Workshop/vajra/workspace/src/internal/watcher/eventsink.go:198","message":"event sink: W^X memory mapping"}
{"level":"warn","pid":12240,"process":"Isolated Web Co","addr":2319473917952,"prot":7,"time":1791612000507,"caller":"/home/lakshy-sharma/Citadel/Workshop/vajra/workspace/src/internal/watcher/eventsink.go:198","message":"event sink: W^X memory mapping"}
{"level":"warn","pid":12254,"process":"Isolated Web Co","addr":4862725038080,"prot":7,"time":1791612000639,"caller":"/home/lakshy-sharma/Citadel/Workshop/vajra/workspace/src/internal/watcher/eventsink.go:198","message":"event sink: W^X memory mapping"}
{"level":"warn","pid":149083,"process":"Isolated Web Co","addr":9408761815040,"prot":7,"time":1791612000845,"caller":"/home/lakshy-sharma/Citadel/Workshop/vajra/workspace/src/internal/watcher/eventsink.go:198","message":"event sink: W^X memory mapping"}
{"level":"warn","pid":12254,"process":"Isolated Web Co","addr":4862725103616,"prot":7,"time":1791612000961,"caller":"/home/lakshy-sharma/Citadel/Workshop/vajra/workspace/src/internal/watcher/eventsink.go:198","message":"event sink: W^X memory mapping"}
{"level":"warn","pid":12254,"process":"Isolated Web Co","addr":4862725234688,"prot":7,"time":1791612000962,"caller":"/home/lakshy-sharma/Citadel/Workshop/vajra/workspace/src/internal/watcher/eventsink.go:198","message":"event sink: W^X memory mapping"}
{"level":"warn","pid":12254,"process":"Isolated Web Co","addr":4862725365760,"prot":7,"time":1791612000980,"caller":"/home/lakshy-sharma/Citadel/Workshop/vajra/workspace/src/internal/watcher/eventsink.go:198","message":"event sink: W^X memory mapping"}
{"level":"warn","pid":12254,"process":"Isolated Web Co","addr":4862725496832,"prot":7,"time":1791612001005,"caller":"/home/lakshy-sharma/Citadel/Workshop/vajra/workspace/src/internal/watcher/eventsink.go:198","message":"event sink: W^X memory mapping"}
{"level":"warn","pid":12254,"process":"Isolated Web Co","addr":4862725562368,"prot":7,"time":1791612001056,"caller":"/home/lakshy-sharma/Citadel/Workshop/vajra/workspace/src/internal/watcher/eventsink.go:198","message":"event sink: W^X memory mapping"}
{"level":"warn","pid":12254,"process":"Isolated Web Co","addr":4862725627904,"prot":7,"time":1791612001064,"caller":"/home/lakshy-sharma/Citadel/Workshop/vajra/workspace/src/internal/watcher/eventsink.go:198","message":"event sink: W^X memory mapping"}
{"level":"warn","pid":12254,"process":"Isolated Web Co","addr":4862725758976,"prot":7,"time":1791612001069,"caller":"/home/lakshy-sharma/Citadel/Workshop/vajra/workspace/src/internal/watcher/eventsink.go:198","message":"event sink: W^X memory mapping"}
{"level":"warn","pid":12254,"process":"Isolated Web Co","addr":4862725890048,"prot":7,"time":1791612001071,"caller":"/home/lakshy-sharma/Citadel/Workshop/vajra/workspace/src/internal/watcher/eventsink.go:198","message":"event sink: W^X memory mapping"}
{"level":"warn","pid":12254,"process":"Isolated Web Co","addr":4862725955584,"prot":7,"time":1791612001101,"caller":"/home/lakshy-sharma/Citadel/Workshop/vajra/workspace/src/internal/watcher/eventsink.go:198","message":"event sink: W^X memory mapping"}
{"level":"warn","pid":12254,"process":"Isolated Web Co","addr":4862726086656,"prot":7,"time":1791612001105,"caller":"/home/lakshy-sharma/Citadel/Workshop/vajra/workspace/src/internal/watcher/eventsink.go:198","message":"event sink: W^X memory mapping"}
{"level":"warn","pid":12254,"process":"Isolated Web Co","addr":4862726217728,"prot":7,"time":1791612001105,"caller":"/home/lakshy-sharma/Citadel/Workshop/vajra/workspace/src/internal/watcher/eventsink.go:198","message":"event sink: W^X memory mapping"}
{"level":"warn","pid":12254,"process":"Isolated Web Co","addr":4862726283264,"prot":7,"time":1791612001106,"caller":"/home/lakshy-sharma/Citadel/Workshop/vajra/workspace/src/internal/watcher/eventsink.go:198","message":"event sink: W^X memory mapping"}
{"level":"warn","pid":12254,"process":"Isolated Web Co","addr":4862726414336,"prot":7,"time":1791612001106,"caller":"/home/lakshy-sharma/Citadel/Workshop/vajra/workspace/src/internal/watcher/eventsink.go:198","message":"event sink: W^X memory mapping"}
{"level":"warn","pid":12254,"process":"Isolated Web Co","addr":4862726545408,"prot":7,"time":1791612001107,"caller":"/home/lakshy-sharma/Citadel/Workshop/vajra/workspace/src/internal/watcher/eventsink.go:198","message":"event sink: W^X memory mapping"}
{"level":"warn","pid":12254,"process":"Isolated Web Co","addr":4862727135232,"prot":7,"time":1791612001108,"caller":"/home/lakshy-sharma/Citadel/Workshop/vajra/workspace/src/internal/watcher/eventsink.go:198","message":"event sink: W^X memory mapping"}
{"level":"warn","pid":12254,"process":"Isolated Web Co","addr":4862727200768,"prot":7,"time":1791612001110,"caller":"/home/lakshy-sharma/Citadel/Workshop/vajra/workspace/src/internal/watcher/eventsink.go:198","message":"event sink: W^X memory mapping"}
{"level":"warn","pid":12254,"process":"Isolated Web Co","addr":4862727331840,"prot":7,"time":1791612001110,"caller":"/home/lakshy-sharma/Citadel/Workshop/vajra/workspace/src/internal/watcher/eventsink.go:198","message":"event sink: W^X memory mapping"}
{"level":"warn","pid":12254,"process":"Isolated Web Co","addr":4862727397376,"prot":7,"time":1791612001111,"caller":"/home/lakshy-sharma/Citadel/Workshop/vajra/workspace/src/internal/watcher/eventsink.go:198","message":"event sink: W^X memory mapping"}
{"level":"warn","pid":12254,"process":"Isolated Web Co","addr":4862727528448,"prot":7,"time":1791612001121,"caller":"/home/lakshy-sharma/Citadel/Workshop/vajra/workspace/src/internal/watcher/eventsink.go:198","message":"event sink: W^X memory mapping"}
{"level":"warn","pid":12254,"process":"Isolated Web Co","addr":4862727593984,"prot":7,"time":1791612001126,"caller":"/home/lakshy-sharma/Citadel/Workshop/vajra/workspace/src/internal/watcher/eventsink.go:198","message":"event sink: W^X memory mapping"}
{"level":"warn","pid":12254,"process":"Isolated Web Co","addr":4862727725056,"prot":7,"time":1791612001128,"caller":"/home/lakshy-sharma/Citadel/Workshop/vajra/workspace/src/internal/watcher/eventsink.go:198","message":"event sink: W^X memory mapping"}
{"level":"warn","pid":12254,"process":"Isolated Web Co","addr":4862727856128,"prot":7,"time":1791612001129,"caller":"/home/lakshy-sharma/Citadel/Workshop/vajra/workspace/src/internal/watcher/eventsink.go:198","message":"event sink: W^X memory mapping"}
{"level":"warn","pid":12254,"process":"Isolated Web Co","addr":4862727921664,"prot":7,"time":1791612001130,"caller":"/home/lakshy-sharma/Citadel/Workshop/vajra/workspace/src/internal/watcher/eventsink.go:198","message":"event sink: W^X memory mapping"}
{"level":"warn","pid":12254,"process":"Isolated Web Co","addr":4862728052736,"prot":7,"time":1791612001130,"caller":"/home/lakshy-sharma/Citadel/Workshop/vajra/workspace/src/internal/watcher/eventsink.go:198","message":"event sink: W^X memory mapping"}
{"level":"warn","pid":12254,"process":"Isolated Web Co","addr":4862728183808,"prot":7,"time":1791612001132,"caller":"/home/lakshy-sharma/Citadel/Workshop/vajra/workspace/src/internal/watcher/eventsink.go:198","message":"event sink: W^X memory mapping"}
{"level":"warn","pid":12254,"process":"Isolated Web Co","addr":4862728249344,"prot":7,"time":1791612001132,"caller":"/home/lakshy-sharma/Citadel/Workshop/vajra/workspace/src/internal/watcher/eventsink.go:198","message":"event sink: W^X memory mapping"}
{"level":"warn","pid":12254,"process":"Isolated Web Co","addr":4862728314880,"prot":7,"time":1791612001134,"caller":"/home/lakshy-sharma/Citadel/Workshop/vajra/workspace/src/internal/watcher/eventsink.go:198","message":"event sink: W^X memory mapping"}
{"level":"warn","pid":12254,"process":"Isolated Web Co","addr":4862728380416,"prot":7,"time":1791612001135,"caller":"/home/lakshy-sharma/Citadel/Workshop/vajra/workspace/src/internal/watcher/eventsink.go:198","message":"event sink: W^X memory mapping"}
{"level":"warn","pid":12254,"process":"Isolated Web Co","addr":4862728445952,"prot":7,"time":1791612001136,"caller":"/home/lakshy-sharma/Citadel/Workshop/vajra/workspace/src/internal/watcher/eventsink.go:198","message":"event sink: W^X memory mapping"}
{"level":"warn","pid":12254,"process":"Isolated Web Co","addr":4862728642560,"prot":7,"time":1791612001136,"caller":"/home/lakshy-sharma/Citadel/Workshop/vajra/workspace/src/internal/watcher/eventsink.go:198","message":"event sink: W^X memory mapping"}
{"level":"warn","pid":12254,"process":"Isolated Web Co","addr":4862728708096,"prot":7,"time":1791612001144,"caller":"/home/lakshy-sharma/Citadel/Workshop/vajra/workspace/src/internal/watcher/eventsink.go:198","message":"event sink: W^X memory mapping"}
{"level":"warn","pid":12254,"process":"Isolated Web Co","addr":4862728839168,"prot":7,"time":1791612001145,"caller":"/home/lakshy-sharma/Citadel/Workshop/vajra/workspace/src/internal/watcher/eventsink.go:198","message":"event sink: W^X memory mapping"}
{"level":"warn","pid":12254,"process":"Isolated Web Co","addr":4862728904704,"prot":7,"time":1791612001148,"caller":"/home/lakshy-sharma/Citadel/Workshop/vajra/workspace/src/internal/watcher/eventsink.go:198","message":"event sink: W^X memory mapping"}
{"level":"warn","pid":12254,"process":"Isolated Web Co","addr":4862729035776,"prot":7,"time":1791612001211,"caller":"/home/lakshy-sharma/Citadel/Workshop/vajra/workspace/src/internal/watcher/eventsink.go:198","message":"event sink: W^X memory mapping"}
{"level":"warn","pid":12254,"process":"Isolated Web Co","addr":4862729166848,"prot":7,"time":1791612001230,"caller":"/home/lakshy-sharma/Citadel/Workshop/vajra/workspace/src/internal/watcher/eventsink.go:198","message":"event sink: W^X memory mapping"}
{"level":"warn","pid":12240,"process":"Isolated Web Co","addr":2319474114560,"prot":7,"time":1791612001355,"caller":"/home/lakshy-sharma/Citadel/Workshop/vajra/workspace/src/internal/watcher/eventsink.go:198","message":"event sink: W^X memory mapping"}
{"level":"warn","pid":12240,"process":"Isolated Web Co","addr":2319474376704,"prot":7,"time":1791612001359,"caller":"/home/lakshy-sharma/Citadel/Workshop/vajra/workspace/src/internal/watcher/eventsink.go:198","message":"event sink: W^X memory mapping"}
{"level":"warn","pid":12240,"process":"Isolated Web Co","addr":2319474507776,"prot":7,"time":1791612001400,"caller":"/home/lakshy-sharma/Citadel/Workshop/vajra/workspace/src/internal/watcher/eventsink.go:198","message":"event sink: W^X memory mapping"}
{"level":"warn","pid":12240,"process":"Isolated Web Co","addr":2319474704384,"prot":7,"time":1791612001423,"caller":"/home/lakshy-sharma/Citadel/Workshop/vajra/workspace/src/internal/watcher/eventsink.go:198","message":"event sink: W^X memory mapping"}
{"level":"warn","pid":347927,"process":"cron","event":"capset","time":1791612001735,"caller":"/home/lakshy-sharma/Citadel/Workshop/vajra/workspace/src/internal/watcher/eventsink.go:243","message":"event sink: high-severity security event"}
{"level":"warn","pid":347925,"process":"cron","event":"capset","time":1791612001739,"caller":"/home/lakshy-sharma/Citadel/Workshop/vajra/workspace/src/internal/watcher/eventsink.go:243","message":"event sink: high-severity security event"}
{"level":"warn","pid":12240,"process":"Isolated Web Co","addr":2319474835456,"prot":7,"time":1791612002200,"caller":"/home/lakshy-sharma/Citadel/Workshop/vajra/workspace/src/internal/watcher/eventsink.go:198","message":"event sink: W^X memory mapping"}
{"level":"warn","pid":12254,"process":"Isolated Web Co","addr":4862723858432,"prot":7,"time":1791612002813,"caller":"/home/lakshy-sharma/Citadel/Workshop/vajra/workspace/src/internal/watcher/eventsink.go:198","message":"event sink: W^X memory mapping"}
{"level":"warn","pid":149083,"process":"Isolated Web Co","addr":9408762077184,"prot":7,"time":1791612002845,"caller":"/home/lakshy-sharma/Citadel/Workshop/vajra/workspace/src/internal/watcher/eventsink.go:198","message":"event sink: W^X memory mapping"}
{"level":"warn","pid":12240,"process":"Isolated Web Co","addr":2319474900992,"prot":7,"time":1791612003195,"caller":"/home/lakshy-sharma/Citadel/Workshop/vajra/workspace/src/internal/watcher/eventsink.go:198","message":"event sink: W^X memory mapping"}
{"level":"warn","pid":12240,"process":"Isolated Web Co","addr":2319474966528,"prot":7,"time":1791612004824,"caller":"/home/lakshy-sharma/Citadel/Workshop/vajra/workspace/src/internal/watcher/eventsink.go:198","message":"event sink: W^X memory mapping"}
{"level":"warn","pid":12240,"process":"Isolated Web Co","addr":2319475032064,"prot":7,"time":1791612004825,"caller":"/home/lakshy-sharma/Citadel/Workshop/vajra/workspace/src/internal/watcher/eventsink.go:198","message":"event sink: W^X memory mapping"}
{"level":"warn","pid":149083,"process":"Isolated Web Co","addr":9408762208256,"prot":7,"time":1791612004910,"caller":"/home/lakshy-sharma/Citadel/Workshop/vajra/workspace/src/internal/watcher/eventsink.go:198","message":"event sink: W^X memory mapping"}
{"level":"warn","pid":344422,"process":"DOM Worker","addr":8400063258624,"prot":7,"time":1791612005683,"caller":"/home/lakshy-sharma/Citadel/Workshop/vajra/workspace/src/internal/watcher/eventsink.go:198","message":"event sink: W^X memory mapping"}
{"level":"warn","pid":12240,"process":"Isolated Web Co","addr":2319475097600,"prot":7,"time":1791612005815,"caller":"/home/lakshy-sharma/Citadel/Workshop/vajra/workspace/src/internal/watcher/eventsink.go:198","message":"event sink: W^X memory mapping"}
{"level":"warn","pid":12254,"process":"DOM Worker","addr":4862724055040,"prot":7,"time":1791612006467,"caller":"/home/lakshy-sharma/Citadel/Workshop/vajra/workspace/src/internal/watcher/eventsink.go:198","message":"event sink: W^X memory mapping"}
{"level":"warn","pid":12254,"process":"DOM Worker","addr":4862724317184,"prot":7,"time":1791612006468,"caller":"/home/lakshy-sharma/Citadel/Workshop/vajra/workspace/src/internal/watcher/eventsink.go:198","message":"event sink: W^X memory mapping"}
{"level":"warn","pid":12254,"process":"DOM Worker","addr":4862724513792,"prot":7,"time":1791612006468,"caller":"/home/lakshy-sharma/Citadel/Workshop/vajra/workspace/src/internal/watcher/eventsink.go:198","message":"event sink: W^X memory mapping"}
{"level":"warn","pid":12254,"process":"DOM Worker","addr":4862724644864,"prot":7,"time":1791612006469,"caller":"/home/lakshy-sharma/Citadel/Workshop/vajra/workspace/src/internal/watcher/eventsink.go:198","message":"event sink: W^X memory mapping"}
{"level":"warn","pid":12254,"process":"DOM Worker","addr":4862724775936,"prot":7,"time":1791612006470,"caller":"/home/lakshy-sharma/Citadel/Workshop/vajra/workspace/src/internal/watcher/eventsink.go:198","message":"event sink: W^X memory mapping"}
{"level":"warn","pid":12240,"process":"Isolated Web Co","addr":2319475228672,"prot":7,"time":1791612006495,"caller":"/home/lakshy-sharma/Citadel/Workshop/vajra/workspace/src/internal/watcher/eventsink.go:198","message":"event sink: W^X memory mapping"}
{"level":"warn","pid":12240,"process":"Isolated Web Co","addr":2319475294208,"prot":7,"time":1791612006659,"caller":"/home/lakshy-sharma/Citadel/Workshop/vajra/workspace/src/internal/watcher/eventsink.go:198","message":"event sink: W^X memory mapping"}
{"level":"warn","pid":12254,"process":"Isolated Web Co","addr":4862724907008,"prot":7,"time":1791612006715,"caller":"/home/lakshy-sharma/Citadel/Workshop/vajra/workspace/src/internal/watcher/eventsink.go:198","message":"event sink: W^X memory mapping"}
{"level":"warn","pid":344422,"process":"DOM Worker","addr":8400063324160,"prot":7,"time":1791612006950,"caller":"/home/lakshy-sharma/Citadel/Workshop/vajra/workspace/src/internal/watcher/eventsink.go:198","message":"event sink: W^X memory mapping"}
{"level":"warn","pid":12240,"process":"Isolated Web Co","addr":2319475425280,"prot":7,"time":1791612008526,"caller":"/home/lakshy-sharma/Citadel/Workshop/vajra/workspace/src/internal/watcher/eventsink.go:198","message":"event sink: W^X memory mapping"}
{"level":"warn","pid":12240,"process":"Isolated Web Co","addr":2319475556352,"prot":7,"time":1791612008549,"caller":"/home/lakshy-sharma/Citadel/Workshop/vajra/workspace/src/internal/watcher/eventsink.go:198","message":"event sink: W^X memory mapping"}
{"level":"warn","pid":12240,"process":"Isolated Web Co","addr":2319475621888,"prot":7,"time":1791612008558,"caller":"/home/lakshy-sharma/Citadel/Workshop/vajra/workspace/src/internal/watcher/eventsink.go:198","message":"event sink: W^X memory mapping"}
{"level":"warn","pid":12240,"process":"Isolated Web Co","addr":2319475687424,"prot":7,"time":1791612008562,"caller":"/home/lakshy-sharma/Citadel/Workshop/vajra/workspace/src/internal/watcher/eventsink.go:198","message":"event sink: W^X memory mapping"}
{"level":"warn","pid":12240,"process":"Isolated Web Co","addr":2319475818496,"prot":7,"time":1791612008586,"caller":"/home/lakshy-sharma/Citadel/Workshop/vajra/workspace/src/internal/watcher/eventsink.go:198","message":"event sink: W^X memory mapping"}
{"level":"warn","pid":12240,"process":"Isolated Web Co","addr":2319475884032,"prot":7,"time":1791612008621,"caller":"/home/lakshy-sharma/Citadel/Workshop/vajra/workspace/src/internal/watcher/eventsink.go:198","message":"event sink: W^X memory mapping"}
{"level":"warn","pid":12240,"process":"Isolated Web Co","addr":2319476015104,"prot":7,"time":1791612008643,"caller":"/home/lakshy-sharma/Citadel/Workshop/vajra/workspace/src/internal/watcher/eventsink.go:198","message":"event sink: W^X memory mapping"}
{"level":"warn","pid":12240,"process":"Isolated Web Co","addr":2319476080640,"prot":7,"time":1791612008649,"caller":"/home/lakshy-sharma/Citadel/Workshop/vajra/workspace/src/internal/watcher/eventsink.go:198","message":"event sink: W^X memory mapping"}
{"level":"warn","pid":12240,"process":"Isolated Web Co","addr":2319476146176,"prot":7,"time":1791612008662,"caller":"/home/lakshy-sharma/Citadel/Workshop/vajra/workspace/src/internal/watcher/eventsink.go:198","message":"event sink: W^X memory mapping"}
{"level":"warn","pid":12240,"process":"Isolated Web Co","addr":2319476211712,"prot":7,"time":1791612008706,"caller":"/home/lakshy-sharma/Citadel/Workshop/vajra/workspace/src/internal/watcher/eventsink.go:198","message":"event sink: W^X memory mapping"}
{"level":"warn","pid":12240,"process":"Isolated Web Co","addr":2319476342784,"prot":7,"time":1791612008732,"caller":"/home/lakshy-sharma/Citadel/Workshop/vajra/workspace/src/internal/watcher/eventsink.go:198","message":"event sink: W^X memory mapping"}
{"level":"warn","pid":12240,"process":"Isolated Web Co","addr":2319476408320,"prot":7,"time":1791612008765,"caller":"/home/lakshy-sharma/Citadel/Workshop/vajra/workspace/src/internal/watcher/eventsink.go:198","message":"event sink: W^X memory mapping"}
{"level":"warn","pid":12240,"process":"Isolated Web Co","addr":2319476473856,"prot":7,"time":1791612008816,"caller":"/home/lakshy-sharma/Citadel/Workshop/vajra/workspace/src/internal/watcher/eventsink.go:198","message":"event sink: W^X memory mapping"}
{"level":"warn","pid":12240,"process":"Isolated Web Co","addr":2319476604928,"prot":7,"time":1791612008833,"caller":"/home/lakshy-sharma/Citadel/Workshop/vajra/workspace/src/internal/watcher/eventsink.go:198","message":"event sink: W^X memory mapping"}
{"level":"warn","pid":12240,"process":"Isolated Web Co","addr":2319476670464,"prot":7,"time":1791612008860,"caller":"/home/lakshy-sharma/Citadel/Workshop/vajra/workspace/src/internal/watcher/eventsink.go:198","message":"event sink: W^X memory mapping"}
{"level":"warn","pid":12240,"process":"Isolated Web Co","addr":2319475752960,"prot":7,"time":1791612008885,"caller":"/home/lakshy-sharma/Citadel/Workshop/vajra/workspace/src/internal/watcher/eventsink.go:198","message":"event sink: W^X memory mapping"}
{"level":"warn","pid":12254,"process":"Isolated Web Co","addr":4862724055040,"prot":7,"time":1791612008886,"caller":"/home/lakshy-sharma/Citadel/Workshop/vajra/workspace/src/internal/watcher/eventsink.go:198","message":"event sink: W^X memory mapping"}
{"level":"warn","pid":12240,"process":"Isolated Web Co","addr":2319475949568,"prot":7,"time":1791612008925,"caller":"/home/lakshy-sharma/Citadel/Workshop/vajra/workspace/src/internal/watcher/eventsink.go:198","message":"event sink: W^X memory mapping"}
{"level":"warn","pid":12240,"process":"Isolated Web Co","addr":2319476277248,"prot":7,"time":1791612008927,"caller":"/home/lakshy-sharma/Citadel/Workshop/vajra/workspace/src/internal/watcher/eventsink.go:198","message":"event sink: W^X memory mapping"}
{"level":"warn","pid":12240,"process":"Isolated Web Co","addr":2319476539392,"prot":7,"time":1791612008942,"caller":"/home/lakshy-sharma/Citadel/Workshop/vajra/workspace/src/internal/watcher/eventsink.go:198","message":"event sink: W^X memory mapping"}
{"level":"warn","pid":12240,"process":"Isolated Web Co","addr":2319476736000,"prot":7,"time":1791612008958,"caller":"/home/lakshy-sharma/Citadel/Workshop/vajra/workspace/src/internal/watcher/eventsink.go:198","message":"event sink: W^X memory mapping"}
{"level":"warn","pid":12240,"process":"Isolated Web Co","addr":2319476932608,"prot":7,"time":1791612008965,"caller":"/home/lakshy-sharma/Citadel/Workshop/vajra/workspace/src/internal/watcher/eventsink.go:198","message":"event sink: W^X memory mapping"}
{"level":"warn","pid":12240,"process":"Isolated Web Co","addr":2319476998144,"prot":7,"time":1791612008966,"caller":"/home/lakshy-sharma/Citadel/Workshop/vajra/workspace/src/internal/watcher/eventsink.go:198","message":"event sink: W^X memory mapping"}
{"level":"warn","pid":12240,"process":"Isolated Web Co","addr":2319477129216,"prot":7,"time":1791612008967,"caller":"/home/lakshy-sharma/Citadel/Workshop/vajra/workspace/src/internal/watcher/eventsink.go:198","message":"event sink: W^X memory mapping"}
{"level":"warn","pid":12240,"process":"Isolated Web Co","addr":2319477260288,"prot":7,"time":1791612008987,"caller":"/home/lakshy-sharma/Citadel/Workshop/vajra/workspace/src/internal/watcher/eventsink.go:198","message":"event sink: W^X memory mapping"}
{"level":"warn","pid":12240,"process":"Isolated Web Co","addr":2319477522432,"prot":7,"time":1791612008988,"caller":"/home/lakshy-sharma/Citadel/Workshop/vajra/workspace/src/internal/watcher/eventsink.go:198","message":"event sink: W^X memory mapping"}
{"level":"warn","pid":12240,"process":"Isolated Web Co","addr":2319477981184,"prot":7,"time":1791612008989,"caller":"/home/lakshy-sharma/Citadel/Workshop/vajra/workspace/src/internal/watcher/eventsink.go:198","message":"event sink: W^X memory mapping"}
{"level":"warn","pid":12240,"process":"Isolated Web Co","addr":2319478112256,"prot":7,"time":1791612008990,"caller":"/home/lakshy-sharma/Citadel/Workshop/vajra/workspace/src/internal/watcher/eventsink.go:198","message":"event sink: W^X memory mapping"}
{"level":"warn","pid":12240,"process":"Isolated Web Co","addr":2319478243328,"prot":7,"time":1791612008993,"caller":"/home/lakshy-sharma/Citadel/Workshop/vajra/workspace/src/internal/watcher/eventsink.go:198","message":"event sink: W^X memory mapping"}
{"level":"warn","pid":12240,"process":"Isolated Web Co","addr":2319478308864,"prot":7,"time":1791612009028,"caller":"/home/lakshy-sharma/Citadel/Workshop/vajra/workspace/src/internal/watcher/eventsink.go:198","message":"event sink: W^X memory mapping"}
{"level":"warn","pid":12240,"process":"Isolated Web Co","addr":2319478374400,"prot":7,"time":1791612009048,"caller":"/home/lakshy-sharma/Citadel/Workshop/vajra/workspace/src/internal/watcher/eventsink.go:198","message":"event sink: W^X memory mapping"}
{"level":"warn","pid":12240,"process":"Isolated Web Co","addr":2319478505472,"prot":7,"time":1791612009252,"caller":"/home/lakshy-sharma/Citadel/Workshop/vajra/workspace/src/internal/watcher/eventsink.go:198","message":"event sink: W^X memory mapping"}
{"level":"warn","pid":12240,"process":"Isolated Web Co","addr":2319478571008,"prot":7,"time":1791612009301,"caller":"/home/lakshy-sharma/Citadel/Workshop/vajra/workspace/src/internal/watcher/eventsink.go:198","message":"event sink: W^X memory mapping"}
{"level":"warn","pid":12240,"process":"Isolated Web Co","addr":2319478702080,"prot":7,"time":1791612009458,"caller":"/home/lakshy-sharma/Citadel/Workshop/vajra/workspace/src/internal/watcher/eventsink.go:198","message":"event sink: W^X memory mapping"}
{"level":"warn","pid":12240,"process":"Isolated Web Co","addr":2319478833152,"prot":7,"time":1791612009469,"caller":"/home/lakshy-sharma/Citadel/Workshop/vajra/workspace/src/internal/watcher/eventsink.go:198","message":"event sink: W^X memory mapping"}
{"level":"warn","pid":12240,"process":"Isolated Web Co","addr":2319478898688,"prot":7,"time":1791612009487,"caller":"/home/lakshy-sharma/Citadel/Workshop/vajra/workspace/src/internal/watcher/eventsink.go:198","message":"event sink: W^X memory mapping"}
{"level":"warn","pid":12254,"process":"DOM Worker","addr":4862724317184,"prot":7,"time":1791612009834,"caller":"/home/lakshy-sharma/Citadel/Workshop/vajra/workspace/src/internal/watcher/eventsink.go:198","message":"event sink: W^X memory mapping"}
{"level":"warn","pid":12254,"process":"DOM Worker","addr":4862724513792,"prot":7,"time":1791612009840,"caller":"/home/lakshy-sharma/Citadel/Workshop/vajra/workspace/src/internal/watcher/eventsink.go:198","message":"event sink: W^X memory mapping"}
{"level":"warn","pid":12254,"process":"DOM Worker","addr":4862724644864,"prot":7,"time":1791612009843,"caller":"/home/lakshy-sharma/Citadel/Workshop/vajra/workspace/src/internal/watcher/eventsink.go:198","message":"event sink: W^X memory mapping"}
{"level":"warn","pid":12254,"process":"DOM Worker","addr":4862724775936,"prot":7,"time":1791612009845,"caller":"/home/lakshy-sharma/Citadel/Workshop/vajra/workspace/src/internal/watcher/eventsink.go:198","message":"event sink: W^X memory mapping"}
{"level":"warn","pid":12254,"process":"DOM Worker","addr":4862725169152,"prot":7,"time":1791612009852,"caller":"/home/lakshy-sharma/Citadel/Workshop/vajra/workspace/src/internal/watcher/eventsink.go:198","message":"event sink: W^X memory mapping"}
{"level":"warn","pid":12240,"process":"Isolated Web Co","addr":2319479029760,"prot":7,"time":1791612010128,"caller":"/home/lakshy-sharma/Citadel/Workshop/vajra/workspace/src/internal/watcher/eventsink.go:198","message":"event sink: W^X memory mapping"}
{"level":"warn","pid":11309,"process":"DNS Res~r #3192","dst":"127.0.0.53","dst_port":53,"time":1791612010144,"caller":"/home/lakshy-sharma/Citadel/Workshop/vajra/workspace/src/internal/watcher/eventsink.go:127","message":"event sink: high-value network connection"}
{"level":"warn","pid":12240,"process":"Isolated Web Co","addr":2319479095296,"prot":7,"time":1791612010145,"caller":"/home/lakshy-sharma/Citadel/Workshop/vajra/workspace/src/internal/watcher/eventsink.go:198","message":"event sink: W^X memory mapping"}
{"level":"warn","pid":528,"process":"systemd-resolve","dst":"192.168.0.1","dst_port":53,"time":1791612010146,"caller":"/home/lakshy-sharma/Citadel/Workshop/vajra/workspace/src/internal/watcher/eventsink.go:127","message":"event sink: high-value network connection"}
{"level":"warn","pid":12240,"process":"Isolated Web Co","addr":2319479160832,"prot":7,"time":1791612010147,"caller":"/home/lakshy-sharma/Citadel/Workshop/vajra/workspace/src/internal/watcher/eventsink.go:198","message":"event sink: W^X memory mapping"}
{"level":"warn","pid":528,"process":"systemd-resolve","dst":"192.168.0.1","dst_port":53,"time":1791612010149,"caller":"/home/lakshy-sharma/Citadel/Workshop/vajra/workspace/src/internal/watcher/eventsink.go:127","message":"event sink: high-value network connection"}
{"level":"warn","pid":11309,"process":"Socket Thread","dst":"127.0.0.53","dst_port":0,"time":1791612010150,"caller":"/home/lakshy-sharma/Citadel/Workshop/vajra/workspace/src/internal/watcher/eventsink.go:127","message":"event sink: high-value network connection"}
{"level":"warn","pid":11309,"process":"Socket Thread","dst":"7f00:35::","dst_port":0,"time":1791612010155,"caller":"/home/lakshy-sharma/Citadel/Workshop/vajra/workspace/src/internal/watcher/eventsink.go:127","message":"event sink: high-value network connection"}
{"level":"warn","pid":11309,"process":"Socket Thread","dst":"7f00:35::","dst_port":0,"time":1791612010165,"caller":"/home/lakshy-sharma/Citadel/Workshop/vajra/workspace/src/internal/watcher/eventsink.go:127","message":"event sink: high-value network connection"}
{"level":"warn","pid":11309,"process":"Socket Thread","dst":"127.0.0.53","dst_port":0,"time":1791612010168,"caller":"/home/lakshy-sharma/Citadel/Workshop/vajra/workspace/src/internal/watcher/eventsink.go:127","message":"event sink: high-value network connection"}
{"level":"warn","pid":11309,"process":"DNS Res~r #3192","dst":"142.251.175.119","dst_port":0,"time":1791612010172,"caller":"/home/lakshy-sharma/Citadel/Workshop/vajra/workspace/src/internal/watcher/eventsink.go:127","message":"event sink: high-value network connection"}
{"level":"warn","pid":11309,"process":"DNS Res~r #3192","dst":"74.125.68.119","dst_port":0,"time":1791612010173,"caller":"/home/lakshy-sharma/Citadel/Workshop/vajra/workspace/src/internal/watcher/eventsink.go:127","message":"event sink: high-value network connection"}
{"level":"warn","pid":11309,"process":"DNS Res~r #3192","dst":"142.251.12.119","dst_port":0,"time":1791612010174,"caller":"/home/lakshy-sharma/Citadel/Workshop/vajra/workspace/src/internal/watcher/eventsink.go:127","message":"event sink: high-value network connection"}
{"level":"warn","pid":11309,"process":"DNS Res~r #3192","dst":"142.251.10.119","dst_port":0,"time":1791612010176,"caller":"/home/lakshy-sharma/Citadel/Workshop/vajra/workspace/src/internal/watcher/eventsink.go:127","message":"event sink: high-value network connection"}
{"level":"warn","pid":11309,"process":"DNS Res~r #3192","dst":"74.125.130.119","dst_port":0,"time":1791612010176,"caller":"/home/lakshy-sharma/Citadel/Workshop/vajra/workspace/src/internal/watcher/eventsink.go:127","message":"event sink: high-value network connection"}
{"level":"warn","pid":11309,"process":"DNS Res~r #3192","dst":"172.253.158.119","dst_port":0,"time":1791612010177,"caller":"/home/lakshy-sharma/Citadel/Workshop/vajra/workspace/src/internal/watcher/eventsink.go:127","message":"event sink: high-value network connection"}
{"level":"warn","pid":11309,"process":"DNS Res~r #3192","dst":"172.253.118.119","dst_port":0,"time":1791612010178,"caller":"/home/lakshy-sharma/Citadel/Workshop/vajra/workspace/src/internal/watcher/eventsink.go:127","message":"event sink: high-value network connection"}
{"level":"warn","pid":11309,"process":"DNS Res~r #3192","dst":"172.217.70.119","dst_port":0,"time":1791612010180,"caller":"/home/lakshy-sharma/Citadel/Workshop/vajra/workspace/src/internal/watcher/eventsink.go:127","message":"event sink: high-value network connection"}
{"level":"warn","pid":11309,"process":"DNS Res~r #3192","dst":"74.125.200.119","dst_port":0,"time":1791612010180,"caller":"/home/lakshy-sharma/Citadel/Workshop/vajra/workspace/src/internal/watcher/eventsink.go:127","message":"event sink: high-value network connection"}
{"level":"warn","pid":11309,"process":"DNS Res~r #3192","dst":"172.217.194.119","dst_port":0,"time":1791612010181,"caller":"/home/lakshy-sharma/Citadel/Workshop/vajra/workspace/src/internal/watcher/eventsink.go:127","message":"event sink: high-value network connection"}
{"level":"warn","pid":11309,"process":"DNS Res~r #3192","dst":"142.250.4.119","dst_port":0,"time":1791612010182,"caller":"/home/lakshy-sharma/Citadel/Workshop/vajra/workspace/src/internal/watcher/eventsink.go:127","message":"event sink: high-value network connection"}
{"level":"warn","pid":11309,"process":"DNS Res~r #3192","dst":"74.125.24.119","dst_port":0,"time":1791612010183,"caller":"/home/lakshy-sharma/Citadel/Workshop/vajra/workspace/src/internal/watcher/eventsink.go:127","message":"event sink: high-value network connection"}
{"level":"warn","pid":11309,"process":"DNS Res~r #3192","dst":"64.233.170.119","dst_port":0,"time":1791612010184,"caller":"/home/lakshy-sharma/Citadel/Workshop/vajra/workspace/src/internal/watcher/eventsink.go:127","message":"event sink: high-value network connection"}
{"level":"warn","pid":11309,"process":"DNS Res~r #3192","dst":"2404:6800:4003:c0f::77","dst_port":0,"time":1791612010185,"caller":"/home/lakshy-sharma/Citadel/Workshop/vajra/workspace/src/internal/watcher/eventsink.go:127","message":"event sink: high-value network connection"}
{"level":"warn","pid":11309,"process":"DNS Res~r #3192","dst":"64.233.170.119","dst_port":0,"time":1791612010185,"caller":"/home/lakshy-sharma/Citadel/Workshop/vajra/workspace/src/internal/watcher/eventsink.go:127","message":"event sink: high-value network connection"}
{"level":"warn","pid":11309,"process":"DNS Res~r #3192","dst":"74.125.24.119","dst_port":0,"time":1791612010186,"caller":"/home/lakshy-sharma/Citadel/Workshop/vajra/workspace/src/internal/watcher/eventsink.go:127","message":"event sink: high-value network connection"}
{"level":"warn","pid":11309,"process":"DNS Res~r #3192","dst":"74.125.68.119","dst_port":0,"time":1791612010186,"caller":"/home/lakshy-sharma/Citadel/Workshop/vajra/workspace/src/internal/watcher/eventsink.go:127","message":"event sink: high-value network connection"}
{"level":"warn","pid":11309,"process":"DNS Res~r #3192","dst":"74.125.130.119","dst_port":0,"time":1791612010187,"caller":"/home/lakshy-sharma/Citadel/Workshop/vajra/workspace/src/internal/watcher/eventsink.go:127","message":"event sink: high-value network connection"}
{"level":"warn","pid":11309,"process":"DNS Res~r #3192","dst":"74.125.200.119","dst_port":0,"time":1791612010196,"caller":"/home/lakshy-sharma/Citadel/Workshop/vajra/workspace/src/internal/watcher/eventsink.go:127","message":"event sink: high-value network connection"}
{"level":"warn","pid":11309,"process":"DNS Res~r #3192","dst":"142.250.4.119","dst_port":0,"time":1791612010197,"caller":"/home/lakshy-sharma/Citadel/Workshop/vajra/workspace/src/internal/watcher/eventsink.go:127","message":"event sink: high-value network connection"}
{"level":"warn","pid":11309,"process":"DNS Res~r #3192","dst":"142.251.10.119","dst_port":0,"time":1791612010197,"caller":"/home/lakshy-sharma/Citadel/Workshop/vajra/workspace/src/internal/watcher/eventsink.go:127","message":"event sink: high-value network connection"}
{"level":"warn","pid":11309,"process":"DNS Res~r #3192","dst":"142.251.12.119","dst_port":0,"time":1791612010200,"caller":"/home/lakshy-sharma/Citadel/Workshop/vajra/workspace/src/internal/watcher/eventsink.go:127","message":"event sink: high-value network connection"}
{"level":"warn","pid":11309,"process":"DNS Res~r #3192","dst":"142.251.175.119","dst_port":0,"time":1791612010201,"caller":"/home/lakshy-sharma/Citadel/Workshop/vajra/workspace/src/internal/watcher/eventsink.go:127","message":"event sink: high-value network connection"}
{"level":"warn","pid":11309,"process":"DNS Res~r #3192","dst":"172.217.70.119","dst_port":0,"time":1791612010205,"caller":"/home/lakshy-sharma/Citadel/Workshop/vajra/workspace/src/internal/watcher/eventsink.go:127","message":"event sink: high-value network connection"}
{"level":"warn","pid":11309,"process":"DNS Res~r #3192","dst":"172.217.194.119","dst_port":0,"time":1791612010220,"caller":"/home/lakshy-sharma/Citadel/Workshop/vajra/workspace/src/internal/watcher/eventsink.go:127","message":"event sink: high-value network connection"}
{"level":"warn","pid":11309,"process":"DNS Res~r #3192","dst":"172.253.118.119","dst_port":0,"time":1791612010221,"caller":"/home/lakshy-sharma/Citadel/Workshop/vajra/workspace/src/internal/watcher/eventsink.go:127","message":"event sink: high-value network connection"}
{"level":"warn","pid":11309,"process":"DNS Res~r #3192","dst":"172.253.158.119","dst_port":0,"time":1791612010222,"caller":"/home/lakshy-sharma/Citadel/Workshop/vajra/workspace/src/internal/watcher/eventsink.go:127","message":"event sink: high-value network connection"}
{"level":"warn","pid":11309,"process":"DNS Res~r #3192","dst":"2404:6800:4003:c02::77","dst_port":0,"time":1791612010223,"caller":"/home/lakshy-sharma/Citadel/Workshop/vajra/workspace/src/internal/watcher/eventsink.go:127","message":"event sink: high-value network connection"}
{"level":"warn","pid":11309,"process":"DNS Res~r #3192","dst":"2404:6800:4003:c0f::77","dst_port":0,"time":1791612010231,"caller":"/home/lakshy-sharma/Citadel/Workshop/vajra/workspace/src/internal/watcher/eventsink.go:127","message":"event sink: high-value network connection"}
{"level":"warn","pid":11309,"process":"DNS Res~r #3192","dst":"2404:6800:4003:c11::77","dst_port":0,"time":1791612010234,"caller":"/home/lakshy-sharma/Citadel/Workshop/vajra/workspace/src/internal/watcher/eventsink.go:127","message":"event sink: high-value network connection"}
{"level":"warn","pid":11309,"process":"DNS Res~r #3192","dst":"2404:6800:4003:c01::77","dst_port":0,"time":1791612010234,"caller":"/home/lakshy-sharma/Citadel/Workshop/vajra/workspace/src/internal/watcher/eventsink.go:127","message":"event sink: high-value network connection"}
{"level":"warn","pid":11309,"process":"DNS Res~r #3192","dst":"127.0.0.53","dst_port":53,"time":1791612010239,"caller":"/home/lakshy-sharma/Citadel/Workshop/vajra/workspace/src/internal/watcher/eventsink.go:127","message":"event sink: high-value network connection"}
{"level":"warn","pid":11309,"process":"DNS Res~r #3192","dst":"2404:6800:4003:c01::77","dst_port":0,"time":1791612010257,"caller":"/home/lakshy-sharma/Citadel/Workshop/vajra/workspace/src/internal/watcher/eventsink.go:127","message":"event sink: high-value network connection"}
{"level":"warn","pid":11309,"process":"DNS Res~r #3192","dst":"2404:6800:4003:c02::77","dst_port":0,"time":1791612010279,"caller":"/home/lakshy-sharma/Citadel/Workshop/vajra/workspace/src/internal/watcher/eventsink.go:127","message":"event sink: high-value network connection"}
{"level":"warn","pid":11309,"process":"DNS Res~r #3192","dst":"2404:6800:4003:c11::77","dst_port":0,"time":1791612010286,"caller":"/home/lakshy-sharma/Citadel/Workshop/vajra/workspace/src/internal/watcher/eventsink.go:127","message":"event sink: high-value network connection"}
{"level":"warn","pid":12240,"process":"Isolated Web Co","addr":2319479291904,"prot":7,"time":1791612012178,"caller":"/home/lakshy-sharma/Citadel/Workshop/vajra/workspace/src/internal/watcher/eventsink.go:198","message":"event sink: W^X memory mapping"}
{"level":"warn","pid":344422,"process":"DOM Worker","addr":8400063324160,"prot":7,"time":1791612012267,"caller":"/home/lakshy-sharma/Citadel/Workshop/vajra/workspace/src/internal/watcher/eventsink.go:198","message":"event sink: W^X memory mapping"}
{"level":"warn","pid":12240,"process":"Isolated Web Co","addr":2319479422976,"prot":7,"time":1791612012409,"caller":"/home/lakshy-sharma/Citadel/Workshop/vajra/workspace/src/internal/watcher/eventsink.go:198","message":"event sink: W^X memory mapping"}
{"level":"warn","pid":11309,"process":"DNS Res~r #3192","dst":"127.0.0.53","dst_port":53,"time":1791612012717,"caller":"/home/lakshy-sharma/Citadel/Workshop/vajra/workspace/src/internal/watcher/eventsink.go:127","message":"event sink: high-value network connection"}
{"level":"warn","pid":528,"process":"systemd-resolve","dst":"192.168.0.1","dst_port":53,"time":1791612012720,"caller":"/home/lakshy-sharma/Citadel/Workshop/vajra/workspace/src/internal/watcher/eventsink.go:127","message":"event sink: high-value network connection"}
{"level":"warn","pid":11309,"process":"DNS Res~r #3193","dst":"127.0.0.53","dst_port":53,"time":1791612012721,"caller":"/home/lakshy-sharma/Citadel/Workshop/vajra/workspace/src/internal/watcher/eventsink.go:127","message":"event sink: high-value network connection"}
{"level":"warn","pid":528,"process":"systemd-resolve","dst":"192.168.0.1","dst_port":53,"time":1791612012723,"caller":"/home/lakshy-sharma/Citadel/Workshop/vajra/workspace/src/internal/watcher/eventsink.go:127","message":"event sink: high-value network connection"}
{"level":"warn","pid":528,"process":"systemd-resolve","dst":"192.168.0.1","dst_port":53,"time":1791612012724,"caller":"/home/lakshy-sharma/Citadel/Workshop/vajra/workspace/src/internal/watcher/eventsink.go:127","message":"event sink: high-value network connection"}
{"level":"warn","pid":11309,"process":"DNS Res~r #3193","dst":"142.251.157.4","dst_port":0,"time":1791612012794,"caller":"/home/lakshy-sharma/Citadel/Workshop/vajra/workspace/src/internal/watcher/eventsink.go:127","message":"event sink: high-value network connection"}
{"level":"warn","pid":11309,"process":"DNS Res~r #3193","dst":"142.251.150.4","dst_port":0,"time":1791612012795,"caller":"/home/lakshy-sharma/Citadel/Workshop/vajra/workspace/src/internal/watcher/eventsink.go:127","message":"event sink: high-value network connection"}
{"level":"warn","pid":11309,"process":"DNS Res~r #3193","dst":"142.251.151.4","dst_port":0,"time":1791612012797,"caller":"/home/lakshy-sharma/Citadel/Workshop/vajra/workspace/src/internal/watcher/eventsink.go:127","message":"event sink: high-value network connection"}
{"level":"warn","pid":11309,"process":"DNS Res~r #3193","dst":"142.251.152.4","dst_port":0,"time":1791612012799,"caller":"/home/lakshy-sharma/Citadel/Workshop/vajra/workspace/src/internal/watcher/eventsink.go:127","message":"event sink: high-value network connection"}
{"level":"warn","pid":11309,"process":"DNS Res~r #3193","dst":"142.251.153.4","dst_port":0,"time":1791612012800,"caller":"/home/lakshy-sharma/Citadel/Workshop/vajra/workspace/src/internal/watcher/eventsink.go:127","message":"event sink: high-value network connection"}
{"level":"warn","pid":11309,"process":"DNS Res~r #3193","dst":"142.251.154.4","dst_port":0,"time":1791612012803,"caller":"/home/lakshy-sharma/Citadel/Workshop/vajra/workspace/src/internal/watcher/eventsink.go:127","message":"event sink: high-value network connection"}
{"level":"warn","pid":11309,"process":"DNS Res~r #3193","dst":"142.251.155.4","dst_port":0,"time":1791612012803,"caller":"/home/lakshy-sharma/Citadel/Workshop/vajra/workspace/src/internal/watcher/eventsink.go:127","message":"event sink: high-value network connection"}
{"level":"warn","pid":11309,"process":"DNS Res~r #3193","dst":"142.251.156.4","dst_port":0,"time":1791612012804,"caller":"/home/lakshy-sharma/Citadel/Workshop/vajra/workspace/src/internal/watcher/eventsink.go:127","message":"event sink: high-value network connection"}
{"level":"warn","pid":11309,"process":"DNS Res~r #3193","dst":"2001:4860:4827:400::","dst_port":0,"time":1791612012804,"caller":"/home/lakshy-sharma/Citadel/Workshop/vajra/workspace/src/internal/watcher/eventsink.go:127","message":"event sink: high-value network connection"}
{"level":"warn","pid":11309,"process":"DNS Res~r #3193","dst":"2001:4860:4828:400::","dst_port":0,"time":1791612012806,"caller":"/home/lakshy-sharma/Citadel/Workshop/vajra/workspace/src/internal/watcher/eventsink.go:127","message":"event sink: high-value network connection"}
{"level":"warn","pid":11309,"process":"DNS Res~r #3193","dst":"2001:4860:4829:400::","dst_port":0,"time":1791612012807,"caller":"/home/lakshy-sharma/Citadel/Workshop/vajra/workspace/src/internal/watcher/eventsink.go:127","message":"event sink: high-value network connection"}
{"level":"warn","pid":11309,"process":"DNS Res~r #3193","dst":"2001:4860:482a:400::","dst_port":0,"time":1791612012809,"caller":"/home/lakshy-sharma/Citadel/Workshop/vajra/workspace/src/internal/watcher/eventsink.go:127","message":"event sink: high-value network connection"}
{"level":"warn","pid":11309,"process":"DNS Res~r #3193","dst":"2001:4860:482b:400::","dst_port":0,"time":1791612012810,"caller":"/home/lakshy-sharma/Citadel/Workshop/vajra/workspace/src/internal/watcher/eventsink.go:127","message":"event sink: high-value network connection"}
{"level":"warn","pid":11309,"process":"DNS Res~r #3193","dst":"2001:4860:482c:400::","dst_port":0,"time":1791612012811,"caller":"/home/lakshy-sharma/Citadel/Workshop/vajra/workspace/src/internal/watcher/eventsink.go:127","message":"event sink: high-value network connection"}
{"level":"warn","pid":11309,"process":"DNS Res~r #3193","dst":"2001:4860:482d:400::","dst_port":0,"time":1791612012812,"caller":"/home/lakshy-sharma/Citadel/Workshop/vajra/workspace/src/internal/watcher/eventsink.go:127","message":"event sink: high-value network connection"}
{"level":"warn","pid":11309,"process":"DNS Res~r #3193","dst":"2001:4860:4826:400::","dst_port":0,"time":1791612012830,"caller":"/home/lakshy-sharma/Citadel/Workshop/vajra/workspace/src/internal/watcher/eventsink.go:127","message":"event sink: high-value network connection"}
{"level":"warn","pid":12240,"process":"Isolated Web Co","addr":2319479554048,"prot":7,"time":1791612012839,"caller":"/home/lakshy-sharma/Citadel/Workshop/vajra/workspace/src/internal/watcher/eventsink.go:198","message":"event sink: W^X memory mapping"}
{"level":"warn","pid":12240,"process":"Isolated Web Co","addr":2319479685120,"prot":7,"time":1791612012854,"caller":"/home/lakshy-sharma/Citadel/Workshop/vajra/workspace/src/internal/watcher/eventsink.go:198","message":"event sink: W^X memory mapping"}
{"level":"warn","pid":12240,"process":"Isolated Web Co","addr":2319479816192,"prot":7,"time":1791612012917,"caller":"/home/lakshy-sharma/Citadel/Workshop/vajra/workspace/src/internal/watcher/eventsink.go:198","message":"event sink: W^X memory mapping"}
{"level":"warn","pid":12240,"process":"Isolated Web Co","addr":2319479947264,"prot":7,"time":1791612013007,"caller":"/home/lakshy-sharma/Citadel/Workshop/vajra/workspace/src/internal/watcher/eventsink.go:198","message":"event sink: W^X memory mapping"}
{"level":"warn","pid":12254,"process":"DOM Worker","addr":4862724317184,"prot":7,"time":1791612013173,"caller":"/home/lakshy-sharma/Citadel/Workshop/vajra/workspace/src/internal/watcher/eventsink.go:198","message":"event sink: W^X memory mapping"}
{"level":"warn","pid":12254,"process":"DOM Worker","addr":4862724513792,"prot":7,"time":1791612013180,"caller":"/home/lakshy-sharma/Citadel/Workshop/vajra/workspace/src/internal/watcher/eventsink.go:198","message":"event sink: W^X memory mapping"}
{"level":"warn","pid":12254,"process":"DOM Worker","addr":4862724644864,"prot":7,"time":1791612013248,"caller":"/home/lakshy-sharma/Citadel/Workshop/vajra/workspace/src/internal/watcher/eventsink.go:198","message":"event sink: W^X memory mapping"}
{"level":"warn","pid":12240,"process":"Isolated Web Co","addr":2319480078336,"prot":7,"time":1791612013255,"caller":"/home/lakshy-sharma/Citadel/Workshop/vajra/workspace/src/internal/watcher/eventsink.go:198","message":"event sink: W^X memory mapping"}
{"level":"warn","pid":12240,"process":"Isolated Web Co","addr":2319480143872,"prot":7,"time":1791612013635,"caller":"/home/lakshy-sharma/Citadel/Workshop/vajra/workspace/src/internal/watcher/eventsink.go:198","message":"event sink: W^X memory mapping"}
{"level":"warn","pid":12240,"process":"Isolated Web Co","addr":2319480209408,"prot":7,"time":1791612013667,"caller":"/home/lakshy-sharma/Citadel/Workshop/vajra/workspace/src/internal/watcher/eventsink.go:198","message":"event sink: W^X memory mapping"}
{"level":"warn","pid":12240,"process":"Isolated Web Co","addr":2319480406016,"prot":7,"time":1791612013678,"caller":"/home/lakshy-sharma/Citadel/Workshop/vajra/workspace/src/internal/watcher/eventsink.go:198","message":"event sink: W^X memory mapping"}
{"level":"warn","pid":12240,"process":"Isolated Web Co","addr":2319480471552,"prot":7,"time":1791612013685,"caller":"/home/lakshy-sharma/Citadel/Workshop/vajra/workspace/src/internal/watcher/eventsink.go:198","message":"event sink: W^X memory mapping"}
{"level":"warn","pid":12240,"process":"Isolated Web Co","addr":2319480537088,"prot":7,"time":1791612013880,"caller":"/home/lakshy-sharma/Citadel/Workshop/vajra/workspace/src/internal/watcher/eventsink.go:198","message":"event sink: W^X memory mapping"}
{"level":"warn","pid":12240,"process":"Isolated Web Co","addr":2319480602624,"prot":7,"time":1791612013884,"caller":"/home/lakshy-sharma/Citadel/Workshop/vajra/workspace/src/internal/watcher/eventsink.go:198","message":"event sink: W^X memory mapping"}
{"level":"warn","pid":12240,"process":"Isolated Web Co","addr":2319480733696,"prot":7,"time":1791612013923,"caller":"/home/lakshy-sharma/Citadel/Workshop/vajra/workspace/src/internal/watcher/eventsink.go:198","message":"event sink: W^X memory mapping"}
{"level":"warn","pid":11309,"process":"DNS Res~r #3192","dst":"127.0.0.53","dst_port":53,"time":1791612013927,"caller":"/home/lakshy-sharma/Citadel/Workshop/vajra/workspace/src/internal/watcher/eventsink.go:127","message":"event sink: high-value network connection"}
{"level":"warn","pid":12240,"process":"Isolated Web Co","addr":2319480930304,"prot":7,"time":1791612013930,"caller":"/home/lakshy-sharma/Citadel/Workshop/vajra/workspace/src/internal/watcher/eventsink.go:198","message":"event sink: W^X memory mapping"}
{"level":"warn","pid":11309,"process":"DNS Res~r #3192","dst":"150.242.84.76","dst_port":0,"time":1791612013934,"caller":"/home/lakshy-sharma/Citadel/Workshop/vajra/workspace/src/internal/watcher/eventsink.go:127","message":"event sink: high-value network connection"}
{"level":"warn","pid":12240,"process":"Isolated Web Co","addr":2319480995840,"prot":7,"time":1791612013949,"caller":"/home/lakshy-sharma/Citadel/Workshop/vajra/workspace/src/internal/watcher/eventsink.go:198","message":"event sink: W^X memory mapping"}
{"level":"warn","pid":11309,"process":"DNS Res~r #3192","dst":"2400:80c0:0:2::c","dst_port":0,"time":1791612013963,"caller":"/home/lakshy-sharma/Citadel/Workshop/vajra/workspace/src/internal/watcher/eventsink.go:127","message":"event sink: high-value network connection"}
{"level":"warn","pid":11309,"process":"Socket Thread","dst":"0.0.0.0","dst_port":0,"time":1791612013970,"caller":"/home/lakshy-sharma/Citadel/Workshop/vajra/workspace/src/internal/watcher/eventsink.go:127","message":"event sink: high-value network connection"}
{"level":"warn","pid":11309,"process":"Socket Thread","dst":"::","dst_port":0,"time":1791612013975,"caller":"/home/lakshy-sharma/Citadel/Workshop/vajra/workspace/src/internal/watcher/eventsink.go:127","message":"event sink: high-value network connection"}
{"level":"warn","pid":11309,"process":"Socket Thread","dst":"::","dst_port":0,"time":1791612013978,"caller":"/home/lakshy-sharma/Citadel/Workshop/vajra/workspace/src/internal/watcher/eventsink.go:127","message":"event sink: high-value network connection"}
{"level":"warn","pid":11309,"process":"DNS Res~r #3192","dst":"127.0.0.53","dst_port":53,"time":1791612013981,"caller":"/home/lakshy-sharma/Citadel/Workshop/vajra/workspace/src/internal/watcher/eventsink.go:127","message":"event sink: high-value network connection"}
{"level":"warn","pid":11309,"process":"Socket Thread","dst":"0.0.0.0","dst_port":0,"time":1791612013983,"caller":"/home/lakshy-sharma/Citadel/Workshop/vajra/workspace/src/internal/watcher/eventsink.go:127","message":"event sink: high-value network connection"}
{"level":"warn","pid":11309,"process":"DNS Res~r #3192","dst":"150.242.84.76","dst_port":0,"time":1791612013985,"caller":"/home/lakshy-sharma/Citadel/Workshop/vajra/workspace/src/internal/watcher/eventsink.go:127","message":"event sink: high-value network connection"}
{"level":"warn","pid":11309,"process":"DNS Res~r #3192","dst":"2400:80c0:0:2::c","dst_port":0,"time":1791612013986,"caller":"/home/lakshy-sharma/Citadel/Workshop/vajra/workspace/src/internal/watcher/eventsink.go:127","message":"event sink: high-value network connection"}
{"level":"warn","pid":12240,"process":"Isolated Web Co","addr":2319481061376,"prot":7,"time":1791612014053,"caller":"/home/lakshy-sharma/Citadel/Workshop/vajra/workspace/src/internal/watcher/eventsink.go:198","message":"event sink: W^X memory mapping"}
{"level":"warn","pid":12240,"process":"Isolated Web Co","addr":2319481126912,"prot":7,"time":1791612014224,"caller":"/home/lakshy-sharma/Citadel/Workshop/vajra/workspace/src/internal/watcher/eventsink.go:198","message":"event sink: W^X memory mapping"}
{"level":"warn","pid":12240,"process":"Isolated Web Co","addr":2319481192448,"prot":7,"time":1791612014252,"caller":"/home/lakshy-sharma/Citadel/Workshop/vajra/workspace/src/internal/watcher/eventsink.go:198","message":"event sink: W^X memory mapping"}
{"level":"warn","pid":12240,"process":"Isolated Web Co","addr":2319481323520,"prot":7,"time":1791612014284,"caller":"/home/lakshy-sharma/Citadel/Workshop/vajra/workspace/src/internal/watcher/eventsink.go:198","message":"event sink: W^X memory mapping"}
{"level":"warn","pid":12240,"process":"Isolated Web Co","addr":2319481389056,"prot":7,"time":1791612014359,"caller":"/home/lakshy-sharma/Citadel/Workshop/vajra/workspace/src/internal/watcher/eventsink.go:198","message":"event sink: W^X memory mapping"}
{"level":"warn","pid":12240,"process":"Isolated Web Co","addr":2319481454592,"prot":7,"time":1791612014425,"caller":"/home/lakshy-sharma/Citadel/Workshop/vajra/workspace/src/internal/watcher/eventsink.go:198","message":"event sink: W^X memory mapping"}
{"level":"warn","pid":12240,"process":"Isolated Web Co","addr":2319481520128,"prot":7,"time":1791612014432,"caller":"/home/lakshy-sharma/Citadel/Workshop/vajra/workspace/src/internal/watcher/eventsink.go:198","message":"event sink: W^X memory mapping"}
{"level":"warn","pid":12240,"process":"Isolated Web Co","addr":2319481585664,"prot":7,"time":1791612014555,"caller":"/home/lakshy-sharma/Citadel/Workshop/vajra/workspace/src/internal/watcher/eventsink.go:198","message":"event sink: W^X memory mapping"}
{"level":"warn","pid":12240,"process":"Isolated Web Co","addr":2319481651200,"prot":7,"time":1791612014855,"caller":"/home/lakshy-sharma/Citadel/Workshop/vajra/workspace/src/internal/watcher/eventsink.go:198","message":"event sink: W^X memory mapping"}
{"level":"warn","pid":12240,"process":"Isolated Web Co","addr":2319481782272,"prot":7,"time":1791612014860,"caller":"/home/lakshy-sharma/Citadel/Workshop/vajra/workspace/src/internal/watcher/eventsink.go:198","message":"event sink: W^X memory mapping"}
{"level":"warn","pid":12240,"process":"Isolated Web Co","addr":2319481913344,"prot":7,"time":1791612014941,"caller":"/home/lakshy-sharma/Citadel/Workshop/vajra/workspace/src/internal/watcher/eventsink.go:198","message":"event sink: W^X memory mapping"}
{"level":"warn","pid":12240,"process":"Isolated Web Co","addr":2319482044416,"prot":7,"time":1791612014945,"caller":"/home/lakshy-sharma/Citadel/Workshop/vajra/workspace/src/internal/watcher/eventsink.go:198","message":"event sink: W^X memory mapping"}
{"level":"warn","pid":12240,"process":"Isolated Web Co","addr":2319482109952,"prot":7,"time":1791612014949,"caller":"/home/lakshy-sharma/Citadel/Workshop/vajra/workspace/src/internal/watcher/eventsink.go:198","message":"event sink: W^X memory mapping"}
{"level":"warn","pid":12240,"process":"Isolated Web Co","addr":2319482175488,"prot":7,"time":1791612014974,"caller":"/home/lakshy-sharma/Citadel/Workshop/vajra/workspace/src/internal/watcher/eventsink.go:198","message":"event sink: W^X memory mapping"}
{"level":"warn","pid":12240,"process":"Isolated Web Co","addr":2319482241024,"prot":7,"time":1791612014977,"caller":"/home/lakshy-sharma/Citadel/Workshop/vajra/workspace/src/internal/watcher/eventsink.go:198","message":"event sink: W^X memory mapping"}
{"level":"warn","pid":12240,"process":"Isolated Web Co","addr":2319482306560,"prot":7,"time":1791612014978,"caller":"/home/lakshy-sharma/Citadel/Workshop/vajra/workspace/src/internal/watcher/eventsink.go:198","message":"event sink: W^X memory mapping"}
{"level":"warn","pid":12240,"process":"Isolated Web Co","addr":2319482372096,"prot":7,"time":1791612014988,"caller":"/home/lakshy-sharma/Citadel/Workshop/vajra/workspace/src/internal/watcher/eventsink.go:198","message":"event sink: W^X memory mapping"}
{"level":"warn","pid":12240,"process":"Isolated Web Co","addr":2319482437632,"prot":7,"time":1791612015009,"caller":"/home/lakshy-sharma/Citadel/Workshop/vajra/workspace/src/internal/watcher/eventsink.go:198","message":"event sink: W^X memory mapping"}
{"level":"warn","pid":12240,"process":"Isolated Web Co","addr":2319482568704,"prot":7,"time":1791612015009,"caller":"/home/lakshy-sharma/Citadel/Workshop/vajra/workspace/src/internal/watcher/eventsink.go:198","message":"event sink: W^X memory mapping"}
{"level":"warn","pid":12240,"process":"Isolated Web Co","addr":2319482634240,"prot":7,"time":1791612015010,"caller":"/home/lakshy-sharma/Citadel/Workshop/vajra/workspace/src/internal/watcher/eventsink.go:198","message":"event sink: W^X memory mapping"}
{"level":"warn","pid":12240,"process":"Isolated Web Co","addr":2319482765312,"prot":7,"time":1791612015028,"caller":"/home/lakshy-sharma/Citadel/Workshop/vajra/workspace/src/internal/watcher/eventsink.go:198","message":"event sink: W^X memory mapping"}
{"level":"warn","pid":12240,"process":"Isolated Web Co","addr":2319482896384,"prot":7,"time":1791612015028,"caller":"/home/lakshy-sharma/Citadel/Workshop/vajra/workspace/src/internal/watcher/eventsink.go:198","message":"event sink: W^X memory mapping"}
{"level":"warn","pid":12240,"process":"Isolated Web Co","addr":2319483027456,"prot":7,"time":1791612015039,"caller":"/home/lakshy-sharma/Citadel/Workshop/vajra/workspace/src/internal/watcher/eventsink.go:198","message":"event sink: W^X memory mapping"}
{"level":"warn","pid":12240,"process":"Isolated Web Co","addr":2319483158528,"prot":7,"time":1791612015076,"caller":"/home/lakshy-sharma/Citadel/Workshop/vajra/workspace/src/internal/watcher/eventsink.go:198","message":"event sink: W^X memory mapping"}
{"level":"warn","pid":12240,"process":"Isolated Web Co","addr":2319483224064,"prot":7,"time":1791612015122,"caller":"/home/lakshy-sharma/Citadel/Workshop/vajra/workspace/src/internal/watcher/eventsink.go:198","message":"event sink: W^X memory mapping"}
{"level":"warn","pid":12240,"process":"Isolated Web Co","addr":2319483355136,"prot":7,"time":1791612015161,"caller":"/home/lakshy-sharma/Citadel/Workshop/vajra/workspace/src/internal/watcher/eventsink.go:198","message":"event sink: W^X memory mapping"}
{"level":"warn","pid":12240,"process":"Isolated Web Co","addr":2319483486208,"prot":7,"time":1791612015211,"caller":"/home/lakshy-sharma/Citadel/Workshop/vajra/workspace/src/internal/watcher/eventsink.go:198","message":"event sink: W^X memory mapping"}
{"level":"warn","pid":12240,"process":"Isolated Web Co","addr":2319483551744,"prot":7,"time":1791612015211,"caller":"/home/lakshy-sharma/Citadel/Workshop/vajra/workspace/src/internal/watcher/eventsink.go:198","message":"event sink: W^X memory mapping"}
{"level":"warn","pid":12240,"process":"Isolated Web Co","addr":2319483682816,"prot":7,"time":1791612015213,"caller":"/home/lakshy-sharma/Citadel/Workshop/vajra/workspace/src/internal/watcher/eventsink.go:198","message":"event sink: W^X memory mapping"}
{"level":"warn","pid":12240,"process":"Isolated Web Co","addr":2319483813888,"prot":7,"time":1791612015213,"caller":"/home/lakshy-sharma/Citadel/Workshop/vajra/workspace/src/internal/watcher/eventsink.go:198","message":"event sink: W^X memory mapping"}
{"level":"warn","pid":12240,"process":"Isolated Web Co","addr":2319483879424,"prot":7,"time":1791612015213,"caller":"/home/lakshy-sharma/Citadel/Workshop/vajra/workspace/src/internal/watcher/eventsink.go:198","message":"event sink: W^X memory mapping"}
{"level":"warn","pid":12240,"process":"Isolated Web Co","addr":2319484010496,"prot":7,"time":1791612015242,"caller":"/home/lakshy-sharma/Citadel/Workshop/vajra/workspace/src/internal/watcher/eventsink.go:198","message":"event sink: W^X memory mapping"}
{"level":"warn","pid":12240,"process":"Isolated Web Co","addr":2319484141568,"prot":7,"time":1791612015252,"caller":"/home/lakshy-sharma/Citadel/Workshop/vajra/workspace/src/internal/watcher/eventsink.go:198","message":"event sink: W^X memory mapping"}
{"level":"warn","pid":12240,"process":"Isolated Web Co","addr":2319484272640,"prot":7,"time":1791612015318,"caller":"/home/lakshy-sharma/Citadel/Workshop/vajra/workspace/src/internal/watcher/eventsink.go:198","message":"event sink: W^X memory mapping"}
{"level":"warn","pid":12240,"process":"Isolated Web Co","addr":2319484338176,"prot":7,"time":1791612015319,"caller":"/home/lakshy-sharma/Citadel/Workshop/vajra/workspace/src/internal/watcher/eventsink.go:198","message":"event sink: W^X memory mapping"}
{"level":"warn","pid":12240,"process":"Isolated Web Co","addr":2319484403712,"prot":7,"time":1791612015319,"caller":"/home/lakshy-sharma/Citadel/Workshop/vajra/workspace/src/internal/watcher/eventsink.go:198","message":"event sink: W^X memory mapping"}
{"level":"warn","pid":12240,"process":"Isolated Web Co","addr":2319484534784,"prot":7,"time":1791612015332,"caller":"/home/lakshy-sharma/Citadel/Workshop/vajra/workspace/src/internal/watcher/eventsink.go:198","message":"event sink: W^X memory mapping"}
{"level":"warn","pid":12240,"process":"Isolated Web Co","addr":2319484600320,"prot":7,"time":1791612015359,"caller":"/home/lakshy-sharma/Citadel/Workshop/vajra/workspace/src/internal/watcher/eventsink.go:198","message":"event sink: W^X memory mapping"}
{"level":"warn","pid":12240,"process":"Isolated Web Co","addr":2319484731392,"prot":7,"time":1791612015416,"caller":"/home/lakshy-sharma/Citadel/Workshop/vajra/workspace/src/internal/watcher/eventsink.go:198","message":"event sink: W^X memory mapping"}
{"level":"warn","pid":12240,"process":"Isolated Web Co","addr":2319484796928,"prot":7,"time":1791612015472,"caller":"/home/lakshy-sharma/Citadel/Workshop/vajra/workspace/src/internal/watcher/eventsink.go:198","message":"event sink: W^X memory mapping"}
{"level":"warn","pid":12240,"process":"Isolated Web Co","addr":2319484862464,"prot":7,"time":1791612015492,"caller":"/home/lakshy-sharma/Citadel/Workshop/vajra/workspace/src/internal/watcher/eventsink.go:198","message":"event sink: W^X memory mapping"}
{"level":"warn","pid":12240,"process":"Isolated Web Co","addr":2319484993536,"prot":7,"time":1791612015493,"caller":"/home/lakshy-sharma/Citadel/Workshop/vajra/workspace/src/internal/watcher/eventsink.go:198","message":"event sink: W^X memory mapping"}
{"level":"warn","pid":12240,"process":"Isolated Web Co","addr":2319485124608,"prot":7,"time":1791612015504,"caller":"/home/lakshy-sharma/Citadel/Workshop/vajra/workspace/src/internal/watcher/eventsink.go:198","message":"event sink: W^X memory mapping"}
{"level":"warn","pid":12240,"process":"Isolated Web Co","addr":2319485190144,"prot":7,"time":1791612015556,"caller":"/home/lakshy-sharma/Citadel/Workshop/vajra/workspace/src/internal/watcher/eventsink.go:198","message":"event sink: W^X memory mapping"}
{"level":"warn","pid":12240,"process":"Isolated Web Co","addr":2319485321216,"prot":7,"time":1791612015582,"caller":"/home/lakshy-sharma/Citadel/Workshop/vajra/workspace/src/internal/watcher/eventsink.go:198","message":"event sink: W^X memory mapping"}
{"level":"warn","pid":12240,"process":"Isolated Web Co","addr":2319485452288,"prot":7,"time":1791612015715,"caller":"/home/lakshy-sharma/Citadel/Workshop/vajra/workspace/src/internal/watcher/eventsink.go:198","message":"event sink: W^X memory mapping"}
{"level":"warn","pid":12240,"process":"Isolated Web Co","addr":2319485517824,"prot":7,"time":1791612015772,"caller":"/home/lakshy-sharma/Citadel/Workshop/vajra/workspace/src/internal/watcher/eventsink.go:198","message":"event sink: W^X memory mapping"}
{"level":"warn","pid":12240,"process":"Isolated Web Co","addr":2319485648896,"prot":7,"time":1791612015774,"caller":"/home/lakshy-sharma/Citadel/Workshop/vajra/workspace/src/internal/watcher/eventsink.go:198","message":"event sink: W^X memory mapping"}
{"level":"warn","pid":12240,"process":"Isolated Web Co","addr":2319485779968,"prot":7,"time":1791612015839,"caller":"/home/lakshy-sharma/Citadel/Workshop/vajra/workspace/src/internal/watcher/eventsink.go:198","message":"event sink: W^X memory mapping"}
{"level":"warn","pid":12240,"process":"Isolated Web Co","addr":2319485911040,"prot":7,"time":1791612015921,"caller":"/home/lakshy-sharma/Citadel/Workshop/vajra/workspace/src/internal/watcher/eventsink.go:198","message":"event sink: W^X memory mapping"}
{"level":"warn","pid":12240,"process":"Isolated Web Co","addr":2319486042112,"prot":7,"time":1791612015955,"caller":"/home/lakshy-sharma/Citadel/Workshop/vajra/workspace/src/internal/watcher/eventsink.go:198","message":"event sink: W^X memory mapping"}
{"level":"warn","pid":12240,"process":"Isolated Web Co","addr":2319486107648,"prot":7,"time":1791612015964,"caller":"/home/lakshy-sharma/Citadel/Workshop/vajra/workspace/src/internal/watcher/eventsink.go:198","message":"event sink: W^X memory mapping"}
{"level":"warn","pid":12240,"process":"Isolated Web Co","addr":2319486238720,"prot":7,"time":1791612015969,"caller":"/home/lakshy-sharma/Citadel/Workshop/vajra/workspace/src/internal/watcher/eventsink.go:198","message":"event sink: W^X memory mapping"}
{"level":"warn","pid":12240,"process":"Isolated Web Co","addr":2319486304256,"prot":7,"time":1791612016063,"caller":"/home/lakshy-sharma/Citadel/Workshop/vajra/workspace/src/internal/watcher/eventsink.go:198","message":"event sink: W^X memory mapping"}
{"level":"warn","pid":11309,"process":"DNS Res~r #3192","dst":"127.0.0.53","dst_port":53,"time":1791612016127,"caller":"/home/lakshy-sharma/Citadel/Workshop/vajra/workspace/src/internal/watcher/eventsink.go:127","message":"event sink: high-value network connection"}
{"level":"warn","pid":528,"process":"systemd-resolve","dst":"192.168.0.1","dst_port":53,"time":1791612016128,"caller":"/home/lakshy-sharma/Citadel/Workshop/vajra/workspace/src/internal/watcher/eventsink.go:127","message":"event sink: high-value network connection"}
{"level":"warn","pid":528,"process":"systemd-resolve","dst":"192.168.0.1","dst_port":53,"time":1791612016130,"caller":"/home/lakshy-sharma/Citadel/Workshop/vajra/workspace/src/internal/watcher/eventsink.go:127","message":"event sink: high-value network connection"}
{"level":"warn","pid":11309,"process":"DNS Res~r #3192","dst":"64.233.170.132","dst_port":0,"time":1791612016131,"caller":"/home/lakshy-sharma/Citadel/Workshop/vajra/workspace/src/internal/watcher/eventsink.go:127","message":"event sink: high-value network connection"}
{"level":"warn","pid":11309,"process":"DNS Res~r #3192","dst":"74.125.24.132","dst_port":0,"time":1791612016132,"caller":"/home/lakshy-sharma/Citadel/Workshop/vajra/workspace/src/internal/watcher/eventsink.go:127","message":"event sink: high-value network connection"}
{"level":"warn","pid":11309,"process":"DNS Res~r #3192","dst":"74.125.68.132","dst_port":0,"time":1791612016134,"caller":"/home/lakshy-sharma/Citadel/Workshop/vajra/workspace/src/internal/watcher/eventsink.go:127","message":"event sink: high-value network connection"}
{"level":"warn","pid":11309,"process":"DNS Res~r #3192","dst":"74.125.130.132","dst_port":0,"time":1791612016135,"caller":"/home/lakshy-sharma/Citadel/Workshop/vajra/workspace/src/internal/watcher/eventsink.go:127","message":"event sink: high-value network connection"}
{"level":"warn","pid":11309,"process":"DNS Res~r #3192","dst":"74.125.200.132","dst_port":0,"time":1791612016136,"caller":"/home/lakshy-sharma/Citadel/Workshop/vajra/workspace/src/internal/watcher/eventsink.go:127","message":"event sink: high-value network connection"}
{"level":"warn","pid":11309,"process":"DNS Res~r #3192","dst":"142.250.4.132","dst_port":0,"time":1791612016136,"caller":"/home/lakshy-sharma/Citadel/Workshop/vajra/workspace/src/internal/watcher/eventsink.go:127","message":"event sink: high-value network connection"}
{"level":"warn","pid":11309,"process":"DNS Res~r #3192","dst":"142.251.10.132","dst_port":0,"time":1791612016145,"caller":"/home/lakshy-sharma/Citadel/Workshop/vajra/workspace/src/internal/watcher/eventsink.go:127","message":"event sink: high-value network connection"}
{"level":"warn","pid":11309,"process":"DNS Res~r #3192","dst":"142.251.12.132","dst_port":0,"time":1791612016147,"caller":"/home/lakshy-sharma/Citadel/Workshop/vajra/workspace/src/internal/watcher/eventsink.go:127","message":"event sink: high-value network connection"}
{"level":"warn","pid":11309,"process":"DNS Res~r #3192","dst":"142.251.175.132","dst_port":0,"time":1791612016152,"caller":"/home/lakshy-sharma/Citadel/Workshop/vajra/workspace/src/internal/watcher/eventsink.go:127","message":"event sink: high-value network connection"}
{"level":"warn","pid":11309,"process":"DNS Res~r #3192","dst":"172.217.194.132","dst_port":0,"time":1791612016169,"caller":"/home/lakshy-sharma/Citadel/Workshop/vajra/workspace/src/internal/watcher/eventsink.go:127","message":"event sink: high-value network connection"}
{"level":"warn","pid":11309,"process":"DNS Res~r #3192","dst":"172.253.118.132","dst_port":0,"time":1791612016222,"caller":"/home/lakshy-sharma/Citadel/Workshop/vajra/workspace/src/internal/watcher/eventsink.go:127","message":"event sink: high-value network connection"}
{"level":"warn","pid":11309,"process":"DNS Res~r #3192","dst":"2404:6800:4003:c02::84","dst_port":0,"time":1791612016231,"caller":"/home/lakshy-sharma/Citadel/Workshop/vajra/workspace/src/internal/watcher/eventsink.go:127","message":"event sink: high-value network connection"}
{"level":"warn","pid":12240,"process":"Isolated Web Co","addr":2319486369792,"prot":7,"time":1791612016233,"caller":"/home/lakshy-sharma/Citadel/Workshop/vajra/workspace/src/internal/watcher/eventsink.go:198","message":"event sink: W^X memory mapping"}
{"level":"warn","pid":11309,"process":"DNS Res~r #3192","dst":"2404:6800:4003:c0f::84","dst_port":0,"time":1791612016236,"caller":"/home/lakshy-sharma/Citadel/Workshop/vajra/workspace/src/internal/watcher/eventsink.go:127","message":"event sink: high-value network connection"}
{"level":"warn","pid":12240,"process":"Isolated Web Co","addr":2319486500864,"prot":7,"time":1791612016238,"caller":"/home/lakshy-sharma/Citadel/Workshop/vajra/workspace/src/internal/watcher/eventsink.go:198","message":"event sink: W^X memory mapping"}
{"level":"warn","pid":11309,"process":"DNS Res~r #3192","dst":"2404:6800:4003:c00::84","dst_port":0,"time":1791612016243,"caller":"/home/lakshy-sharma/Citadel/Workshop/vajra/workspace/src/internal/watcher/eventsink.go:127","message":"event sink: high-value network connection"}
{"level":"warn","pid":11309,"process":"DNS Res~r #3192","dst":"2404:6800:4003:c01::84","dst_port":0,"time":1791612016243,"caller":"/home/lakshy-sharma/Citadel/Workshop/vajra/workspace/src/internal/watcher/eventsink.go:127","message":"event sink: high-value network connection"}
{"level":"warn","pid":11309,"process":"DNS Res~r #3192","dst":"127.0.0.53","dst_port":53,"time":1791612016244,"caller":"/home/lakshy-sharma/Citadel/Workshop/vajra/workspace/src/internal/watcher/eventsink.go:127","message":"event sink: high-value network connection"}
{"level":"warn","pid":11309,"process":"DNS Res~r #3192","dst":"172.253.118.132","dst_port":0,"time":1791612016244,"caller":"/home/lakshy-sharma/Citadel/Workshop/vajra/workspace/src/internal/watcher/eventsink.go:127","message":"event sink: high-value network connection"}
{"level":"warn","pid":11309,"process":"DNS Res~r #3192","dst":"64.233.170.132","dst_port":0,"time":1791612016245,"caller":"/home/lakshy-sharma/Citadel/Workshop/vajra/workspace/src/internal/watcher/eventsink.go:127","message":"event sink: high-value network connection"}
{"level":"warn","pid":11309,"process":"DNS Res~r #3192","dst":"142.250.4.132","dst_port":0,"time":1791612016245,"caller":"/home/lakshy-sharma/Citadel/Workshop/vajra/workspace/src/internal/watcher/eventsink.go:127","message":"event sink: high-value network connection"}
{"level":"warn","pid":11309,"process":"DNS Res~r #3192","dst":"74.125.200.132","dst_port":0,"time":1791612016246,"caller":"/home/lakshy-sharma/Citadel/Workshop/vajra/workspace/src/internal/watcher/eventsink.go:127","message":"event sink: high-value network connection"}
{"level":"warn","pid":11309,"process":"DNS Res~r #3192","dst":"142.251.12.132","dst_port":0,"time":1791612016247,"caller":"/home/lakshy-sharma/Citadel/Workshop/vajra/workspace/src/internal/watcher/eventsink.go:127","message":"event sink: high-value network connection"}
{"level":"warn","pid":11309,"process":"DNS Res~r #3192","dst":"74.125.130.132","dst_port":0,"time":1791612016247,"caller":"/home/lakshy-sharma/Citadel/Workshop/vajra/workspace/src/internal/watcher/eventsink.go:127","message":"event sink: high-value network connection"}
{"level":"warn","pid":11309,"process":"DNS Res~r #3192","dst":"142.251.175.132","dst_port":0,"time":1791612016247,"caller":"/home/lakshy-sharma/Citadel/Workshop/vajra/workspace/src/internal/watcher/eventsink.go:127","message":"event sink: high-value network connection"}
{"level":"warn","pid":11309,"process":"DNS Res~r #3192","dst":"74.125.68.132","dst_port":0,"time":1791612016248,"caller":"/home/lakshy-sharma/Citadel/Workshop/vajra/workspace/src/internal/watcher/eventsink.go:127","message":"event sink: high-value network connection"}
{"level":"warn","pid":11309,"process":"DNS Res~r #3192","dst":"172.217.194.132","dst_port":0,"time":1791612016249,"caller":"/home/lakshy-sharma/Citadel/Workshop/vajra/workspace/src/internal/watcher/eventsink.go:127","message":"event sink: high-value network connection"}
{"level":"warn","pid":11309,"process":"DNS Res~r #3192","dst":"74.125.24.132","dst_port":0,"time":1791612016249,"caller":"/home/lakshy-sharma/Citadel/Workshop/vajra/workspace/src/internal/watcher/eventsink.go:127","message":"event sink: high-value network connection"}
{"level":"warn","pid":11309,"process":"DNS Res~r #3192","dst":"142.251.10.132","dst_port":0,"time":1791612016251,"caller":"/home/lakshy-sharma/Citadel/Workshop/vajra/workspace/src/internal/watcher/eventsink.go:127","message":"event sink: high-value network connection"}
{"level":"warn","pid":11309,"process":"DNS Res~r #3192","dst":"2404:6800:4003:c02::84","dst_port":0,"time":1791612016252,"caller":"/home/lakshy-sharma/Citadel/Workshop/vajra/workspace/src/internal/watcher/eventsink.go:127","message":"event sink: high-value network connection"}
{"level":"warn","pid":11309,"process":"DNS Res~r #3192","dst":"2404:6800:4003:c00::84","dst_port":0,"time":1791612016254,"caller":"/home/lakshy-sharma/Citadel/Workshop/vajra/workspace/src/internal/watcher/eventsink.go:127","message":"event sink: high-value network connection"}
{"level":"warn","pid":11309,"process":"DNS Res~r #3192","dst":"2404:6800:4003:c01::84","dst_port":0,"time":1791612016255,"caller":"/home/lakshy-sharma/Citadel/Workshop/vajra/workspace/src/internal/watcher/eventsink.go:127","message":"event sink: high-value network connection"}
{"level":"warn","pid":11309,"process":"DNS Res~r #3192","dst":"2404:6800:4003:c0f::84","dst_port":0,"time":1791612016256,"caller":"/home/lakshy-sharma/Citadel/Workshop/vajra/workspace/src/internal/watcher/eventsink.go:127","message":"event sink: high-value network connection"}
{"level":"warn","pid":11309,"process":"Socket Thread","dst":"36.4.104.0","dst_port":0,"time":1791612016258,"caller":"/home/lakshy-sharma/Citadel/Workshop/vajra/workspace/src/internal/watcher/eventsink.go:127","message":"event sink: high-value network connection"}
{"level":"warn","pid":11309,"process":"Socket Thread","dst":"2404:6800:4003:c0f::84","dst_port":0,"time":1791612016258,"caller":"/home/lakshy-sharma/Citadel/Workshop/vajra/workspace/src/internal/watcher/eventsink.go:127","message":"event sink: high-value network connection"}
{"level":"warn","pid":11309,"process":"Socket Thread","dst":"2404:6800:4003:c0f::84","dst_port":0,"time":1791612016260,"caller":"/home/lakshy-sharma/Citadel/Workshop/vajra/workspace/src/internal/watcher/eventsink.go:127","message":"event sink: high-value network connection"}
{"level":"warn","pid":11309,"process":"Socket Thread","dst":"36.4.104.0","dst_port":0,"time":1791612016264,"caller":"/home/lakshy-sharma/Citadel/Workshop/vajra/workspace/src/internal/watcher/eventsink.go:127","message":"event sink: high-value network connection"}
{"level":"warn","pid":12240,"process":"Isolated Web Co","addr":2319486566400,"prot":7,"time":1791612016273,"caller":"/home/lakshy-sharma/Citadel/Workshop/vajra/workspace/src/internal/watcher/eventsink.go:198","message":"event sink: W^X memory mapping"}
{"level":"warn","pid":12240,"process":"Isolated Web Co","addr":2319486697472,"prot":7,"time":1791612016306,"caller":"/home/lakshy-sharma/Citadel/Workshop/vajra/workspace/src/internal/watcher/eventsink.go:198","message":"event sink: W^X memory mapping"}
{"level":"warn","pid":12240,"process":"Isolated Web Co","addr":2319486828544,"prot":7,"time":1791612016566,"caller":"/home/lakshy-sharma/Citadel/Workshop/vajra/workspace/src/internal/watcher/eventsink.go:198","message":"event sink: W^X memory mapping"}
{"level":"warn","pid":12240,"process":"Isolated Web Co","addr":2319486959616,"prot":7,"time":1791612016811,"caller":"/home/lakshy-sharma/Citadel/Workshop/vajra/workspace/src/internal/watcher/eventsink.go:198","message":"event sink: W^X memory mapping"}
{"level":"warn","pid":12240,"process":"Isolated Web Co","addr":2319487090688,"prot":7,"time":1791612016827,"caller":"/home/lakshy-sharma/Citadel/Workshop/vajra/workspace/src/internal/watcher/eventsink.go:198","message":"event sink: W^X memory mapping"}
{"level":"warn","pid":12240,"process":"Isolated Web Co","addr":2319487221760,"prot":7,"time":1791612017017,"caller":"/home/lakshy-sharma/Citadel/Workshop/vajra/workspace/src/internal/watcher/eventsink.go:198","message":"event sink: W^X memory mapping"}
{"level":"warn","pid":344422,"process":"DOM Worker","addr":8400063324160,"prot":7,"time":1791612017106,"caller":"/home/lakshy-sharma/Citadel/Workshop/vajra/workspace/src/internal/watcher/eventsink.go:198","message":"event sink: W^X memory mapping"}
{"level":"warn","pid":12240,"process":"Isolated Web Co","addr":2319487287296,"prot":7,"time":1791612017224,"caller":"/home/lakshy-sharma/Citadel/Workshop/vajra/workspace/src/internal/watcher/eventsink.go:198","message":"event sink: W^X memory mapping"}
{"level":"warn","pid":12240,"process":"Isolated Web Co","addr":2319487352832,"prot":7,"time":1791612017401,"caller":"/home/lakshy-sharma/Citadel/Workshop/vajra/workspace/src/internal/watcher/eventsink.go:198","message":"event sink: W^X memory mapping"}
{"level":"warn","pid":12240,"process":"Isolated Web Co","addr":2319487483904,"prot":7,"time":1791612018079,"caller":"/home/lakshy-sharma/Citadel/Workshop/vajra/workspace/src/internal/watcher/eventsink.go:198","message":"event sink: W^X memory mapping"}
{"level":"warn","pid":12254,"process":"DOM Worker","addr":4862724513792,"prot":7,"time":1791612018215,"caller":"/home/lakshy-sharma/Citadel/Workshop/vajra/workspace/src/internal/watcher/eventsink.go:198","message":"event sink: W^X memory mapping"}
{"level":"warn","pid":12254,"process":"DOM Worker","addr":4862724644864,"prot":7,"time":1791612018215,"caller":"/home/lakshy-sharma/Citadel/Workshop/vajra/workspace/src/internal/watcher/eventsink.go:198","message":"event sink: W^X memory mapping"}
{"level":"warn","pid":12254,"process":"DOM Worker","addr":4862724775936,"prot":7,"time":1791612018216,"caller":"/home/lakshy-sharma/Citadel/Workshop/vajra/workspace/src/internal/watcher/eventsink.go:198","message":"event sink: W^X memory mapping"}
{"level":"warn","pid":148451,"process":"Isolated Web Co","addr":61853802110976,"prot":7,"time":1791612018684,"caller":"/home/lakshy-sharma/Citadel/Workshop/vajra/workspace/src/internal/watcher/eventsink.go:198","message":"event sink: W^X memory mapping"}
{"level":"warn","pid":12254,"process":"Isolated Web Co","addr":4862725169152,"prot":7,"time":1791612020141,"caller":"/home/lakshy-sharma/Citadel/Workshop/vajra/workspace/src/internal/watcher/eventsink.go:198","message":"event sink: W^X memory mapping"}
{"level":"warn","pid":11309,"process":"DNS Res~r #3192","dst":"127.0.0.53","dst_port":53,"time":1791612021246,"caller":"/home/lakshy-sharma/Citadel/Workshop/vajra/workspace/src/internal/watcher/eventsink.go:127","message":"event sink: high-value network connection"}
{"level":"warn","pid":12240,"process":"Isolated Web Co","addr":2319487549440,"prot":7,"time":1791612021251,"caller":"/home/lakshy-sharma/Citadel/Workshop/vajra/workspace/src/internal/watcher/eventsink.go:198","message":"event sink: W^X memory mapping"}
{"level":"warn","pid":528,"process":"systemd-resolve","dst":"192.168.0.1","dst_port":53,"time":1791612021262,"caller":"/home/lakshy-sharma/Citadel/Workshop/vajra/workspace/src/internal/watcher/eventsink.go:127","message":"event sink: high-value network connection"}
{"level":"warn","pid":12240,"process":"Isolated Web Co","addr":2319487614976,"prot":7,"time":1791612021265,"caller":"/home/lakshy-sharma/Citadel/Workshop/vajra/workspace/src/internal/watcher/eventsink.go:198","message":"event sink: W^X memory mapping"}
{"level":"warn","pid":528,"process":"systemd-resolve","dst":"192.168.0.1","dst_port":53,"time":1791612021269,"caller":"/home/lakshy-sharma/Citadel/Workshop/vajra/workspace/src/internal/watcher/eventsink.go:127","message":"event sink: high-value network connection"}
{"level":"warn","pid":11309,"process":"DNS Res~r #3192","dst":"2404:6800:4002:831::2003","dst_port":0,"time":1791612021273,"caller":"/home/lakshy-sharma/Citadel/Workshop/vajra/workspace/src/internal/watcher/eventsink.go:127","message":"event sink: high-value network connection"}
{"level":"warn","pid":11309,"process":"DNS Res~r #3192","dst":"172.217.26.99","dst_port":0,"time":1791612021313,"caller":"/home/lakshy-sharma/Citadel/Workshop/vajra/workspace/src/internal/watcher/eventsink.go:127","message":"event sink: high-value network connection"}
{"level":"warn","pid":11309,"process":"DNS Res~r #3192","dst":"127.0.0.53","dst_port":53,"time":1791612021325,"caller":"/home/lakshy-sharma/Citadel/Workshop/vajra/workspace/src/internal/watcher/eventsink.go:127","message":"event sink: high-value network connection"}
{"level":"warn","pid":11309,"process":"DNS Res~r #3192","dst":"172.217.26.99","dst_port":0,"time":1791612021326,"caller":"/home/lakshy-sharma/Citadel/Workshop/vajra/workspace/src/internal/watcher/eventsink.go:127","message":"event sink: high-value network connection"}
{"level":"warn","pid":11309,"process":"DNS Res~r #3192","dst":"2404:6800:4002:831::2003","dst_port":0,"time":1791612021327,"caller":"/home/lakshy-sharma/Citadel/Workshop/vajra/workspace/src/internal/watcher/eventsink.go:127","message":"event sink: high-value network connection"}
{"level":"warn","pid":11309,"process":"Socket Thread","dst":"172.217.26.99","dst_port":443,"time":1791612021328,"caller":"/home/lakshy-sharma/Citadel/Workshop/vajra/workspace/src/internal/watcher/eventsink.go:127","message":"event sink: high-value network connection"}
{"level":"warn","pid":11309,"process":"Socket Thread","dst":"127.0.0.1","dst_port":0,"time":1791612021348,"caller":"/home/lakshy-sharma/Citadel/Workshop/vajra/workspace/src/internal/watcher/eventsink.go:127","message":"event sink: high-value network connection"}
{"level":"warn","pid":11309,"process":"Socket Thread","dst":"7f00:1::","dst_port":0,"time":1791612021352,"caller":"/home/lakshy-sharma/Citadel/Workshop/vajra/workspace/src/internal/watcher/eventsink.go:127","message":"event sink: high-value network connection"}
{"level":"warn","pid":11309,"process":"Socket Thread","dst":"7f00:1::","dst_port":0,"time":1791612021365,"caller":"/home/lakshy-sharma/Citadel/Workshop/vajra/workspace/src/internal/watcher/eventsink.go:127","message":"event sink: high-value network connection"}
{"level":"warn","pid":11309,"process":"Socket Thread","dst":"127.0.0.1","dst_port":0,"time":1791612021366,"caller":"/home/lakshy-sharma/Citadel/Workshop/vajra/workspace/src/internal/watcher/eventsink.go:127","message":"event sink: high-value network connection"}
{"level":"warn","pid":12254,"process":"Isolated Web Co","addr":4862724644864,"prot":7,"time":1791612024589,"caller":"/home/lakshy-sharma/Citadel/Workshop/vajra/workspace/src/internal/watcher/eventsink.go:198","message":"event sink: W^X memory mapping"}
{"level":"warn","rule":"generic-credential-uri","path":"/home/lakshy-sharma/Citadel/Workshop/socrates/workspace/.venv/lib/python3.14/site-packages/pydantic/networks.py","line":398,"confidence":"medium","severity":"HIGH","time":1791612025375,"caller":"/home/lakshy-sharma/Citadel/Workshop/vajra/workspace/src/internal/detect/secrets.go:231","message":"SECRET DETECTED"}
{"level":"warn","pid":149083,"process":"Isolated Web Co","addr":9408762339328,"prot":7,"time":1791612025581,"caller":"/home/lakshy-sharma/Citadel/Workshop/vajra/workspace/src/internal/watcher/eventsink.go:198","message":"event sink: W^X memory mapping"}
{"level":"warn","rule":"generic-credential-uri","path":"/home/lakshy-sharma/Citadel/Workshop/socrates/workspace/.venv/lib/python3.14/site-packages/pydantic/__pycache__/networks.cpython-314.pyc","line":167,"confidence":"medium","severity":"HIGH","time":1791612025653,"caller":"/home/lakshy-sharma/Citadel/Workshop/vajra/workspace/src/internal/detect/secrets.go:231","message":"SECRET DETECTED"}
{"level":"warn","rule":"github-app-token","path":"/home/lakshy-sharma/Citadel/Workshop/socrates/workspace/.venv/lib/python3.14/site-packages/scipy/optimize/_highspy/_core.cpython-314-x86_64-linux-gnu.so","line":7325,"confidence":"high","severity":"CRITICAL","time":1791612027503,"caller":"/home/lakshy-sharma/Citadel/Workshop/vajra/workspace/src/internal/detect/secrets.go:231","message":"SECRET DETECTED"}
{"level":"warn","pid":12254,"process":"DOM Worker","addr":4862724775936,"prot":7,"time":1791612028646,"caller":"/home/lakshy-sharma/Citadel/Workshop/vajra/workspace/src/internal/watcher/eventsink.go:198","message":"event sink: W^X memory mapping"}
{"level":"warn","pid":12254,"process":"DOM Worker","addr":4862725300224,"prot":7,"time":1791612028649,"caller":"/home/lakshy-sharma/Citadel/Workshop/vajra/workspace/src/internal/watcher/eventsink.go:198","message":"event sink: W^X memory mapping"}
{"level":"warn","pid":12254,"process":"DOM Worker","addr":4862725431296,"prot":7,"time":1791612028651,"caller":"/home/lakshy-sharma/Citadel/Workshop/vajra/workspace/src/internal/watcher/eventsink.go:198","message":"event sink: W^X memory mapping"}
{"level":"warn","rule":"generic-password","path":"/home/lakshy-sharma/Citadel/Workshop/lakshy-sharma.github.io/vendor/bundle/ruby/3.0.0/gems/octokit-4.25.1/README.md","line":387,"confidence":"medium","severity":"HIGH","time":1791612030140,"caller":"/home/lakshy-sharma/Citadel/Workshop/vajra/workspace/src/internal/detect/secrets.go:231","message":"SECRET DETECTED"}
{"level":"warn","rule":"private-key","path":"/home/lakshy-sharma/Citadel/Workshop/lakshy-sharma.github.io/vendor/bundle/ruby/3.0.0/extensions/x86_64-linux/3.0.0/eventmachine-1.2.7/rubyeventmachine.so","line":372,"confidence":"high","severity":"CRITICAL","time":1791612030237,"caller":"/home/lakshy-sharma/Citadel/Workshop/vajra/workspace/src/internal/detect/secrets.go:231","message":"SECRET DETECTED"}
{"level":"warn","pid":12240,"process":"Isolated Web Co","addr":2319487746048,"prot":7,"time":1791612030328,"caller":"/home/lakshy-sharma/Citadel/Workshop/vajra/workspace/src/internal/watcher/eventsink.go:198","message":"event sink: W^X memory mapping"}
{"level":"warn","pid":348110,"process":"runc:[1:CHILD]","event":"namespace_enter","time":1791612030499,"caller":"/home/lakshy-sharma/Citadel/Workshop/vajra/workspace/src/internal/watcher/eventsink.go:243","message":"event sink: high-severity security event"}
{"level":"warn","pid":348110,"process":"runc:[1:CHILD]","event":"namespace_enter","time":1791612030507,"caller":"/home/lakshy-sharma/Citadel/Workshop/vajra/workspace/src/internal/watcher/eventsink.go:243","message":"event sink: high-severity security event"}
{"level":"warn","pid":348110,"process":"runc:[1:CHILD]","event":"namespace_enter","time":1791612030531,"caller":"/home/lakshy-sharma/Citadel/Workshop/vajra/workspace/src/internal/watcher/eventsink.go:243","message":"event sink: high-severity security event"}
{"level":"warn","pid":348110,"process":"runc:[1:CHILD]","event":"namespace_enter","time":1791612030541,"caller":"/home/lakshy-sharma/Citadel/Workshop/vajra/workspace/src/internal/watcher/eventsink.go:243","message":"event sink: high-severity security event"}
{"level":"warn","pid":348110,"process":"runc:[1:CHILD]","event":"namespace_enter","time":1791612030551,"caller":"/home/lakshy-sharma/Citadel/Workshop/vajra/workspace/src/internal/watcher/eventsink.go:243","message":"event sink: high-severity security event"}
{"level":"warn","pid":348110,"process":"runc:[1:CHILD]","event":"namespace_enter","time":1791612030552,"caller":"/home/lakshy-sharma/Citadel/Workshop/vajra/workspace/src/internal/watcher/eventsink.go:243","message":"event sink: high-severity security event"}
{"level":"warn","pid":348110,"process":"runc:[1:CHILD]","event":"namespace_enter","time":1791612030552,"caller":"/home/lakshy-sharma/Citadel/Workshop/vajra/workspace/src/internal/watcher/eventsink.go:243","message":"event sink: high-severity security event"}
{"level":"warn","pid":348110,"process":"runc:[1:CHILD]","event":"namespace_create","time":1791612030566,"caller":"/home/lakshy-sharma/Citadel/Workshop/vajra/workspace/src/internal/watcher/eventsink.go:243","message":"event sink: high-severity security event"}
{"level":"warn","pid":348111,"process":"runc:[2:INIT]","event":"capset","time":1791612030578,"caller":"/home/lakshy-sharma/Citadel/Workshop/vajra/workspace/src/internal/watcher/eventsink.go:243","message":"event sink: high-severity security event"}
{"level":"warn","pid":348117,"process":"python","dst":"127.0.0.1","dst_port":8000,"time":1791612030600,"caller":"/home/lakshy-sharma/Citadel/Workshop/vajra/workspace/src/internal/watcher/eventsink.go:127","message":"event sink: high-value network connection"}
{"level":"warn","pid":12254,"process":"Isolated Web Co","addr":4862725693440,"prot":7,"time":1791612030695,"caller":"/home/lakshy-sharma/Citadel/Workshop/vajra/workspace/src/internal/watcher/eventsink.go:198","message":"event sink: W^X memory mapping"}
{"level":"warn","pid":12254,"process":"Isolated Web Co","addr":4862725824512,"prot":7,"time":1791612030727,"caller":"/home/lakshy-sharma/Citadel/Workshop/vajra/workspace/src/internal/watcher/eventsink.go:198","message":"event sink: W^X memory mapping"}
{"level":"warn","pid":12254,"process":"Isolated Web Co","addr":4862726348800,"prot":7,"time":1791612030746,"caller":"/home/lakshy-sharma/Citadel/Workshop/vajra/workspace/src/internal/watcher/eventsink.go:198","message":"event sink: W^X memory mapping"}
{"level":"warn","pid":12254,"process":"Isolated Web Co","addr":4862727266304,"prot":7,"time":1791612030756,"caller":"/home/lakshy-sharma/Citadel/Workshop/vajra/workspace/src/internal/watcher/eventsink.go:198","message":"event sink: W^X memory mapping"}
{"level":"warn","pid":12254,"process":"Isolated Web Co","addr":4862727659520,"prot":7,"time":1791612030785,"caller":"/home/lakshy-sharma/Citadel/Workshop/vajra/workspace/src/internal/watcher/eventsink.go:198","message":"event sink: W^X memory mapping"}
{"level":"warn","pid":12254,"process":"Isolated Web Co","addr":4862727790592,"prot":7,"time":1791612030786,"caller":"/home/lakshy-sharma/Citadel/Workshop/vajra/workspace/src/internal/watcher/eventsink.go:198","message":"event sink: W^X memory mapping"}
{"level":"warn","pid":12254,"process":"Isolated Web Co","addr":4862727987200,"prot":7,"time":1791612030796,"caller":"/home/lakshy-sharma/Citadel/Workshop/vajra/workspace/src/internal/watcher/eventsink.go:198","message":"event sink: W^X memory mapping"}
{"level":"warn","pid":12254,"process":"Isolated Web Co","addr":4862728118272,"prot":7,"time":1791612030805,"caller":"/home/lakshy-sharma/Citadel/Workshop/vajra/workspace/src/internal/watcher/eventsink.go:198","message":"event sink: W^X memory mapping"}
{"level":"warn","pid":12254,"process":"Isolated Web Co","addr":4862728577024,"prot":7,"time":1791612030812,"caller":"/home/lakshy-sharma/Citadel/Workshop/vajra/workspace/src/internal/watcher/eventsink.go:198","message":"event sink: W^X memory mapping"}
{"level":"warn","pid":12254,"process":"Isolated Web Co","addr":4862728773632,"prot":7,"time":1791612030833,"caller":"/home/lakshy-sharma/Citadel/Workshop/vajra/workspace/src/internal/watcher/eventsink.go:198","message":"event sink: W^X memory mapping"}
{"level":"warn","pid":12254,"process":"Isolated Web Co","addr":4862728970240,"prot":7,"time":1791612030846,"caller":"/home/lakshy-sharma/Citadel/Workshop/vajra/workspace/src/internal/watcher/eventsink.go:198","message":"event sink: W^X memory mapping"}
{"level":"warn","pid":11309,"process":"DNS Res~r #3192","dst":"127.0.0.53","dst_port":53,"time":1791612030851,"caller":"/home/lakshy-sharma/Citadel/Workshop/vajra/workspace/src/internal/watcher/eventsink.go:127","message":"event sink: high-value network connection"}
{"level":"warn","pid":528,"process":"systemd-resolve","dst":"192.168.0.1","dst_port":53,"time":1791612030860,"caller":"/home/lakshy-sharma/Citadel/Workshop/vajra/workspace/src/internal/watcher/eventsink.go:127","message":"event sink: high-value network connection"}
{"level":"warn","pid":528,"process":"systemd-resolve","dst":"192.168.0.1","dst_port":53,"time":1791612030863,"caller":"/home/lakshy-sharma/Citadel/Workshop/vajra/workspace/src/internal/watcher/eventsink.go:127","message":"event sink: high-value network connection"}
{"level":"warn","pid":12254,"process":"Isolated Web Co","addr":4862729101312,"prot":7,"time":1791612030870,"caller":"/home/lakshy-sharma/Citadel/Workshop/vajra/workspace/src/internal/watcher/eventsink.go:198","message":"event sink: W^X memory mapping"}
{"level":"warn","pid":11309,"process":"DNS Res~r #3192","dst":"160.79.104.10","dst_port":0,"time":1791612030875,"caller":"/home/lakshy-sharma/Citadel/Workshop/vajra/workspace/src/internal/watcher/eventsink.go:127","message":"event sink: high-value network connection"}
{"level":"warn","pid":11309,"process":"DNS Res~r #3192","dst":"2607:6bc0::10","dst_port":0,"time":1791612030893,"caller":"/home/lakshy-sharma/Citadel/Workshop/vajra/workspace/src/internal/watcher/eventsink.go:127","message":"event sink: high-value network connection"}
{"level":"warn","pid":12254,"process":"DOM Worker","addr":4862729232384,"prot":7,"time":1791612030896,"caller":"/home/lakshy-sharma/Citadel/Workshop/vajra/workspace/src/internal/watcher/eventsink.go:198","message":"event sink: W^X memory mapping"}
{"level":"warn","pid":12254,"process":"Isolated Web Co","addr":4862729297920,"prot":7,"time":1791612030903,"caller":"/home/lakshy-sharma/Citadel/Workshop/vajra/workspace/src/internal/watcher/eventsink.go:198","message":"event sink: W^X memory mapping"}
{"level":"warn","pid":12254,"process":"Isolated Web Co","addr":4862729428992,"prot":7,"time":1791612030929,"caller":"/home/lakshy-sharma/Citadel/Workshop/vajra/workspace/src/internal/watcher/eventsink.go:198","message":"event sink: W^X memory mapping"}
{"level":"warn","pid":12254,"process":"Isolated Web Co","addr":4862729560064,"prot":7,"time":1791612030976,"caller":"/home/lakshy-sharma/Citadel/Workshop/vajra/workspace/src/internal/watcher/eventsink.go:198","message":"event sink: W^X memory mapping"}
{"level":"warn","pid":12254,"process":"DOM Worker","addr":4862729625600,"prot":7,"time":1791612031009,"caller":"/home/lakshy-sharma/Citadel/Workshop/vajra/workspace/src/internal/watcher/eventsink.go:198","message":"event sink: W^X memory mapping"}
{"level":"warn","pid":12254,"process":"DOM Worker","addr":4862729756672,"prot":7,"time":1791612031012,"caller":"/home/lakshy-sharma/Citadel/Workshop/vajra/workspace/src/internal/watcher/eventsink.go:198","message":"event sink: W^X memory mapping"}
{"level":"warn","pid":12254,"process":"DOM Worker","addr":4862729887744,"prot":7,"time":1791612031014,"caller":"/home/lakshy-sharma/Citadel/Workshop/vajra/workspace/src/internal/watcher/eventsink.go:198","message":"event sink: W^X memory mapping"}
{"level":"warn","pid":12254,"process":"Isolated Web Co","addr":4862730018816,"prot":7,"time":1791612031041,"caller":"/home/lakshy-sharma/Citadel/Workshop/vajra/workspace/src/internal/watcher/eventsink.go:198","message":"event sink: W^X memory mapping"}
{"level":"warn","pid":12254,"process":"Isolated Web Co","addr":4862730084352,"prot":7,"time":1791612031094,"caller":"/home/lakshy-sharma/Citadel/Workshop/vajra/workspace/src/internal/watcher/eventsink.go:198","message":"event sink: W^X memory mapping"}
{"level":"warn","pid":12254,"process":"Isolated Web Co","addr":4862730215424,"prot":7,"time":1791612031144,"caller":"/home/lakshy-sharma/Citadel/Workshop/vajra/workspace/src/internal/watcher/eventsink.go:198","message":"event sink: W^X memory mapping"}
{"level":"warn","pid":12254,"process":"Isolated Web Co","addr":4862730346496,"prot":7,"time":1791612031167,"caller":"/home/lakshy-sharma/Citadel/Workshop/vajra/workspace/src/internal/watcher/eventsink.go:198","message":"event sink: W^X memory mapping"}
{"level":"warn","pid":12254,"process":"Isolated Web Co","addr":4862730477568,"prot":7,"time":1791612031243,"caller":"/home/lakshy-sharma/Citadel/Workshop/vajra/workspace/src/internal/watcher/eventsink.go:198","message":"event sink: W^X memory mapping"}
{"level":"warn","rule":"generic-api-key","path":"/home/lakshy-sharma/Citadel/Workshop/lakshy-sharma.github.io/vendor/bundle/ruby/3.0.0/gems/dnsruby-1.61.9/.coveralls.yml","line":2,"confidence":"medium","severity":"HIGH","time":1791612031266,"caller":"/home/lakshy-sharma/Citadel/Workshop/vajra/workspace/src/internal/detect/secrets.go:231","message":"SECRET DETECTED"}
{"level":"warn","pid":12254,"process":"Isolated Web Co","addr":4862730543104,"prot":7,"time":1791612031360,"caller":"/home/lakshy-sharma/Citadel/Workshop/vajra/workspace/src/internal/watcher/eventsink.go:198","message":"event sink: W^X memory mapping"}
{"level":"warn","pid":12254,"process":"Isolated Web Co","addr":4862730608640,"prot":7,"time":1791612031362,"caller":"/home/lakshy-sharma/Citadel/Workshop/vajra/workspace/src/internal/watcher/eventsink.go:198","message":"event sink: W^X memory mapping"}
{"level":"warn","pid":12254,"process":"Isolated Web Co","addr":4862730739712,"prot":7,"time":1791612031367,"caller":"/home/lakshy-sharma/Citadel/Workshop/vajra/workspace/src/internal/watcher/eventsink.go:198","message":"event sink: W^X memory mapping"}
{"level":"warn","pid":12254,"process":"Isolated Web Co","addr":4862730870784,"prot":7,"time":1791612031376,"caller":"/home/lakshy-sharma/Citadel/Workshop/vajra/workspace/src/internal/watcher/eventsink.go:198","message":"event sink: W^X memory mapping"}
{"level":"warn","pid":12254,"process":"Isolated Web Co","addr":4862730936320,"prot":7,"time":1791612031382,"caller":"/home/lakshy-sharma/Citadel/Workshop/vajra/workspace/src/internal/watcher/eventsink.go:198","message":"event sink: W^X memory mapping"}
{"level":"warn","pid":12254,"process":"Isolated Web Co","addr":4862731001856,"prot":7,"time":1791612031389,"caller":"/home/lakshy-sharma/Citadel/Workshop/vajra/workspace/src/internal/watcher/eventsink.go:198","message":"event sink: W^X memory mapping"}
{"level":"warn","pid":12254,"process":"Isolated Web Co","addr":4862731132928,"prot":7,"time":1791612031393,"caller":"/home/lakshy-sharma/Citadel/Workshop/vajra/workspace/src/internal/watcher/eventsink.go:198","message":"event sink: W^X memory mapping"}
{"level":"warn","pid":12254,"process":"Isolated Web Co","addr":4862731198464,"prot":7,"time":1791612031398,"caller":"/home/lakshy-sharma/Citadel/Workshop/vajra/workspace/src/internal/watcher/eventsink.go:198","message":"event sink: W^X memory mapping"}
{"level":"warn","pid":12254,"process":"Isolated Web Co","addr":4862731329536,"prot":7,"time":1791612031401,"caller":"/home/lakshy-sharma/Citadel/Workshop/vajra/workspace/src/internal/watcher/eventsink.go:198","message":"event sink: W^X memory mapping"}
{"level":"warn","pid":12254,"process":"Isolated Web Co","addr":4862731395072,"prot":7,"time":1791612031407,"caller":"/home/lakshy-sharma/Citadel/Workshop/vajra/workspace/src/internal/watcher/eventsink.go:198","message":"event sink: W^X memory mapping"}
{"level":"warn","pid":12254,"process":"Isolated Web Co","addr":4862731460608,"prot":7,"time":1791612031414,"caller":"/home/lakshy-sharma/Citadel/Workshop/vajra/workspace/src/internal/watcher/eventsink.go:198","message":"event sink: W^X memory mapping"}
{"level":"warn","pid":12254,"process":"DOM Worker","addr":4862731526144,"prot":7,"time":1791612031438,"caller":"/home/lakshy-sharma/Citadel/Workshop/vajra/workspace/src/internal/watcher/eventsink.go:198","message":"event sink: W^X memory mapping"}
{"level":"warn","pid":12254,"process":"DOM Worker","addr":4862731657216,"prot":7,"time":1791612031439,"caller":"/home/lakshy-sharma/Citadel/Workshop/vajra/workspace/src/internal/watcher/eventsink.go:198","message":"event sink: W^X memory mapping"}
{"level":"warn","pid":12254,"process":"DOM Worker","addr":4862731788288,"prot":7,"time":1791612031445,"caller":"/home/lakshy-sharma/Citadel/Workshop/vajra/workspace/src/internal/watcher/eventsink.go:198","message":"event sink: W^X memory mapping"}
{"level":"warn","pid":12254,"process":"Isolated Web Co","addr":4862731919360,"prot":7,"time":1791612031465,"caller":"/home/lakshy-sharma/Citadel/Workshop/vajra/workspace/src/internal/watcher/eventsink.go:198","message":"event sink: W^X memory mapping"}
{"level":"warn","pid":12254,"process":"DOM Worker","addr":4862731984896,"prot":7,"time":1791612031468,"caller":"/home/lakshy-sharma/Citadel/Workshop/vajra/workspace/src/internal/watcher/eventsink.go:198","message":"event sink: W^X memory mapping"}
{"level":"warn","pid":12254,"process":"DOM Worker","addr":4862732050432,"prot":7,"time":1791612031497,"caller":"/home/lakshy-sharma/Citadel/Workshop/vajra/workspace/src/internal/watcher/eventsink.go:198","message":"event sink: W^X memory mapping"}
{"level":"warn","pid":12254,"process":"Isolated Web Co","addr":4862732115968,"prot":7,"time":1791612031506,"caller":"/home/lakshy-sharma/Citadel/Workshop/vajra/workspace/src/internal/watcher/eventsink.go:198","message":"event sink: W^X memory mapping"}
{"level":"warn","pid":12254,"process":"Isolated Web Co","addr":4862732181504,"prot":7,"time":1791612031514,"caller":"/home/lakshy-sharma/Citadel/Workshop/vajra/workspace/src/internal/watcher/eventsink.go:198","message":"event sink: W^X memory mapping"}
{"level":"warn","pid":12254,"process":"Isolated Web Co","addr":4862732312576,"prot":7,"time":1791612031516,"caller":"/home/lakshy-sharma/Citadel/Workshop/vajra/workspace/src/internal/watcher/eventsink.go:198","message":"event sink: W^X memory mapping"}
{"level":"warn","pid":12254,"process":"Isolated Web Co","addr":4862732378112,"prot":7,"time":1791612031516,"caller":"/home/lakshy-sharma/Citadel/Workshop/vajra/workspace/src/internal/watcher/eventsink.go:198","message":"event sink: W^X memory mapping"}
{"level":"warn","pid":12254,"process":"Isolated Web Co","addr":4862732509184,"prot":7,"time":1791612031531,"caller":"/home/lakshy-sharma/Citadel/Workshop/vajra/workspace/src/internal/watcher/eventsink.go:198","message":"event sink: W^X memory mapping"}
{"level":"warn","pid":12254,"process":"Isolated Web Co","addr":4862732640256,"prot":7,"time":1791612031532,"caller":"/home/lakshy-sharma/Citadel/Workshop/vajra/workspace/src/internal/watcher/eventsink.go:198","message":"event sink: W^X memory mapping"}
{"level":"warn","pid":12254,"process":"Isolated Web Co","addr":4862732705792,"prot":7,"time":1791612031533,"caller":"/home/lakshy-sharma/Citadel/Workshop/vajra/workspace/src/internal/watcher/eventsink.go:198","message":"event sink: W^X memory mapping"}
{"level":"warn","pid":12254,"process":"Isolated Web Co","addr":4862732836864,"prot":7,"time":1791612031546,"caller":"/home/lakshy-sharma/Citadel/Workshop/vajra/workspace/src/internal/watcher/eventsink.go:198","message":"event sink: W^X memory mapping"}
{"level":"warn","pid":12254,"process":"Isolated Web Co","addr":4862732902400,"prot":7,"time":1791612031562,"caller":"/home/lakshy-sharma/Citadel/Workshop/vajra/workspace/src/internal/watcher/eventsink.go:198","message":"event sink: W^X memory mapping"}
{"level":"warn","rule":"private-key","path":"/home/lakshy-sharma/Citadel/Workshop/lakshy-sharma.github.io/vendor/bundle/ruby/3.0.0/gems/eventmachine-1.2.7/lib/rubyeventmachine.so","line":372,"confidence":"high","severity":"CRITICAL","time":1791612031564,"caller":"/home/lakshy-sharma/Citadel/Workshop/vajra/workspace/src/internal/detect/secrets.go:231","message":"SECRET DETECTED"}
{"level":"warn","pid":12254,"process":"Isolated Web Co","addr":4862732967936,"prot":7,"time":1791612031575,"caller":"/home/lakshy-sharma/Citadel/Workshop/vajra/workspace/src/internal/watcher/eventsink.go:198","message":"event sink: W^X memory mapping"}
{"level":"warn","rule":"private-key","path":"/home/lakshy-sharma/Citadel/Workshop/lakshy-sharma.github.io/vendor/bundle/ruby/3.0.0/gems/eventmachine-1.2.7/tests/client.key","line":1,"confidence":"high","severity":"CRITICAL","time":1791612031681,"caller":"/home/lakshy-sharma/Citadel/Workshop/vajra/workspace/src/internal/detect/secrets.go:231","message":"SECRET DETECTED"}
{"level":"warn","rule":"private-key","path":"/home/lakshy-sharma/Citadel/Workshop/lakshy-sharma.github.io/vendor/bundle/ruby/3.0.0/gems/eventmachine-1.2.7/ext/ssl.o","line":4,"confidence":"high","severity":"CRITICAL","time":1791612031716,"caller":"/home/lakshy-sharma/Citadel/Workshop/vajra/workspace/src/internal/detect/secrets.go:231","message":"SECRET DETECTED"}
{"level":"warn","pid":12254,"process":"Isolated Web Co","addr":4862733033472,"prot":7,"time":1791612031718,"caller":"/home/lakshy-sharma/Citadel/Workshop/vajra/workspace/src/internal/watcher/eventsink.go:198","message":"event sink: W^X memory mapping"}
{"level":"warn","rule":"private-key","path":"/home/lakshy-sharma/Citadel/Workshop/lakshy-sharma.github.io/vendor/bundle/ruby/3.0.0/gems/eventmachine-1.2.7/ext/rubyeventmachine.so","line":372,"confidence":"high","severity":"CRITICAL","time":1791612031724,"caller":"/home/lakshy-sharma/Citadel/Workshop/vajra/workspace/src/internal/detect/secrets.go:231","message":"SECRET DETECTED"}
{"level":"warn","rule":"private-key","path":"/home/lakshy-sharma/Citadel/Workshop/lakshy-sharma.github.io/vendor/bundle/ruby/3.0.0/gems/eventmachine-1.2.7/ext/ssl.cpp","line":35,"confidence":"high","severity":"CRITICAL","time":1791612031759,"caller":"/home/lakshy-sharma/Citadel/Workshop/vajra/workspace/src/internal/detect/secrets.go:231","message":"SECRET DETECTED"}
{"level":"warn","rule":"generic-credential-uri","path":"/home/lakshy-sharma/Citadel/Workshop/lakshy-sharma.github.io/vendor/bundle/ruby/3.0.0/gems/http_parser.rb-0.8.0/ext/ruby_http_parser/vendor/http-parser/test.c","line":912,"confidence":"medium","severity":"HIGH","time":1791612031868,"caller":"/home/lakshy-sharma/Citadel/Workshop/vajra/workspace/src/internal/detect/secrets.go:231","message":"SECRET DETECTED"}
{"level":"warn","rule":"generic-credential-uri","path":"/home/lakshy-sharma/Citadel/Workshop/lakshy-sharma.github.io/vendor/bundle/ruby/3.0.0/gems/http_parser.rb-0.8.0/ext/ruby_http_parser/vendor/http-parser-java/test.c","line":882,"confidence":"medium","severity":"HIGH","time":1791612031912,"caller":"/home/lakshy-sharma/Citadel/Workshop/vajra/workspace/src/internal/detect/secrets.go:231","message":"SECRET DETECTED"}
{"level":"warn","pid":12254,"process":"Isolated Web Co","addr":4862733164544,"prot":7,"time":1791612031946,"caller":"/home/lakshy-sharma/Citadel/Workshop/vajra/workspace/src/internal/watcher/eventsink.go:198","message":"event sink: W^X memory mapping"}
{"level":"warn","pid":12254,"process":"Isolated Web Co","addr":4862733295616,"prot":7,"time":1791612032013,"caller":"/home/lakshy-sharma/Citadel/Workshop/vajra/workspace/src/internal/watcher/eventsink.go:198","message":"event sink: W^X memory mapping"}
{"level":"warn","pid":12254,"process":"Isolated Web Co","addr":4862733426688,"prot":7,"time":1791612032168,"caller":"/home/lakshy-sharma/Citadel/Workshop/vajra/workspace/src/internal/watcher/eventsink.go:198","message":"event sink: W^X memory mapping"}
{"level":"warn","pid":12254,"process":"Isolated Web Co","addr":4862733492224,"prot":7,"time":1791612032185,"caller":"/home/lakshy-sharma/Citadel/Workshop/vajra/workspace/src/internal/watcher/eventsink.go:198","message":"event sink: W^X memory mapping"}
{"level":"warn","pid":12254,"process":"Isolated Web Co","addr":4862733623296,"prot":7,"time":1791612032715,"caller":"/home/lakshy-sharma/Citadel/Workshop/vajra/workspace/src/internal/watcher/eventsink.go:198","message":"event sink: W^X memory mapping"}
{"level":"warn","pid":149083,"process":"Isolated Web Co","addr":9408762404864,"prot":7,"time":1791612032717,"caller":"/home/lakshy-sharma/Citadel/Workshop/vajra/workspace/src/internal/watcher/eventsink.go:198","message":"event sink: W^X memory mapping"}
{"level":"warn","pid":149083,"process":"Isolated Web Co","addr":9408762535936,"prot":7,"time":1791612032720,"caller":"/home/lakshy-sharma/Citadel/Workshop/vajra/workspace/src/internal/watcher/eventsink.go:198","message":"event sink: W^X memory mapping"}
{"level":"warn","pid":149083,"process":"Isolated Web Co","addr":9408762601472,"prot":7,"time":1791612032729,"caller":"/home/lakshy-sharma/Citadel/Workshop/vajra/workspace/src/internal/watcher/eventsink.go:198","message":"event sink: W^X memory mapping"}
{"level":"warn","pid":149083,"process":"Isolated Web Co","addr":9408762667008,"prot":7,"time":1791612032734,"caller":"/home/lakshy-sharma/Citadel/Workshop/vajra/workspace/src/internal/watcher/eventsink.go:198","message":"event sink: W^X memory mapping"}
{"level":"warn","pid":149083,"process":"Isolated Web Co","addr":9408762732544,"prot":7,"time":1791612032738,"caller":"/home/lakshy-sharma/Citadel/Workshop/vajra/workspace/src/internal/watcher/eventsink.go:198","message":"event sink: W^X memory mapping"}
{"level":"warn","pid":149083,"process":"Isolated Web Co","addr":9408762798080,"prot":7,"time":1791612032740,"caller":"/home/lakshy-sharma/Citadel/Workshop/vajra/workspace/src/internal/watcher/eventsink.go:198","message":"event sink: W^X memory mapping"}
{"level":"warn","pid":11309,"process":"DNS Res~r #3192","dst":"127.0.0.53","dst_port":53,"time":1791612032743,"caller":"/home/lakshy-sharma/Citadel/Workshop/vajra/workspace/src/internal/watcher/eventsink.go:127","message":"event sink: high-value network connection"}
{"level":"warn","pid":528,"process":"systemd-resolve","dst":"192.168.0.1","dst_port":53,"time":1791612032749,"caller":"/home/lakshy-sharma/Citadel/Workshop/vajra/workspace/src/internal/watcher/eventsink.go:127","message":"event sink: high-value network connection"}
{"level":"warn","pid":149083,"process":"Isolated Web Co","addr":9408762863616,"prot":7,"time":1791612032756,"caller":"/home/lakshy-sharma/Citadel/Workshop/vajra/workspace/src/internal/watcher/eventsink.go:198","message":"event sink: W^X memory mapping"}
{"level":"warn","pid":528,"process":"systemd-resolve","dst":"192.168.0.1","dst_port":53,"time":1791612032757,"caller":"/home/lakshy-sharma/Citadel/Workshop/vajra/workspace/src/internal/watcher/eventsink.go:127","message":"event sink: high-value network connection"}
{"level":"warn","pid":149083,"process":"Isolated Web Co","addr":9408762929152,"prot":7,"time":1791612032758,"caller":"/home/lakshy-sharma/Citadel/Workshop/vajra/workspace/src/internal/watcher/eventsink.go:198","message":"event sink: W^X memory mapping"}
{"level":"warn","pid":11309,"process":"Socket Thread","dst":"127.0.0.53","dst_port":0,"time":1791612032758,"caller":"/home/lakshy-sharma/Citadel/Workshop/vajra/workspace/src/internal/watcher/eventsink.go:127","message":"event sink: high-value network connection"}
{"level":"warn","pid":11309,"process":"Socket Thread","dst":"7f00:35::","dst_port":0,"time":1791612032758,"caller":"/home/lakshy-sharma/Citadel/Workshop/vajra/workspace/src/internal/watcher/eventsink.go:127","message":"event sink: high-value network connection"}
{"level":"warn","pid":11309,"process":"Socket Thread","dst":"7f00:35::","dst_port":0,"time":1791612032759,"caller":"/home/lakshy-sharma/Citadel/Workshop/vajra/workspace/src/internal/watcher/eventsink.go:127","message":"event sink: high-value network connection"}
{"level":"warn","pid":11309,"process":"Socket Thread","dst":"127.0.0.53","dst_port":0,"time":1791612032766,"caller":"/home/lakshy-sharma/Citadel/Workshop/vajra/workspace/src/internal/watcher/eventsink.go:127","message":"event sink: high-value network connection"}
{"level":"warn","pid":12254,"process":"Isolated Web Co","addr":4862733688832,"prot":7,"time":1791612032810,"caller":"/home/lakshy-sharma/Citadel/Workshop/vajra/workspace/src/internal/watcher/eventsink.go:198","message":"event sink: W^X memory mapping"}
{"level":"warn","rule":"generic-password","path":"/home/lakshy-sharma/Citadel/Workshop/lakshy-sharma.github.io/vendor/bundle/ruby/3.0.0/gems/addressable-2.8.1/spec/addressable/uri_spec.rb","line":3991,"confidence":"medium","severity":"HIGH","time":1791612032841,"caller":"/home/lakshy-sharma/Citadel/Workshop/vajra/workspace/src/internal/detect/secrets.go:231","message":"SECRET DETECTED"}
{"level":"warn","pid":11309,"process":"Socket Thread","dst":"127.0.0.1","dst_port":0,"time":1791612032848,"caller":"/home/lakshy-sharma/Citadel/Workshop/vajra/workspace/src/internal/watcher/eventsink.go:127","message":"event sink: high-value network connection"}
{"level":"warn","pid":11559,"process":"WebExtensions","addr":45708156116992,"prot":7,"time":1791612032848,"caller":"/home/lakshy-sharma/Citadel/Workshop/vajra/workspace/src/internal/watcher/eventsink.go:198","message":"event sink: W^X memory mapping"}
{"level":"warn","pid":11309,"process":"Socket Thread","dst":"7f00:1::","dst_port":0,"time":1791612032848,"caller":"/home/lakshy-sharma/Citadel/Workshop/vajra/workspace/src/internal/watcher/eventsink.go:127","message":"event sink: high-value network connection"}
{"level":"warn","pid":12254,"process":"Isolated Web Co","addr":4862733754368,"prot":7,"time":1791612032848,"caller":"/home/lakshy-sharma/Citadel/Workshop/vajra/workspace/src/internal/watcher/eventsink.go:198","message":"event sink: W^X memory mapping"}
{"level":"warn","pid":11309,"process":"Socket Thread","dst":"7f00:1::","dst_port":0,"time":1791612032848,"caller":"/home/lakshy-sharma/Citadel/Workshop/vajra/workspace/src/internal/watcher/eventsink.go:127","message":"event sink: high-value network connection"}
{"level":"warn","pid":11309,"process":"Socket Thread","dst":"127.0.0.1","dst_port":0,"time":1791612032849,"caller":"/home/lakshy-sharma/Citadel/Workshop/vajra/workspace/src/internal/watcher/eventsink.go:127","message":"event sink: high-value network connection"}
{"level":"warn","pid":12254,"process":"Isolated Web Co","addr":4862733819904,"prot":7,"time":1791612032903,"caller":"/home/lakshy-sharma/Citadel/Workshop/vajra/workspace/src/internal/watcher/eventsink.go:198","message":"event sink: W^X memory mapping"}
{"level":"warn","pid":11309,"process":"DNS Res~r #3193","dst":"127.0.0.53","dst_port":53,"time":1791612033047,"caller":"/home/lakshy-sharma/Citadel/Workshop/vajra/workspace/src/internal/watcher/eventsink.go:127","message":"event sink: high-value network connection"}
{"level":"warn","pid":528,"process":"systemd-resolve","dst":"192.168.0.1","dst_port":53,"time":1791612033047,"caller":"/home/lakshy-sharma/Citadel/Workshop/vajra/workspace/src/internal/watcher/eventsink.go:127","message":"event sink: high-value network connection"}
{"level":"warn","pid":528,"process":"systemd-resolve","dst":"192.168.0.1","dst_port":53,"time":1791612033047,"caller":"/home/lakshy-sharma/Citadel/Workshop/vajra/workspace/src/internal/watcher/eventsink.go:127","message":"event sink: high-value network connection"}
{"level":"warn","pid":11309,"process":"DNS Res~r #3193","dst":"160.79.104.10","dst_port":0,"time":1791612033063,"caller":"/home/lakshy-sharma/Citadel/Workshop/vajra/workspace/src/internal/watcher/eventsink.go:127","message":"event sink: high-value network connection"}
{"level":"warn","pid":11309,"process":"DNS Res~r #3193","dst":"2607:6bc0::10","dst_port":0,"time":1791612033063,"caller":"/home/lakshy-sharma/Citadel/Workshop/vajra/workspace/src/internal/watcher/eventsink.go:127","message":"event sink: high-value network connection"}
{"level":"warn","pid":11309,"process":"DNS Res~r #3193","dst":"127.0.0.53","dst_port":53,"time":1791612033063,"caller":"/home/lakshy-sharma/Citadel/Workshop/vajra/workspace/src/internal/watcher/eventsink.go:127","message":"event sink: high-value network connection"}
{"level":"warn","pid":11309,"process":"DNS Res~r #3193","dst":"160.79.104.10","dst_port":0,"time":1791612033064,"caller":"/home/lakshy-sharma/Citadel/Workshop/vajra/workspace/src/internal/watcher/eventsink.go:127","message":"event sink: high-value network connection"}
{"level":"warn","pid":11309,"process":"DNS Res~r #3193","dst":"2607:6bc0::10","dst_port":0,"time":1791612033064,"caller":"/home/lakshy-sharma/Citadel/Workshop/vajra/workspace/src/internal/watcher/eventsink.go:127","message":"event sink: high-value network connection"}
{"level":"warn","pid":11309,"process":"Socket Thread","dst":"160.79.104.10","dst_port":443,"time":1791612033064,"caller":"/home/lakshy-sharma/Citadel/Workshop/vajra/workspace/src/internal/watcher/eventsink.go:127","message":"event sink: high-value network connection"}
{"level":"warn","pid":12254,"process":"Isolated Web Co","addr":4862733950976,"prot":7,"time":1791612033129,"caller":"/home/lakshy-sharma/Citadel/Workshop/vajra/workspace/src/internal/watcher/eventsink.go:198","message":"event sink: W^X memory mapping"}
{"level":"warn","pid":12254,"process":"Isolated Web Co","addr":4862734016512,"prot":7,"time":1791612033227,"caller":"/home/lakshy-sharma/Citadel/Workshop/vajra/workspace/src/internal/watcher/eventsink.go:198","message":"event sink: W^X memory mapping"}
{"level":"warn","pid":12254,"process":"Isolated Web Co","addr":4862734147584,"prot":7,"time":1791612033276,"caller":"/home/lakshy-sharma/Citadel/Workshop/vajra/workspace/src/internal/watcher/eventsink.go:198","message":"event sink: W^X memory mapping"}
{"level":"warn","rule":"generic-password","path":"/home/lakshy-sharma/Citadel/Workshop/kavach/dhruv/compose.yml","line":29,"confidence":"medium","severity":"HIGH","time":1791612033323,"caller":"/home/lakshy-sharma/Citadel/Workshop/vajra/workspace/src/internal/detect/secrets.go:231","message":"SECRET DETECTED"}
{"level":"warn","pid":12254,"process":"Isolated Web Co","addr":4862734278656,"prot":7,"time":1791612033342,"caller":"/home/lakshy-sharma/Citadel/Workshop/vajra/workspace/src/internal/watcher/eventsink.go:198","message":"event sink: W^X memory mapping"}
{"level":"warn","pid":12254,"process":"Isolated Web Co","addr":4862734344192,"prot":7,"time":1791612033415,"caller":"/home/lakshy-sharma/Citadel/Workshop/vajra/workspace/src/internal/watcher/eventsink.go:198","message":"event sink: W^X memory mapping"}
{"level":"warn","rule":"generic-password","path":"/home/lakshy-sharma/Citadel/Workshop/kavach/dhruv/backend/workspace/config.yaml","line":13,"confidence":"medium","severity":"HIGH","time":1791612033437,"caller":"/home/lakshy-sharma/Citadel/Workshop/vajra/workspace/src/internal/detect/secrets.go:231","message":"SECRET DETECTED"}
{"level":"warn","pid":12254,"process":"Isolated Web Co","addr":4862734475264,"prot":7,"time":1791612033453,"caller":"/home/lakshy-sharma/Citadel/Workshop/vajra/workspace/src/internal/watcher/eventsink.go:198","message":"event sink: W^X memory mapping"}
{"level":"warn","pid":12254,"process":"Isolated Web Co","addr":4862734540800,"prot":7,"time":1791612033543,"caller":"/home/lakshy-sharma/Citadel/Workshop/vajra/workspace/src/internal/watcher/eventsink.go:198","message":"event sink: W^X memory mapping"}
{"level":"warn","pid":12254,"process":"DOM Worker","addr":4862734671872,"prot":7,"time":1791612033553,"caller":"/home/lakshy-sharma/Citadel/Workshop/vajra/workspace/src/internal/watcher/eventsink.go:198","message":"event sink: W^X memory mapping"}
{"level":"warn","pid":12254,"process":"DOM Worker","addr":4862725300224,"prot":7,"time":1791612033701,"caller":"/home/lakshy-sharma/Citadel/Workshop/vajra/workspace/src/internal/watcher/eventsink.go:198","message":"event sink: W^X memory mapping"}
{"level":"warn","pid":12254,"process":"DOM Worker","addr":4862725431296,"prot":7,"time":1791612033705,"caller":"/home/lakshy-sharma/Citadel/Workshop/vajra/workspace/src/internal/watcher/eventsink.go:198","message":"event sink: W^X memory mapping"}
{"level":"warn","pid":12254,"process":"DOM Worker","addr":4862729363456,"prot":7,"time":1791612033706,"caller":"/home/lakshy-sharma/Citadel/Workshop/vajra/workspace/src/internal/watcher/eventsink.go:198","message":"event sink: W^X memory mapping"}
{"level":"warn","pid":149083,"process":"Isolated Web Co","addr":9408763060224,"prot":7,"time":1791612033727,"caller":"/home/lakshy-sharma/Citadel/Workshop/vajra/workspace/src/internal/watcher/eventsink.go:198","message":"event sink: W^X memory mapping"}
{"level":"warn","pid":12254,"process":"Isolated Web Co","addr":4862729494528,"prot":7,"time":1791612033850,"caller":"/home/lakshy-sharma/Citadel/Workshop/vajra/workspace/src/internal/watcher/eventsink.go:198","message":"event sink: W^X memory mapping"}
{"level":"warn","pid":11309,"process":"Socket Thread","dst":"32.1.72.96","dst_port":0,"time":1791612033850,"caller":"/home/lakshy-sharma/Citadel/Workshop/vajra/workspace/src/internal/watcher/eventsink.go:127","message":"event sink: high-value network connection"}
{"level":"warn","pid":11309,"process":"Socket Thread","dst":"2001:4860:4826:400::","dst_port":0,"time":1791612033853,"caller":"/home/lakshy-sharma/Citadel/Workshop/vajra/workspace/src/internal/watcher/eventsink.go:127","message":"event sink: high-value network connection"}
{"level":"warn","pid":11309,"process":"Socket Thread","dst":"2001:4860:4826:400::","dst_port":0,"time":1791612033853,"caller":"/home/lakshy-sharma/Citadel/Workshop/vajra/workspace/src/internal/watcher/eventsink.go:127","message":"event sink: high-value network connection"}
{"level":"warn","pid":11309,"process":"Socket Thread","dst":"32.1.72.96","dst_port":0,"time":1791612033880,"caller":"/home/lakshy-sharma/Citadel/Workshop/vajra/workspace/src/internal/watcher/eventsink.go:127","message":"event sink: high-value network connection"}
{"level":"warn","pid":12254,"process":"DOM Worker","addr":4862729625600,"prot":7,"time":1791612033891,"caller":"/home/lakshy-sharma/Citadel/Workshop/vajra/workspace/src/internal/watcher/eventsink.go:198","message":"event sink: W^X memory mapping"}
{"level":"warn","pid":12254,"process":"DOM Worker","addr":4862729756672,"prot":7,"time":1791612033892,"caller":"/home/lakshy-sharma/Citadel/Workshop/vajra/workspace/src/internal/watcher/eventsink.go:198","message":"event sink: W^X memory mapping"}
{"level":"warn","pid":12254,"process":"Isolated Web Co","addr":4862729887744,"prot":7,"time":1791612034010,"caller":"/home/lakshy-sharma/Citadel/Workshop/vajra/workspace/src/internal/watcher/eventsink.go:198","message":"event sink: W^X memory mapping"}
{"level":"warn","pid":12254,"process":"Isolated Web Co","addr":4862730149888,"prot":7,"time":1791612034124,"caller":"/home/lakshy-sharma/Citadel/Workshop/vajra/workspace/src/internal/watcher/eventsink.go:198","message":"event sink: W^X memory mapping"}
{"level":"warn","pid":12254,"process":"Isolated Web Co","addr":4862730280960,"prot":7,"time":1791612034125,"caller":"/home/lakshy-sharma/Citadel/Workshop/vajra/workspace/src/internal/watcher/eventsink.go:198","message":"event sink: W^X memory mapping"}
{"level":"warn","pid":12254,"process":"Isolated Web Co","addr":4862730412032,"prot":7,"time":1791612034127,"caller":"/home/lakshy-sharma/Citadel/Workshop/vajra/workspace/src/internal/watcher/eventsink.go:198","message":"event sink: W^X memory mapping"}
{"level":"warn","pid":12254,"process":"Isolated Web Co","addr":4862734606336,"prot":7,"time":1791612034129,"caller":"/home/lakshy-sharma/Citadel/Workshop/vajra/workspace/src/internal/watcher/eventsink.go:198","message":"event sink: W^X memory mapping"}
{"level":"warn","pid":12254,"process":"Isolated Web Co","addr":4862734737408,"prot":7,"time":1791612034133,"caller":"/home/lakshy-sharma/Citadel/Workshop/vajra/workspace/src/internal/watcher/eventsink.go:198","message":"event sink: W^X memory mapping"}
{"level":"warn","pid":12254,"process":"Isolated Web Co","addr":4862734868480,"prot":7,"time":1791612034150,"caller":"/home/lakshy-sharma/Citadel/Workshop/vajra/workspace/src/internal/watcher/eventsink.go:198","message":"event sink: W^X memory mapping"}
{"level":"warn","pid":12254,"process":"Isolated Web Co","addr":4862734999552,"prot":7,"time":1791612034153,"caller":"/home/lakshy-sharma/Citadel/Workshop/vajra/workspace/src/internal/watcher/eventsink.go:198","message":"event sink: W^X memory mapping"}
{"level":"warn","pid":12254,"process":"Isolated Web Co","addr":4862735130624,"prot":7,"time":1791612034154,"caller":"/home/lakshy-sharma/Citadel/Workshop/vajra/workspace/src/internal/watcher/eventsink.go:198","message":"event sink: W^X memory mapping"}
{"level":"warn","pid":12254,"process":"Isolated Web Co","addr":4862717304832,"prot":7,"time":1791612034529,"caller":"/home/lakshy-sharma/Citadel/Workshop/vajra/workspace/src/internal/watcher/eventsink.go:198","message":"event sink: W^X memory mapping"}
{"level":"warn","pid":12254,"process":"Isolated Web Co","addr":4862717435904,"prot":7,"time":1791612034692,"caller":"/home/lakshy-sharma/Citadel/Workshop/vajra/workspace/src/internal/watcher/eventsink.go:198","message":"event sink: W^X memory mapping"}
{"level":"warn","pid":12254,"process":"Isolated Web Co","addr":4862717632512,"prot":7,"time":1791612034695,"caller":"/home/lakshy-sharma/Citadel/Workshop/vajra/workspace/src/internal/watcher/eventsink.go:198","message":"event sink: W^X memory mapping"}
{"level":"warn","pid":12254,"process":"Isolated Web Co","addr":4862717829120,"prot":7,"time":1791612034698,"caller":"/home/lakshy-sharma/Citadel/Workshop/vajra/workspace/src/internal/watcher/eventsink.go:198","message":"event sink: W^X memory mapping"}
{"level":"warn","pid":12254,"process":"Isolated Web Co","addr":4862717960192,"prot":7,"time":1791612035228,"caller":"/home/lakshy-sharma/Citadel/Workshop/vajra/workspace/src/internal/watcher/eventsink.go:198","message":"event sink: W^X memory mapping"}
{"level":"warn","pid":12254,"process":"Isolated Web Co","addr":4862718025728,"prot":7,"time":1791612035237,"caller":"/home/lakshy-sharma/Citadel/Workshop/vajra/workspace/src/internal/watcher/eventsink.go:198","message":"event sink: W^X memory mapping"}
{"level":"warn","pid":12254,"process":"Isolated Web Co","addr":4862718156800,"prot":7,"time":1791612035554,"caller":"/home/lakshy-sharma/Citadel/Workshop/vajra/workspace/src/internal/watcher/eventsink.go:198","message":"event sink: W^X memory mapping"}
{"level":"warn","rule":"github-app-token","path":"/home/lakshy-sharma/.cache/uv/archive-v0/QL9yQVJYiF5I-FxQyHGj7/scipy/optimize/_highspy/_core.cpython-313-x86_64-linux-gnu.so","line":7502,"confidence":"high","severity":"CRITICAL","time":1791612036179,"caller":"/home/lakshy-sharma/Citadel/Workshop/vajra/workspace/src/internal/detect/secrets.go:231","message":"SECRET DETECTED"}
{"level":"warn","pid":12254,"process":"Isolated Web Co","addr":4862718287872,"prot":7,"time":1791612036334,"caller":"/home/lakshy-sharma/Citadel/Workshop/vajra/workspace/src/internal/watcher/eventsink.go:198","message":"event sink: W^X memory mapping"}
{"level":"warn","pid":12254,"process":"Isolated Web Co","addr":4862718418944,"prot":7,"time":1791612036768,"caller":"/home/lakshy-sharma/Citadel/Workshop/vajra/workspace/src/internal/watcher/eventsink.go:198","message":"event sink: W^X memory mapping"}
{"level":"warn","rule":"github-app-token","path":"/home/lakshy-sharma/.cache/uv/archive-v0/BlyS7ZsdY46fev1mpfHDK/scipy/optimize/_highspy/_core.cpython-314-x86_64-linux-gnu.so","line":7325,"confidence":"high","severity":"CRITICAL","time":1791612037106,"caller":"/home/lakshy-sharma/Citadel/Workshop/vajra/workspace/src/internal/detect/secrets.go:231","message":"SECRET DETECTED"}
{"level":"warn","pid":12254,"process":"Isolated Web Co","addr":4862718615552,"prot":7,"time":1791612037178,"caller":"/home/lakshy-sharma/Citadel/Workshop/vajra/workspace/src/internal/watcher/eventsink.go:198","message":"event sink: W^X memory mapping"}
{"level":"warn","pid":12254,"process":"Isolated Web Co","addr":4862718681088,"prot":7,"time":1791612037192,"caller":"/home/lakshy-sharma/Citadel/Workshop/vajra/workspace/src/internal/watcher/eventsink.go:198","message":"event sink: W^X memory mapping"}
{"level":"warn","pid":12254,"process":"Isolated Web Co","addr":4862718746624,"prot":7,"time":1791612037193,"caller":"/home/lakshy-sharma/Citadel/Workshop/vajra/workspace/src/internal/watcher/eventsink.go:198","message":"event sink: W^X memory mapping"}
{"level":"warn","pid":12254,"process":"Isolated Web Co","addr":4862718943232,"prot":7,"time":1791612037200,"caller":"/home/lakshy-sharma/Citadel/Workshop/vajra/workspace/src/internal/watcher/eventsink.go:198","message":"event sink: W^X memory mapping"}
{"level":"warn","pid":12254,"process":"Isolated Web Co","addr":4862719008768,"prot":7,"time":1791612037200,"caller":"/home/lakshy-sharma/Citadel/Workshop/vajra/workspace/src/internal/watcher/eventsink.go:198","message":"event sink: W^X memory mapping"}
{"level":"warn","pid":12254,"process":"Isolated Web Co","addr":4862719139840,"prot":7,"time":1791612037201,"caller":"/home/lakshy-sharma/Citadel/Workshop/vajra/workspace/src/internal/watcher/eventsink.go:198","message":"event sink: W^X memory mapping"}
{"level":"warn","pid":12254,"process":"Isolated Web Co","addr":4862719205376,"prot":7,"time":1791612037201,"caller":"/home/lakshy-sharma/Citadel/Workshop/vajra/workspace/src/internal/watcher/eventsink.go:198","message":"event sink: W^X memory mapping"}
{"level":"warn","pid":12254,"process":"Isolated Web Co","addr":4862719270912,"prot":7,"time":1791612037203,"caller":"/home/lakshy-sharma/Citadel/Workshop/vajra/workspace/src/internal/watcher/eventsink.go:198","message":"event sink: W^X memory mapping"}
{"level":"warn","pid":528,"process":"systemd-resolve","dst":"192.168.0.1","dst_port":53,"time":1791612037205,"caller":"/home/lakshy-sharma/Citadel/Workshop/vajra/workspace/src/internal/watcher/eventsink.go:127","message":"event sink: high-value network connection"}
{"level":"warn","pid":12254,"process":"Isolated Web Co","addr":4862719336448,"prot":7,"time":1791612037206,"caller":"/home/lakshy-sharma/Citadel/Workshop/vajra/workspace/src/internal/watcher/eventsink.go:198","message":"event sink: W^X memory mapping"}
{"level":"warn","pid":12254,"process":"Isolated Web Co","addr":4862719533056,"prot":7,"time":1791612037213,"caller":"/home/lakshy-sharma/Citadel/Workshop/vajra/workspace/src/internal/watcher/eventsink.go:198","message":"event sink: W^X memory mapping"}
{"level":"warn","pid":12254,"process":"Isolated Web Co","addr":4862719598592,"prot":7,"time":1791612037215,"caller":"/home/lakshy-sharma/Citadel/Workshop/vajra/workspace/src/internal/watcher/eventsink.go:198","message":"event sink: W^X memory mapping"}
{"level":"warn","pid":12254,"process":"Isolated Web Co","addr":4862719664128,"prot":7,"time":1791612037255,"caller":"/home/lakshy-sharma/Citadel/Workshop/vajra/workspace/src/internal/watcher/eventsink.go:198","message":"event sink: W^X memory mapping"}
{"level":"warn","pid":6393,"process":"NetworkManager","dst":"2620:2d:4002:1::1064","dst_port":80,"time":1791612037308,"caller":"/home/lakshy-sharma/Citadel/Workshop/vajra/workspace/src/internal/watcher/eventsink.go:127","message":"event sink: high-value network connection"}
{"level":"warn","pid":6393,"process":"NetworkManager","dst":"2620:2d:4000:1::1099","dst_port":80,"time":1791612037310,"caller":"/home/lakshy-sharma/Citadel/Workshop/vajra/workspace/src/internal/watcher/eventsink.go:127","message":"event sink: high-value network connection"}
{"level":"warn","pid":6393,"process":"NetworkManager","dst":"2620:2d:4000:1::1100","dst_port":80,"time":1791612037311,"caller":"/home/lakshy-sharma/Citadel/Workshop/vajra/workspace/src/internal/watcher/eventsink.go:127","message":"event sink: high-value network connection"}
{"level":"warn","pid":6393,"process":"NetworkManager","dst":"2620:2d:4000:1::1101","dst_port":80,"time":1791612037311,"caller":"/home/lakshy-sharma/Citadel/Workshop/vajra/workspace/src/internal/watcher/eventsink.go:127","message":"event sink: high-value network connection"}
{"level":"warn","pid":6393,"process":"NetworkManager","dst":"2620:2d:4002:1::196","dst_port":80,"time":1791612037311,"caller":"/home/lakshy-sharma/Citadel/Workshop/vajra/workspace/src/internal/watcher/eventsink.go:127","message":"event sink: high-value network connection"}
{"level":"warn","pid":6393,"process":"NetworkManager","dst":"2620:2d:4002:1::197","dst_port":80,"time":1791612037311,"caller":"/home/lakshy-sharma/Citadel/Workshop/vajra/workspace/src/internal/watcher/eventsink.go:127","message":"event sink: high-value network connection"}
{"level":"warn","pid":6393,"process":"NetworkManager","dst":"2620:2d:4002:1::198","dst_port":80,"time":1791612037311,"caller":"/home/lakshy-sharma/Citadel/Workshop/vajra/workspace/src/internal/watcher/eventsink.go:127","message":"event sink: high-value network connection"}
{"level":"warn","pid":6393,"process":"NetworkManager","dst":"2620:2d:4002:1::1057","dst_port":80,"time":1791612037311,"caller":"/home/lakshy-sharma/Citadel/Workshop/vajra/workspace/src/internal/watcher/eventsink.go:127","message":"event sink: high-value network connection"}
{"level":"warn","pid":6393,"process":"NetworkManager","dst":"2620:2d:4002:1::1058","dst_port":80,"time":1791612037311,"caller":"/home/lakshy-sharma/Citadel/Workshop/vajra/workspace/src/internal/watcher/eventsink.go:127","message":"event sink: high-value network connection"}
{"level":"warn","pid":6393,"process":"NetworkManager","dst":"2620:2d:4002:1::1060","dst_port":80,"time":1791612037312,"caller":"/home/lakshy-sharma/Citadel/Workshop/vajra/workspace/src/internal/watcher/eventsink.go:127","message":"event sink: high-value network connection"}
{"level":"warn","pid":6393,"process":"NetworkManager","dst":"2620:2d:4002:1::1061","dst_port":80,"time":1791612037312,"caller":"/home/lakshy-sharma/Citadel/Workshop/vajra/workspace/src/internal/watcher/eventsink.go:127","message":"event sink: high-value network connection"}
{"level":"warn","pid":6393,"process":"NetworkManager","dst":"2620:2d:4002:1::1062","dst_port":80,"time":1791612037313,"caller":"/home/lakshy-sharma/Citadel/Workshop/vajra/workspace/src/internal/watcher/eventsink.go:127","message":"event sink: high-value network connection"}
{"level":"warn","pid":12254,"process":"Isolated Web Co","addr":4862719729664,"prot":7,"time":1791612037352,"caller":"/home/lakshy-sharma/Citadel/Workshop/vajra/workspace/src/internal/watcher/eventsink.go:198","message":"event sink: W^X memory mapping"}
{"level":"warn","pid":12254,"process":"Isolated Web Co","addr":4862719795200,"prot":7,"time":1791612037696,"caller":"/home/lakshy-sharma/Citadel/Workshop/vajra/workspace/src/internal/watcher/eventsink.go:198","message":"event sink: W^X memory mapping"}
{"level":"warn","pid":12254,"process":"Isolated Web Co","addr":4862719860736,"prot":7,"time":1791612037699,"caller":"/home/lakshy-sharma/Citadel/Workshop/vajra/workspace/src/internal/watcher/eventsink.go:198","message":"event sink: W^X memory mapping"}
{"level":"warn","pid":12254,"process":"Isolated Web Co","addr":4862719991808,"prot":7,"time":1791612037699,"caller":"/home/lakshy-sharma/Citadel/Workshop/vajra/workspace/src/internal/watcher/eventsink.go:198","message":"event sink: W^X memory mapping"}
{"level":"warn","pid":12254,"process":"Isolated Web Co","addr":4862720122880,"prot":7,"time":1791612037704,"caller":"/home/lakshy-sharma/Citadel/Workshop/vajra/workspace/src/internal/watcher/eventsink.go:198","message":"event sink: W^X memory mapping"}
{"level":"warn","pid":12254,"process":"Isolated Web Co","addr":4862720188416,"prot":7,"time":1791612037711,"caller":"/home/lakshy-sharma/Citadel/Workshop/vajra/workspace/src/internal/watcher/eventsink.go:198","message":"event sink: W^X memory mapping"}
{"level":"warn","pid":11309,"process":"DNS Res~r #3192","dst":"2404:6800:4002:81d::200a","dst_port":0,"time":1791612037774,"caller":"/home/lakshy-sharma/Citadel/Workshop/vajra/workspace/src/internal/watcher/eventsink.go:127","message":"event sink: high-value network connection"}
{"level":"warn","pid":11309,"process":"DNS Res~r #3192","dst":"142.250.182.106","dst_port":0,"time":1791612037775,"caller":"/home/lakshy-sharma/Citadel/Workshop/vajra/workspace/src/internal/watcher/eventsink.go:127","message":"event sink: high-value network connection"}
{"level":"warn","rule":"generic-credential-uri","path":"/home/lakshy-sharma/.cache/uv/archive-v0/oTSfYCGmh-pmG-XVd7GCF/pydantic/networks.py","line":398,"confidence":"medium","severity":"HIGH","time":1791612037875,"caller":"/home/lakshy-sharma/Citadel/Workshop/vajra/workspace/src/internal/detect/secrets.go:231","message":"SECRET DETECTED"}
{"level":"warn","pid":12254,"process":"Isolated Web Co","addr":4862720319488,"prot":7,"time":1791612038460,"caller":"/home/lakshy-sharma/Citadel/Workshop/vajra/workspace/src/internal/watcher/eventsink.go:198","message":"event sink: W^X memory mapping"}
{"level":"warn","pid":12254,"process":"Isolated Web Co","addr":4862720385024,"prot":7,"time":1791612038627,"caller":"/home/lakshy-sharma/Citadel/Workshop/vajra/workspace/src/internal/watcher/eventsink.go:198","message":"event sink: W^X memory mapping"}
{"level":"warn","pid":12254,"process":"Isolated Web Co","addr":4862720450560,"prot":7,"time":1791612038629,"caller":"/home/lakshy-sharma/Citadel/Workshop/vajra/workspace/src/internal/watcher/eventsink.go:198","message":"event sink: W^X memory mapping"}
{"level":"warn","pid":12254,"process":"DOM Worker","addr":4862720516096,"prot":7,"time":1791612038830,"caller":"/home/lakshy-sharma/Citadel/Workshop/vajra/workspace/src/internal/watcher/eventsink.go:198","message":"event sink: W^X memory mapping"}
{"level":"warn","pid":12254,"process":"DOM Worker","addr":4862720647168,"prot":7,"time":1791612038836,"caller":"/home/lakshy-sharma/Citadel/Workshop/vajra/workspace/src/internal/watcher/eventsink.go:198","message":"event sink: W^X memory mapping"}
{"level":"warn","pid":12254,"process":"DOM Worker","addr":4862720843776,"prot":7,"time":1791612038842,"caller":"/home/lakshy-sharma/Citadel/Workshop/vajra/workspace/src/internal/watcher/eventsink.go:198","message":"event sink: W^X memory mapping"}
{"level":"warn","pid":12254,"process":"DOM Worker","addr":4862720909312,"prot":7,"time":1791612038849,"caller":"/home/lakshy-sharma/Citadel/Workshop/vajra/workspace/src/internal/watcher/eventsink.go:198","message":"event sink: W^X memory mapping"}
{"level":"warn","pid":12254,"process":"DOM Worker","addr":4862721040384,"prot":7,"time":1791612038855,"caller":"/home/lakshy-sharma/Citadel/Workshop/vajra/workspace/src/internal/watcher/eventsink.go:198","message":"event sink: W^X memory mapping"}
{"level":"warn","pid":12254,"process":"DOM Worker","addr":4862721105920,"prot":7,"time":1791612038857,"caller":"/home/lakshy-sharma/Citadel/Workshop/vajra/workspace/src/internal/watcher/eventsink.go:198","message":"event sink: W^X memory mapping"}
{"level":"warn","pid":12254,"process":"Isolated Web Co","addr":4862721171456,"prot":7,"time":1791612038860,"caller":"/home/lakshy-sharma/Citadel/Workshop/vajra/workspace/src/internal/watcher/eventsink.go:198","message":"event sink: W^X memory mapping"}
{"level":"warn","pid":12254,"process":"Isolated Web Co","addr":4862721302528,"prot":7,"time":1791612040645,"caller":"/home/lakshy-sharma/Citadel/Workshop/vajra/workspace/src/internal/watcher/eventsink.go:198","message":"event sink: W^X memory mapping"}
{"level":"warn","pid":12254,"process":"Isolated Web Co","addr":4862721433600,"prot":7,"time":1791612040649,"caller":"/home/lakshy-sharma/Citadel/Workshop/vajra/workspace/src/internal/watcher/eventsink.go:198","message":"event sink: W^X memory mapping"}
{"level":"warn","pid":12254,"process":"Isolated Web Co","addr":4862721499136,"prot":7,"time":1791612040651,"caller":"/home/lakshy-sharma/Citadel/Workshop/vajra/workspace/src/internal/watcher/eventsink.go:198","message":"event sink: W^X memory mapping"}
{"level":"warn","pid":12254,"process":"Isolated Web Co","addr":4862721564672,"prot":7,"time":1791612040655,"caller":"/home/lakshy-sharma/Citadel/Workshop/vajra/workspace/src/internal/watcher/eventsink.go:198","message":"event sink: W^X memory mapping"}
{"level":"warn","pid":12254,"process":"Isolated Web Co","addr":4862721630208,"prot":7,"time":1791612040657,"caller":"/home/lakshy-sharma/Citadel/Workshop/vajra/workspace/src/internal/watcher/eventsink.go:198","message":"event sink: W^X memory mapping"}
{"level":"warn","pid":12254,"process":"Isolated Web Co","addr":4862721761280,"prot":7,"time":1791612040660,"caller":"/home/lakshy-sharma/Citadel/Workshop/vajra/workspace/src/internal/watcher/eventsink.go:198","message":"event sink: W^X memory mapping"}
{"level":"warn","pid":12254,"process":"Isolated Web Co","addr":4862721892352,"prot":7,"time":1791612040662,"caller":"/home/lakshy-sharma/Citadel/Workshop/vajra/workspace/src/internal/watcher/eventsink.go:198","message":"event sink: W^X memory mapping"}
{"level":"warn","pid":12254,"process":"Isolated Web Co","addr":4862722285568,"prot":7,"time":1791612040665,"caller":"/home/lakshy-sharma/Citadel/Workshop/vajra/workspace/src/internal/watcher/eventsink.go:198","message":"event sink: W^X memory mapping"}
{"level":"warn","pid":12254,"process":"Isolated Web Co","addr":4862722482176,"prot":7,"time":1791612040666,"caller":"/home/lakshy-sharma/Citadel/Workshop/vajra/workspace/src/internal/watcher/eventsink.go:198","message":"event sink: W^X memory mapping"}
{"level":"warn","pid":12254,"process":"Isolated Web Co","addr":4862722613248,"prot":7,"time":1791612040666,"caller":"/home/lakshy-sharma/Citadel/Workshop/vajra/workspace/src/internal/watcher/eventsink.go:198","message":"event sink: W^X memory mapping"}
{"level":"warn","pid":12254,"process":"Isolated Web Co","addr":4862722678784,"prot":7,"time":1791612040669,"caller":"/home/lakshy-sharma/Citadel/Workshop/vajra/workspace/src/internal/watcher/eventsink.go:198","message":"event sink: W^X memory mapping"}
{"level":"warn","pid":12254,"process":"Isolated Web Co","addr":4862722744320,"prot":7,"time":1791612040675,"caller":"/home/lakshy-sharma/Citadel/Workshop/vajra/workspace/src/internal/watcher/eventsink.go:198","message":"event sink: W^X memory mapping"}
{"level":"warn","pid":12254,"process":"Isolated Web Co","addr":4862722809856,"prot":7,"time":1791612040679,"caller":"/home/lakshy-sharma/Citadel/Workshop/vajra/workspace/src/internal/watcher/eventsink.go:198","message":"event sink: W^X memory mapping"}
{"level":"warn","pid":12254,"process":"Isolated Web Co","addr":4862722875392,"prot":7,"time":1791612040682,"caller":"/home/lakshy-sharma/Citadel/Workshop/vajra/workspace/src/internal/watcher/eventsink.go:198","message":"event sink: W^X memory mapping"}
{"level":"warn","pid":12254,"process":"Isolated Web Co","addr":4862723006464,"prot":7,"time":1791612040688,"caller":"/home/lakshy-sharma/Citadel/Workshop/vajra/workspace/src/internal/watcher/eventsink.go:198","message":"event sink: W^X memory mapping"}
{"level":"warn","pid":12254,"process":"Isolated Web Co","addr":4862723399680,"prot":7,"time":1791612040689,"caller":"/home/lakshy-sharma/Citadel/Workshop/vajra/workspace/src/internal/watcher/eventsink.go:198","message":"event sink: W^X memory mapping"}
{"level":"warn","pid":12254,"process":"Isolated Web Co","addr":4862723072000,"prot":7,"time":1791612040694,"caller":"/home/lakshy-sharma/Citadel/Workshop/vajra/workspace/src/internal/watcher/eventsink.go:198","message":"event sink: W^X memory mapping"}
{"level":"warn","pid":12254,"process":"Isolated Web Co","addr":4862723137536,"prot":7,"time":1791612040700,"caller":"/home/lakshy-sharma/Citadel/Workshop/vajra/workspace/src/internal/watcher/eventsink.go:198","message":"event sink: W^X memory mapping"}
{"level":"warn","pid":12254,"process":"Isolated Web Co","addr":4862723268608,"prot":7,"time":1791612040704,"caller":"/home/lakshy-sharma/Citadel/Workshop/vajra/workspace/src/internal/watcher/eventsink.go:198","message":"event sink: W^X memory mapping"}
{"level":"warn","pid":12254,"process":"Isolated Web Co","addr":4862724055040,"prot":7,"time":1791612040708,"caller":"/home/lakshy-sharma/Citadel/Workshop/vajra/workspace/src/internal/watcher/eventsink.go:198","message":"event sink: W^X memory mapping"}
{"level":"warn","pid":12254,"process":"Isolated Web Co","addr":4862724120576,"prot":7,"time":1791612040711,"caller":"/home/lakshy-sharma/Citadel/Workshop/vajra/workspace/src/internal/watcher/eventsink.go:198","message":"event sink: W^X memory mapping"}
{"level":"warn","pid":12254,"process":"Isolated Web Co","addr":4862724251648,"prot":7,"time":1791612040717,"caller":"/home/lakshy-sharma/Citadel/Workshop/vajra/workspace/src/internal/watcher/eventsink.go:198","message":"event sink: W^X memory mapping"}
{"level":"warn","pid":12254,"process":"Isolated Web Co","addr":4862724317184,"prot":7,"time":1791612040719,"caller":"/home/lakshy-sharma/Citadel/Workshop/vajra/workspace/src/internal/watcher/eventsink.go:198","message":"event sink: W^X memory mapping"}
{"level":"warn","pid":12254,"process":"Isolated Web Co","addr":4862724382720,"prot":7,"time":1791612040722,"caller":"/home/lakshy-sharma/Citadel/Workshop/vajra/workspace/src/internal/watcher/eventsink.go:198","message":"event sink: W^X memory mapping"}
{"level":"warn","pid":12254,"process":"Isolated Web Co","addr":4862724513792,"prot":7,"time":1791612040728,"caller":"/home/lakshy-sharma/Citadel/Workshop/vajra/workspace/src/internal/watcher/eventsink.go:198","message":"event sink: W^X memory mapping"}
{"level":"warn","pid":12254,"process":"Isolated Web Co","addr":4862724579328,"prot":7,"time":1791612040738,"caller":"/home/lakshy-sharma/Citadel/Workshop/vajra/workspace/src/internal/watcher/eventsink.go:198","message":"event sink: W^X memory mapping"}
{"level":"warn","pid":12254,"process":"Isolated Web Co","addr":4862724710400,"prot":7,"time":1791612040754,"caller":"/home/lakshy-sharma/Citadel/Workshop/vajra/workspace/src/internal/watcher/eventsink.go:198","message":"event sink: W^X memory mapping"}
{"level":"warn","pid":12254,"process":"Isolated Web Co","addr":4862724841472,"prot":7,"time":1791612041718,"caller":"/home/lakshy-sharma/Citadel/Workshop/vajra/workspace/src/internal/watcher/eventsink.go:198","message":"event sink: W^X memory mapping"}
{"level":"warn","pid":12254,"process":"DOM Worker","addr":4862720581632,"prot":7,"time":1791612043763,"caller":"/home/lakshy-sharma/Citadel/Workshop/vajra/workspace/src/internal/watcher/eventsink.go:198","message":"event sink: W^X memory mapping"}
{"level":"warn","pid":12254,"process":"DOM Worker","addr":4862720647168,"prot":7,"time":1791612043777,"caller":"/home/lakshy-sharma/Citadel/Workshop/vajra/workspace/src/internal/watcher/eventsink.go:198","message":"event sink: W^X memory mapping"}
{"level":"warn","pid":12254,"process":"DOM Worker","addr":4862720712704,"prot":7,"time":1791612043782,"caller":"/home/lakshy-sharma/Citadel/Workshop/vajra/workspace/src/internal/watcher/eventsink.go:198","message":"event sink: W^X memory mapping"}
{"level":"warn","pid":12254,"process":"DOM Worker","addr":4862720843776,"prot":7,"time":1791612043790,"caller":"/home/lakshy-sharma/Citadel/Workshop/vajra/workspace/src/internal/watcher/eventsink.go:198","message":"event sink: W^X memory mapping"}
{"level":"warn","pid":12254,"process":"DOM Worker","addr":4862720974848,"prot":7,"time":1791612043795,"caller":"/home/lakshy-sharma/Citadel/Workshop/vajra/workspace/src/internal/watcher/eventsink.go:198","message":"event sink: W^X memory mapping"}
{"level":"warn","rule":"generic-password","path":"/home/lakshy-sharma/.cache/pip/http-v2/d/9/4/9/6/d9496e10d99952cb805c47c12e7f554f5147898be94e53142450a25e.body","line":117,"confidence":"medium","severity":"HIGH","time":1791612046784,"caller":"/home/lakshy-sharma/Citadel/Workshop/vajra/workspace/src/internal/detect/secrets.go:231","message":"SECRET DETECTED"}
{"level":"warn","pid":12240,"process":"Isolated Web Co","addr":2319487811584,"prot":7,"time":1791612049876,"caller":"/home/lakshy-sharma/Citadel/Workshop/vajra/workspace/src/internal/watcher/eventsink.go:198","message":"event sink: W^X memory mapping"}
{"level":"warn","rule":"jwt","path":"/home/lakshy-sharma/.cache/pip/http-v2/2/8/2/d/9/282d9f430780bcc61651bfb6204712fec7aff042ee6e1a0923e66793.body","line":119,"confidence":"high","severity":"CRITICAL","time":1791612050725,"caller":"/home/lakshy-sharma/Citadel/Workshop/vajra/workspace/src/internal/detect/secrets.go:231","message":"SECRET DETECTED"}
{"level":"warn","pid":12254,"process":"Isolated Web Co","addr":4862720581632,"prot":7,"time":1791612051887,"caller":"/home/lakshy-sharma/Citadel/Workshop/vajra/workspace/src/internal/watcher/eventsink.go:198","message":"event sink: W^X memory mapping"}
{"level":"warn","pid":12254,"process":"DOM Worker","addr":4862720712704,"prot":7,"time":1791612056267,"caller":"/home/lakshy-sharma/Citadel/Workshop/vajra/workspace/src/internal/watcher/eventsink.go:198","message":"event sink: W^X memory mapping"}
{"level":"warn","pid":12254,"process":"DOM Worker","addr":4862720843776,"prot":7,"time":1791612056270,"caller":"/home/lakshy-sharma/Citadel/Workshop/vajra/workspace/src/internal/watcher/eventsink.go:198","message":"event sink: W^X memory mapping"}
{"level":"warn","pid":12254,"process":"DOM Worker","addr":4862720909312,"prot":7,"time":1791612056271,"caller":"/home/lakshy-sharma/Citadel/Workshop/vajra/workspace/src/internal/watcher/eventsink.go:198","message":"event sink: W^X memory mapping"}
{"level":"warn","pid":12254,"process":"Isolated Web Co","addr":4862720974848,"prot":7,"time":1791612057217,"caller":"/home/lakshy-sharma/Citadel/Workshop/vajra/workspace/src/internal/watcher/eventsink.go:198","message":"event sink: W^X memory mapping"}
{"level":"warn","pid":12254,"process":"Isolated Web Co","addr":4862721105920,"prot":7,"time":1791612057417,"caller":"/home/lakshy-sharma/Citadel/Workshop/vajra/workspace/src/internal/watcher/eventsink.go:198","message":"event sink: W^X memory mapping"}
{"level":"warn","pid":528,"process":"systemd-resolve","dst":"192.168.0.1","dst_port":53,"time":1791612057663,"caller":"/home/lakshy-sharma/Citadel/Workshop/vajra/workspace/src/internal/watcher/eventsink.go:127","message":"event sink: high-value network connection"}
{"level":"warn","pid":6393,"process":"NetworkManager","dst":"185.125.190.101","dst_port":80,"time":1791612057664,"caller":"/home/lakshy-sharma/Citadel/Workshop/vajra/workspace/src/internal/watcher/eventsink.go:127","message":"event sink: high-value network connection"}
{"level":"warn","pid":12254,"process":"Isolated Web Co","addr":4862721236992,"prot":7,"time":1791612057808,"caller":"/home/lakshy-sharma/Citadel/Workshop/vajra/workspace/src/internal/watcher/eventsink.go:198","message":"event sink: W^X memory mapping"}
{"level":"warn","pid":12254,"process":"Isolated Web Co","addr":4862721368064,"prot":7,"time":1791612058537,"caller":"/home/lakshy-sharma/Citadel/Workshop/vajra/workspace/src/internal/watcher/eventsink.go:198","message":"event sink: W^X memory mapping"}
{"level":"warn","pid":12254,"process":"Isolated Web Co","addr":4862721695744,"prot":7,"time":1791612058566,"caller":"/home/lakshy-sharma/Citadel/Workshop/vajra/workspace/src/internal/watcher/eventsink.go:198","message":"event sink: W^X memory mapping"}
{"level":"warn","pid":12254,"process":"Isolated Web Co","addr":4862721826816,"prot":7,"time":1791612059277,"caller":"/home/lakshy-sharma/Citadel/Workshop/vajra/workspace/src/internal/watcher/eventsink.go:198","message":"event sink: W^X memory mapping"}
{"level":"warn","pid":12254,"process":"Isolated Web Co","addr":4862722088960,"prot":7,"time":1791612060044,"caller":"/home/lakshy-sharma/Citadel/Workshop/vajra/workspace/src/internal/watcher/eventsink.go:198","message":"event sink: W^X memory mapping"}
{"level":"warn","pid":12254,"process":"Isolated Web Co","addr":4862722547712,"prot":7,"time":1791612060048,"caller":"/home/lakshy-sharma/Citadel/Workshop/vajra/workspace/src/internal/watcher/eventsink.go:198","message":"event sink: W^X memory mapping"}
{"level":"warn","pid":12240,"process":"Isolated Web Co","addr":2319470444544,"prot":7,"time":1791612060172,"caller":"/home/lakshy-sharma/Citadel/Workshop/vajra/workspace/src/internal/watcher/eventsink.go:198","message":"event sink: W^X memory mapping"}
{"level":"warn","pid":12240,"process":"Isolated Web Co","addr":2319470510080,"prot":7,"time":1791612060179,"caller":"/home/lakshy-sharma/Citadel/Workshop/vajra/workspace/src/internal/watcher/eventsink.go:198","message":"event sink: W^X memory mapping"}
{"level":"warn","pid":12254,"process":"Isolated Web Co","addr":4862722940928,"prot":7,"time":1791612060453,"caller":"/home/lakshy-sharma/Citadel/Workshop/vajra/workspace/src/internal/watcher/eventsink.go:198","message":"event sink: W^X memory mapping"}
{"level":"warn","pid":12254,"process":"Isolated Web Co","addr":4862724186112,"prot":7,"time":1791612060455,"caller":"/home/lakshy-sharma/Citadel/Workshop/vajra/workspace/src/internal/watcher/eventsink.go:198","message":"event sink: W^X memory mapping"}
{"level":"warn","pid":12254,"process":"Isolated Web Co","addr":4862724448256,"prot":7,"time":1791612060469,"caller":"/home/lakshy-sharma/Citadel/Workshop/vajra/workspace/src/internal/watcher/eventsink.go:198","message":"event sink: W^X memory mapping"}
{"level":"warn","pid":12254,"process":"Isolated Web Co","addr":4862724644864,"prot":7,"time":1791612060478,"caller":"/home/lakshy-sharma/Citadel/Workshop/vajra/workspace/src/internal/watcher/eventsink.go:198","message":"event sink: W^X memory mapping"}
{"level":"warn","pid":12254,"process":"Isolated Web Co","addr":4862724775936,"prot":7,"time":1791612060479,"caller":"/home/lakshy-sharma/Citadel/Workshop/vajra/workspace/src/internal/watcher/eventsink.go:198","message":"event sink: W^X memory mapping"}
{"level":"warn","pid":12254,"process":"Isolated Web Co","addr":4862724907008,"prot":7,"time":1791612060549,"caller":"/home/lakshy-sharma/Citadel/Workshop/vajra/workspace/src/internal/watcher/eventsink.go:198","message":"event sink: W^X memory mapping"}
{"level":"warn","pid":348284,"process":"runc:[1:CHILD]","event":"namespace_enter","time":1791612060649,"caller":"/home/lakshy-sharma/Citadel/Workshop/vajra/workspace/src/internal/watcher/eventsink.go:243","message":"event sink: high-severity security event"}
{"level":"warn","pid":348284,"process":"runc:[1:CHILD]","event":"namespace_enter","time":1791612060669,"caller":"/home/lakshy-sharma/Citadel/Workshop/vajra/workspace/src/internal/watcher/eventsink.go:243","message":"event sink: high-severity security event"}
{"level":"warn","pid":12254,"process":"Isolated Web Co","addr":4862725038080,"prot":7,"time":1791612060673,"caller":"/home/lakshy-sharma/Citadel/Workshop/vajra/workspace/src/internal/watcher/eventsink.go:198","message":"event sink: W^X memory mapping"}
{"level":"warn","pid":348284,"process":"runc:[1:CHILD]","event":"namespace_enter","time":1791612060680,"caller":"/home/lakshy-sharma/Citadel/Workshop/vajra/workspace/src/internal/watcher/eventsink.go:243","message":"event sink: high-severity security event"}
{"level":"warn","pid":12254,"process":"Isolated Web Co","addr":4862725103616,"prot":7,"time":1791612060681,"caller":"/home/lakshy-sharma/Citadel/Workshop/vajra/workspace/src/internal/watcher/eventsink.go:198","message":"event sink: W^X memory mapping"}
{"level":"warn","pid":348284,"process":"runc:[1:CHILD]","event":"namespace_enter","time":1791612060682,"caller":"/home/lakshy-sharma/Citadel/Workshop/vajra/workspace/src/internal/watcher/eventsink.go:243","message":"event sink: high-severity security event"}
{"level":"warn","pid":348284,"process":"runc:[1:CHILD]","event":"namespace_enter","time":1791612060704,"caller":"/home/lakshy-sharma/Citadel/Workshop/vajra/workspace/src/internal/watcher/eventsink.go:243","message":"event sink: high-severity security event"}
{"level":"warn","pid":348284,"process":"runc:[1:CHILD]","event":"namespace_enter","time":1791612060713,"caller":"/home/lakshy-sharma/Citadel/Workshop/vajra/workspace/src/internal/watcher/eventsink.go:243","message":"event sink: high-severity security event"}
{"level":"warn","pid":348284,"process":"runc:[1:CHILD]","event":"namespace_enter","time":1791612060718,"caller":"/home/lakshy-sharma/Citadel/Workshop/vajra/workspace/src/internal/watcher/eventsink.go:243","message":"event sink: high-severity security event"}
{"level":"warn","pid":348284,"process":"runc:[1:CHILD]","event":"namespace_create","time":1791612060724,"caller":"/home/lakshy-sharma/Citadel/Workshop/vajra/workspace/src/internal/watcher/eventsink.go:243","message":"event sink: high-severity security event"}
{"level":"warn","pid":348285,"process":"runc:[2:INIT]","event":"capset","time":1791612060730,"caller":"/home/lakshy-sharma/Citadel/Workshop/vajra/workspace/src/internal/watcher/eventsink.go:243","message":"event sink: high-severity security event"}
{"level":"warn","pid":348292,"process":"python","dst":"127.0.0.1","dst_port":8000,"time":1791612060794,"caller":"/home/lakshy-sharma/Citadel/Workshop/vajra/workspace/src/internal/watcher/eventsink.go:127","message":"event sink: high-value network connection"}
{"level":"warn","pid":12240,"process":"Isolated Web Co","addr":2319470641152,"prot":7,"time":1791612061256,"caller":"/home/lakshy-sharma/Citadel/Workshop/vajra/workspace/src/internal/watcher/eventsink.go:198","message":"event sink: W^X memory mapping"}
{"level":"warn","pid":12254,"process":"Isolated Web Co","addr":4862720843776,"prot":7,"time":1791612061596,"caller":"/home/lakshy-sharma/Citadel/Workshop/vajra/workspace/src/internal/watcher/eventsink.go:198","message":"event sink: W^X memory mapping"}
{"level":"warn","pid":12254,"process":"Isolated Web Co","addr":4862721040384,"prot":7,"time":1791612061598,"caller":"/home/lakshy-sharma/Citadel/Workshop/vajra/workspace/src/internal/watcher/eventsink.go:198","message":"event sink: W^X memory mapping"}
{"level":"warn","pid":12254,"process":"Isolated Web Co","addr":4862725169152,"prot":7,"time":1791612061599,"caller":"/home/lakshy-sharma/Citadel/Workshop/vajra/workspace/src/internal/watcher/eventsink.go:198","message":"event sink: W^X memory mapping"}
{"level":"warn","pid":12254,"process":"Isolated Web Co","addr":4862724972544,"prot":7,"time":1791612061599,"caller":"/home/lakshy-sharma/Citadel/Workshop/vajra/workspace/src/internal/watcher/eventsink.go:198","message":"event sink: W^X memory mapping"}
{"level":"warn","pid":12254,"process":"Isolated Web Co","addr":4862725234688,"prot":7,"time":1791612061604,"caller":"/home/lakshy-sharma/Citadel/Workshop/vajra/workspace/src/internal/watcher/eventsink.go:198","message":"event sink: W^X memory mapping"}
{"level":"warn","pid":12254,"process":"Isolated Web Co","addr":4862725365760,"prot":7,"time":1791612061607,"caller":"/home/lakshy-sharma/Citadel/Workshop/vajra/workspace/src/internal/watcher/eventsink.go:198","message":"event sink: W^X memory mapping"}
{"level":"warn","pid":12254,"process":"Isolated Web Co","addr":4862725431296,"prot":7,"time":1791612061765,"caller":"/home/lakshy-sharma/Citadel/Workshop/vajra/workspace/src/internal/watcher/eventsink.go:198","message":"event sink: W^X memory mapping"}
{"level":"warn","pid":12254,"process":"DOM Worker","addr":4862725496832,"prot":7,"time":1791612062096,"caller":"/home/lakshy-sharma/Citadel/Workshop/vajra/workspace/src/internal/watcher/eventsink.go:198","message":"event sink: W^X memory mapping"}
{"level":"warn","pid":12254,"process":"DOM Worker","addr":4862725562368,"prot":7,"time":1791612062101,"caller":"/home/lakshy-sharma/Citadel/Workshop/vajra/workspace/src/internal/watcher/eventsink.go:198","message":"event sink: W^X memory mapping"}
{"level":"warn","pid":12254,"process":"DOM Worker","addr":4862725693440,"prot":7,"time":1791612062101,"caller":"/home/lakshy-sharma/Citadel/Workshop/vajra/workspace/src/internal/watcher/eventsink.go:198","message":"event sink: W^X memory mapping"}
{"level":"warn","pid":12240,"process":"Isolated Web Co","addr":2319470772224,"prot":7,"time":1791612062267,"caller":"/home/lakshy-sharma/Citadel/Workshop/vajra/workspace/src/internal/watcher/eventsink.go:198","message":"event sink: W^X memory mapping"}
{"level":"warn","pid":12240,"process":"Isolated Web Co","addr":2319470903296,"prot":7,"time":1791612062271,"caller":"/home/lakshy-sharma/Citadel/Workshop/vajra/workspace/src/internal/watcher/eventsink.go:198","message":"event sink: W^X memory mapping"}
{"level":"warn","pid":12254,"process":"Isolated Web Co","addr":4862725758976,"prot":7,"time":1791612062480,"caller":"/home/lakshy-sharma/Citadel/Workshop/vajra/workspace/src/internal/watcher/eventsink.go:198","message":"event sink: W^X memory mapping"}
{"level":"warn","pid":12240,"process":"Isolated Web Co","addr":2319470968832,"prot":7,"time":1791612063287,"caller":"/home/lakshy-sharma/Citadel/Workshop/vajra/workspace/src/internal/watcher/eventsink.go:198","message":"event sink: W^X memory mapping"}
{"level":"warn","pid":12254,"process":"Isolated Web Co","addr":4862725890048,"prot":7,"time":1791612063861,"caller":"/home/lakshy-sharma/Citadel/Workshop/vajra/workspace/src/internal/watcher/eventsink.go:198","message":"event sink: W^X memory mapping"}
{"level":"warn","pid":12240,"process":"Isolated Web Co","addr":2319470510080,"prot":7,"time":1791612065289,"caller":"/home/lakshy-sharma/Citadel/Workshop/vajra/workspace/src/internal/watcher/eventsink.go:198","message":"event sink: W^X memory mapping"}
{"level":"warn","pid":12240,"process":"Isolated Web Co","addr":2319470641152,"prot":7,"time":1791612065290,"caller":"/home/lakshy-sharma/Citadel/Workshop/vajra/workspace/src/internal/watcher/eventsink.go:198","message":"event sink: W^X memory mapping"}
{"level":"warn","pid":12254,"process":"Isolated Web Co","addr":4862726086656,"prot":7,"time":1791612065742,"caller":"/home/lakshy-sharma/Citadel/Workshop/vajra/workspace/src/internal/watcher/eventsink.go:198","message":"event sink: W^X memory mapping"}
{"level":"warn","pid":12240,"process":"Isolated Web Co","addr":2319470706688,"prot":7,"time":1791612066303,"caller":"/home/lakshy-sharma/Citadel/Workshop/vajra/workspace/src/internal/watcher/eventsink.go:198","message":"event sink: W^X memory mapping"}
{"level":"warn","pid":12240,"process":"Isolated Web Co","addr":2319470772224,"prot":7,"time":1791612066311,"caller":"/home/lakshy-sharma/Citadel/Workshop/vajra/workspace/src/internal/watcher/eventsink.go:198","message":"event sink: W^X memory mapping"}
{"level":"warn","pid":12240,"process":"Isolated Web Co","addr":2319470575616,"prot":7,"time":1791612066312,"caller":"/home/lakshy-sharma/Citadel/Workshop/vajra/workspace/src/internal/watcher/eventsink.go:198","message":"event sink: W^X memory mapping"}
{"level":"warn","pid":12240,"process":"Isolated Web Co","addr":2319471034368,"prot":7,"time":1791612067306,"caller":"/home/lakshy-sharma/Citadel/Workshop/vajra/workspace/src/internal/watcher/eventsink.go:198","message":"event sink: W^X memory mapping"}
{"level":"warn","pid":12240,"process":"Isolated Web Co","addr":2319470837760,"prot":7,"time":1791612067314,"caller":"/home/lakshy-sharma/Citadel/Workshop/vajra/workspace/src/internal/watcher/eventsink.go:198","message":"event sink: W^X memory mapping"}
{"level":"warn","pid":12240,"process":"Isolated Web Co","addr":2319471296512,"prot":7,"time":1791612067334,"caller":"/home/lakshy-sharma/Citadel/Workshop/vajra/workspace/src/internal/watcher/eventsink.go:198","message":"event sink: W^X memory mapping"}
{"level":"warn","pid":12240,"process":"Isolated Web Co","addr":2319471362048,"prot":7,"time":1791612067344,"caller":"/home/lakshy-sharma/Citadel/Workshop/vajra/workspace/src/internal/watcher/eventsink.go:198","message":"event sink: W^X memory mapping"}
{"level":"warn","pid":12240,"process":"Isolated Web Co","addr":2319471427584,"prot":7,"time":1791612067370,"caller":"/home/lakshy-sharma/Citadel/Workshop/vajra/workspace/src/internal/watcher/eventsink.go:198","message":"event sink: W^X memory mapping"}
{"level":"warn","pid":12254,"process":"Isolated Web Co","addr":4862725496832,"prot":7,"time":1791612067942,"caller":"/home/lakshy-sharma/Citadel/Workshop/vajra/workspace/src/internal/watcher/eventsink.go:198","message":"event sink: W^X memory mapping"}
{"level":"warn","pid":12240,"process":"Isolated Web Co","addr":2319471493120,"prot":7,"time":1791612068403,"caller":"/home/lakshy-sharma/Citadel/Workshop/vajra/workspace/src/internal/watcher/eventsink.go:198","message":"event sink: W^X memory mapping"}
{"level":"warn","pid":12254,"process":"Isolated Web Co","addr":4862725627904,"prot":7,"time":1791612068506,"caller":"/home/lakshy-sharma/Citadel/Workshop/vajra/workspace/src/internal/watcher/eventsink.go:198","message":"event sink: W^X memory mapping"}
{"level":"warn","pid":12254,"process":"Isolated Web Co","addr":4862725824512,"prot":7,"time":1791612068531,"caller":"/home/lakshy-sharma/Citadel/Workshop/vajra/workspace/src/internal/watcher/eventsink.go:198","message":"event sink: W^X memory mapping"}
{"level":"warn","pid":12240,"process":"Isolated Web Co","addr":2319471558656,"prot":7,"time":1791612069412,"caller":"/home/lakshy-sharma/Citadel/Workshop/vajra/workspace/src/internal/watcher/eventsink.go:198","message":"event sink: W^X memory mapping"}
{"level":"warn","pid":12240,"process":"Isolated Web Co","addr":2319471689728,"prot":7,"time":1791612070420,"caller":"/home/lakshy-sharma/Citadel/Workshop/vajra/workspace/src/internal/watcher/eventsink.go:198","message":"event sink: W^X memory mapping"}
{"level":"warn","pid":12254,"process":"DOM Worker","addr":4862725955584,"prot":7,"time":1791612070661,"caller":"/home/lakshy-sharma/Citadel/Workshop/vajra/workspace/src/internal/watcher/eventsink.go:198","message":"event sink: W^X memory mapping"}
{"level":"warn","pid":12254,"process":"DOM Worker","addr":4862726217728,"prot":7,"time":1791612070672,"caller":"/home/lakshy-sharma/Citadel/Workshop/vajra/workspace/src/internal/watcher/eventsink.go:198","message":"event sink: W^X memory mapping"}
{"level":"warn","pid":12254,"process":"DOM Worker","addr":4862726348800,"prot":7,"time":1791612070674,"caller":"/home/lakshy-sharma/Citadel/Workshop/vajra/workspace/src/internal/watcher/eventsink.go:198","message":"event sink: W^X memory mapping"}
{"level":"warn","pid":12254,"process":"DOM Worker","addr":4862726414336,"prot":7,"time":1791612070677,"caller":"/home/lakshy-sharma/Citadel/Workshop/vajra/workspace/src/internal/watcher/eventsink.go:198","message":"event sink: W^X memory mapping"}
{"level":"warn","pid":12254,"process":"DOM Worker","addr":4862726545408,"prot":7,"time":1791612070685,"caller":"/home/lakshy-sharma/Citadel/Workshop/vajra/workspace/src/internal/watcher/eventsink.go:198","message":"event sink: W^X memory mapping"}
{"level":"warn","pid":12254,"process":"Isolated Web Co","addr":4862725955584,"prot":7,"time":1791612071625,"caller":"/home/lakshy-sharma/Citadel/Workshop/vajra/workspace/src/internal/watcher/eventsink.go:198","message":"event sink: W^X memory mapping"}
{"level":"warn","pid":12240,"process":"Isolated Web Co","addr":2319471755264,"prot":7,"time":1791612074543,"caller":"/home/lakshy-sharma/Citadel/Workshop/vajra/workspace/src/internal/watcher/eventsink.go:198","message":"event sink: W^X memory mapping"}
{"level":"warn","pid":12240,"process":"Isolated Web Co","addr":2319471886336,"prot":7,"time":1791612077569,"caller":"/home/lakshy-sharma/Citadel/Workshop/vajra/workspace/src/internal/watcher/eventsink.go:198","message":"event sink: W^X memory mapping"}
{"level":"warn","pid":12254,"process":"Isolated Web Co","addr":4862726217728,"prot":7,"time":1791612080070,"caller":"/home/lakshy-sharma/Citadel/Workshop/vajra/workspace/src/internal/watcher/eventsink.go:198","message":"event sink: W^X memory mapping"}
{"level":"warn","pid":12254,"process":"Isolated Web Co","addr":4862726348800,"prot":7,"time":1791612080652,"caller":"/home/lakshy-sharma/Citadel/Workshop/vajra/workspace/src/internal/watcher/eventsink.go:198","message":"event sink: W^X memory mapping"}
{"level":"warn","pid":12254,"process":"Isolated Web Co","addr":4862726414336,"prot":7,"time":1791612081554,"caller":"/home/lakshy-sharma/Citadel/Workshop/vajra/workspace/src/internal/watcher/eventsink.go:198","message":"event sink: W^X memory mapping"}
{"level":"warn","pid":12254,"process":"Isolated Web Co","addr":4862726545408,"prot":7,"time":1791612081581,"caller":"/home/lakshy-sharma/Citadel/Workshop/vajra/workspace/src/internal/watcher/eventsink.go:198","message":"event sink: W^X memory mapping"}
{"level":"warn","pid":12240,"process":"Isolated Web Co","addr":2319471951872,"prot":7,"time":1791612081678,"caller":"/home/lakshy-sharma/Citadel/Workshop/vajra/workspace/src/internal/watcher/eventsink.go:198","message":"event sink: W^X memory mapping"}
{"level":"warn","pid":12240,"process":"Isolated Web Co","addr":2319472017408,"prot":7,"time":1791612081698,"caller":"/home/lakshy-sharma/Citadel/Workshop/vajra/workspace/src/internal/watcher/eventsink.go:198","message":"event sink: W^X memory mapping"}
{"level":"warn","pid":12240,"process":"Isolated Web Co","addr":2319472082944,"prot":7,"time":1791612081723,"caller":"/home/lakshy-sharma/Citadel/Workshop/vajra/workspace/src/internal/watcher/eventsink.go:198","message":"event sink: W^X memory mapping"}
{"level":"warn","pid":12240,"process":"Isolated Web Co","addr":2319472214016,"prot":7,"time":1791612081736,"caller":"/home/lakshy-sharma/Citadel/Workshop/vajra/workspace/src/internal/watcher/eventsink.go:198","message":"event sink: W^X memory mapping"}
{"level":"warn","pid":12240,"process":"Isolated Web Co","addr":2319472345088,"prot":7,"time":1791612081745,"caller":"/home/lakshy-sharma/Citadel/Workshop/vajra/workspace/src/internal/watcher/eventsink.go:198","message":"event sink: W^X memory mapping"}
{"level":"warn","pid":12240,"process":"Isolated Web Co","addr":2319472410624,"prot":7,"time":1791612081752,"caller":"/home/lakshy-sharma/Citadel/Workshop/vajra/workspace/src/internal/watcher/eventsink.go:198","message":"event sink: W^X memory mapping"}
{"level":"warn","pid":12254,"process":"Isolated Web Co","addr":4862727135232,"prot":7,"time":1791612082228,"caller":"/home/lakshy-sharma/Citadel/Workshop/vajra/workspace/src/internal/watcher/eventsink.go:198","message":"event sink: W^X memory mapping"}
{"level":"warn","pid":348313,"process":"go","dst":"127.0.0.53","dst_port":53,"time":1791612082408,"caller":"/home/lakshy-sharma/Citadel/Workshop/vajra/workspace/src/internal/watcher/eventsink.go:127","message":"event sink: high-value network connection"}
{"level":"warn","pid":348313,"process":"go","dst":"127.0.0.53","dst_port":53,"time":1791612082415,"caller":"/home/lakshy-sharma/Citadel/Workshop/vajra/workspace/src/internal/watcher/eventsink.go:127","message":"event sink: high-value network connection"}
{"level":"warn","pid":528,"process":"systemd-resolve","dst":"192.168.0.1","dst_port":53,"time":1791612082417,"caller":"/home/lakshy-sharma/Citadel/Workshop/vajra/workspace/src/internal/watcher/eventsink.go:127","message":"event sink: high-value network connection"}
{"level":"warn","pid":528,"process":"systemd-resolve","dst":"192.168.0.1","dst_port":53,"time":1791612082420,"caller":"/home/lakshy-sharma/Citadel/Workshop/vajra/workspace/src/internal/watcher/eventsink.go:127","message":"event sink: high-value network connection"}
{"level":"warn","pid":348313,"process":"go","dst":"2404:6800:4013:813::8d","dst_port":53,"time":1791612082439,"caller":"/home/lakshy-sharma/Citadel/Workshop/vajra/workspace/src/internal/watcher/eventsink.go:127","message":"event sink: high-value network connection"}
{"level":"warn","pid":348313,"process":"go","dst":"192.178.158.141","dst_port":53,"time":1791612082443,"caller":"/home/lakshy-sharma/Citadel/Workshop/vajra/workspace/src/internal/watcher/eventsink.go:127","message":"event sink: high-value network connection"}
{"level":"warn","pid":348313,"process":"go","dst":"192.178.158.141","dst_port":443,"time":1791612082454,"caller":"/home/lakshy-sharma/Citadel/Workshop/vajra/workspace/src/internal/watcher/eventsink.go:127","message":"event sink: high-value network connection"}
{"level":"warn","pid":12254,"process":"Isolated Web Co","addr":4862727200768,"prot":7,"time":1791612082839,"caller":"/home/lakshy-sharma/Citadel/Workshop/vajra/workspace/src/internal/watcher/eventsink.go:198","message":"event sink: W^X memory mapping"}
{"level":"warn","pid":12254,"process":"Isolated Web Co","addr":4862727331840,"prot":7,"time":1791612083755,"caller":"/home/lakshy-sharma/Citadel/Workshop/vajra/workspace/src/internal/watcher/eventsink.go:198","message":"event sink: W^X memory mapping"}
{"level":"warn","pid":12254,"process":"Isolated Web Co","addr":4862727397376,"prot":7,"time":1791612083888,"caller":"/home/lakshy-sharma/Citadel/Workshop/vajra/workspace/src/internal/watcher/eventsink.go:198","message":"event sink: W^X memory mapping"}
{"level":"warn","pid":12240,"process":"Isolated Web Co","addr":2319472541696,"prot":7,"time":1791612085773,"caller":"/home/lakshy-sharma/Citadel/Workshop/vajra/workspace/src/internal/watcher/eventsink.go:198","message":"event sink: W^X memory mapping"}
{"level":"warn","pid":12240,"process":"Isolated Web Co","addr":2319472672768,"prot":7,"time":1791612085774,"caller":"/home/lakshy-sharma/Citadel/Workshop/vajra/workspace/src/internal/watcher/eventsink.go:198","message":"event sink: W^X memory mapping"}
{"level":"warn","pid":12254,"process":"Isolated Web Co","addr":4862727528448,"prot":7,"time":1791612085994,"caller":"/home/lakshy-sharma/Citadel/Workshop/vajra/workspace/src/internal/watcher/eventsink.go:198","message":"event sink: W^X memory mapping"}
{"level":"warn","pid":12254,"process":"DOM Worker","addr":4862727659520,"prot":7,"time":1791612088995,"caller":"/home/lakshy-sharma/Citadel/Workshop/vajra/workspace/src/internal/watcher/eventsink.go:198","message":"event sink: W^X memory mapping"}
{"level":"warn","pid":12254,"process":"DOM Worker","addr":4862727725056,"prot":7,"time":1791612089006,"caller":"/home/lakshy-sharma/Citadel/Workshop/vajra/workspace/src/internal/watcher/eventsink.go:198","message":"event sink: W^X memory mapping"}
{"level":"warn","pid":12254,"process":"DOM Worker","addr":4862727856128,"prot":7,"time":1791612089017,"caller":"/home/lakshy-sharma/Citadel/Workshop/vajra/workspace/src/internal/watcher/eventsink.go:198","message":"event sink: W^X memory mapping"}
{"level":"warn","pid":12254,"process":"Isolated Web Co","addr":4862727921664,"prot":7,"time":1791612090017,"caller":"/home/lakshy-sharma/Citadel/Workshop/vajra/workspace/src/internal/watcher/eventsink.go:198","message":"event sink: W^X memory mapping"}
{"level":"warn","pid":348357,"process":"runc:[1:CHILD]","event":"namespace_enter","time":1791612090814,"caller":"/home/lakshy-sharma/Citadel/Workshop/vajra/workspace/src/internal/watcher/eventsink.go:243","message":"event sink: high-severity security event"}
{"level":"warn","pid":348357,"process":"runc:[1:CHILD]","event":"namespace_enter","time":1791612090822,"caller":"/home/lakshy-sharma/Citadel/Workshop/vajra/workspace/src/internal/watcher/eventsink.go:243","message":"event sink: high-severity security event"}
{"level":"warn","pid":348357,"process":"runc:[1:CHILD]","event":"namespace_enter","time":1791612090823,"caller":"/home/lakshy-sharma/Citadel/Workshop/vajra/workspace/src/internal/watcher/eventsink.go:243","message":"event sink: high-severity security event"}
{"level":"warn","pid":348357,"process":"runc:[1:CHILD]","event":"namespace_enter","time":1791612090825,"caller":"/home/lakshy-sharma/Citadel/Workshop/vajra/workspace/src/internal/watcher/eventsink.go:243","message":"event sink: high-severity security event"}
{"level":"warn","pid":348357,"process":"runc:[1:CHILD]","event":"namespace_enter","time":1791612090828,"caller":"/home/lakshy-sharma/Citadel/Workshop/vajra/workspace/src/internal/watcher/eventsink.go:243","message":"event sink: high-severity security event"}
{"level":"warn","pid":348357,"process":"runc:[1:CHILD]","event":"namespace_enter","time":1791612090837,"caller":"/home/lakshy-sharma/Citadel/Workshop/vajra/workspace/src/internal/watcher/eventsink.go:243","message":"event sink: high-severity security event"}
{"level":"warn","pid":348357,"process":"runc:[1:CHILD]","event":"namespace_enter","time":1791612090843,"caller":"/home/lakshy-sharma/Citadel/Workshop/vajra/workspace/src/internal/watcher/eventsink.go:243","message":"event sink: high-severity security event"}
{"level":"warn","pid":348357,"process":"runc:[1:CHILD]","event":"namespace_create","time":1791612090850,"caller":"/home/lakshy-sharma/Citadel/Workshop/vajra/workspace/src/internal/watcher/eventsink.go:243","message":"event sink: high-severity security event"}
{"level":"warn","pid":11309,"process":"DNS Res~r #3192","dst":"127.0.0.53","dst_port":53,"time":1791612090855,"caller":"/home/lakshy-sharma/Citadel/Workshop/vajra/workspace/src/internal/watcher/eventsink.go:127","message":"event sink: high-value network connection"}
{"level":"warn","pid":149083,"process":"Isolated Web Co","addr":9408761683968,"prot":7,"time":1791612090865,"caller":"/home/lakshy-sharma/Citadel/Workshop/vajra/workspace/src/internal/watcher/eventsink.go:198","message":"event sink: W^X memory mapping"}
{"level":"warn","pid":528,"process":"systemd-resolve","dst":"192.168.0.1","dst_port":53,"time":1791612090874,"caller":"/home/lakshy-sharma/Citadel/Workshop/vajra/workspace/src/internal/watcher/eventsink.go:127","message":"event sink: high-value network connection"}
{"level":"warn","pid":348358,"process":"runc:[2:INIT]","event":"capset","time":1791612090882,"caller":"/home/lakshy-sharma/Citadel/Workshop/vajra/workspace/src/internal/watcher/eventsink.go:243","message":"event sink: high-severity security event"}
{"level":"warn","pid":528,"process":"systemd-resolve","dst":"192.168.0.1","dst_port":53,"time":1791612090887,"caller":"/home/lakshy-sharma/Citadel/Workshop/vajra/workspace/src/internal/watcher/eventsink.go:127","message":"event sink: high-value network connection"}
{"level":"warn","pid":11309,"process":"DNS Res~r #3192","dst":"142.250.193.46","dst_port":0,"time":1791612090888,"caller":"/home/lakshy-sharma/Citadel/Workshop/vajra/workspace/src/internal/watcher/eventsink.go:127","message":"event sink: high-value network connection"}
{"level":"warn","pid":11309,"process":"DNS Res~r #3192","dst":"2404:6800:4002:828::200e","dst_port":0,"time":1791612090889,"caller":"/home/lakshy-sharma/Citadel/Workshop/vajra/workspace/src/internal/watcher/eventsink.go:127","message":"event sink: high-value network connection"}
{"level":"warn","pid":348364,"process":"python","dst":"127.0.0.1","dst_port":8000,"time":1791612090934,"caller":"/home/lakshy-sharma/Citadel/Workshop/vajra/workspace/src/internal/watcher/eventsink.go:127","message":"event sink: high-value network connection"}
{"level":"warn","pid":12240,"process":"Isolated Web Co","addr":2319472738304,"prot":7,"time":1791612095002,"caller":"/home/lakshy-sharma/Citadel/Workshop/vajra/workspace/src/internal/watcher/eventsink.go:198","message":"event sink: W^X memory mapping"}
{"level":"warn","rule":"square-access-token","path":"/home/lakshy-sharma/Citadel/Workshop/structured_output_generation/dataset/vg/images/VG_100K_2/2397636.jpg","line":33,"confidence":"high","severity":"CRITICAL","time":1791612095168,"caller":"/home/lakshy-sharma/Citadel/Workshop/vajra/workspace/src/internal/detect/secrets.go:231","message":"SECRET DETECTED"}
{"level":"warn","pid":12254,"process":"Isolated Web Co","addr":4862716190720,"prot":7,"time":1791612099107,"caller":"/home/lakshy-sharma/Citadel/Workshop/vajra/workspace/src/internal/watcher/eventsink.go:198","message":"event sink: W^X memory mapping"}
{"level":"warn","pid":12254,"process":"Isolated Web Co","addr":4862716321792,"prot":7,"time":1791612099125,"caller":"/home/lakshy-sharma/Citadel/Workshop/vajra/workspace/src/internal/watcher/eventsink.go:198","message":"event sink: W^X memory mapping"}
{"level":"warn","pid":12254,"process":"Isolated Web Co","addr":4862716387328,"prot":7,"time":1791612099129,"caller":"/home/lakshy-sharma/Citadel/Workshop/vajra/workspace/src/internal/watcher/eventsink.go:198","message":"event sink: W^X memory mapping"}
{"level":"warn","pid":12254,"process":"Isolated Web Co","addr":4862716452864,"prot":7,"time":1791612099473,"caller":"/home/lakshy-sharma/Citadel/Workshop/vajra/workspace/src/internal/watcher/eventsink.go:198","message":"event sink: W^X memory mapping"}
{"level":"warn","pid":12254,"process":"Isolated Web Co","addr":4862716518400,"prot":7,"time":1791612099482,"caller":"/home/lakshy-sharma/Citadel/Workshop/vajra/workspace/src/internal/watcher/eventsink.go:198","message":"event sink: W^X memory mapping"}
{"level":"warn","pid":12254,"process":"Isolated Web Co","addr":4862716583936,"prot":7,"time":1791612099500,"caller":"/home/lakshy-sharma/Citadel/Workshop/vajra/workspace/src/internal/watcher/eventsink.go:198","message":"event sink: W^X memory mapping"}
{"level":"warn","pid":12254,"process":"Isolated Web Co","addr":4862716715008,"prot":7,"time":1791612099552,"caller":"/home/lakshy-sharma/Citadel/Workshop/vajra/workspace/src/internal/watcher/eventsink.go:198","message":"event sink: W^X memory mapping"}
{"level":"warn","pid":12254,"process":"Isolated Web Co","addr":4862716846080,"prot":7,"time":1791612099559,"caller":"/home/lakshy-sharma/Citadel/Workshop/vajra/workspace/src/internal/watcher/eventsink.go:198","message":"event sink: W^X memory mapping"}
{"level":"warn","pid":12254,"process":"Isolated Web Co","addr":4862716911616,"prot":7,"time":1791612099569,"caller":"/home/lakshy-sharma/Citadel/Workshop/vajra/workspace/src/internal/watcher/eventsink.go:198","message":"event sink: W^X memory mapping"}
{"level":"warn","pid":12254,"process":"Isolated Web Co","addr":4862716977152,"prot":7,"time":1791612099576,"caller":"/home/lakshy-sharma/Citadel/Workshop/vajra/workspace/src/internal/watcher/eventsink.go:198","message":"event sink: W^X memory mapping"}
{"level":"warn","pid":12254,"process":"Isolated Web Co","addr":4862717042688,"prot":7,"time":1791612099582,"caller":"/home/lakshy-sharma/Citadel/Workshop/vajra/workspace/src/internal/watcher/eventsink.go:198","message":"event sink: W^X memory mapping"}
{"level":"warn","pid":12254,"process":"Isolated Web Co","addr":4862717108224,"prot":7,"time":1791612099602,"caller":"/home/lakshy-sharma/Citadel/Workshop/vajra/workspace/src/internal/watcher/eventsink.go:198","message":"event sink: W^X memory mapping"}
{"level":"warn","pid":12254,"process":"Isolated Web Co","addr":4862717239296,"prot":7,"time":1791612099605,"caller":"/home/lakshy-sharma/Citadel/Workshop/vajra/workspace/src/internal/watcher/eventsink.go:198","message":"event sink: W^X memory mapping"}
{"level":"warn","pid":12254,"process":"Isolated Web Co","addr":4862717370368,"prot":7,"time":1791612099710,"caller":"/home/lakshy-sharma/Citadel/Workshop/vajra/workspace/src/internal/watcher/eventsink.go:198","message":"event sink: W^X memory mapping"}
{"level":"warn","pid":12254,"process":"Isolated Web Co","addr":4862717501440,"prot":7,"time":1791612099727,"caller":"/home/lakshy-sharma/Citadel/Workshop/vajra/workspace/src/internal/watcher/eventsink.go:198","message":"event sink: W^X memory mapping"}
{"level":"warn","pid":12254,"process":"Isolated Web Co","addr":4862717632512,"prot":7,"time":1791612099730,"caller":"/home/lakshy-sharma/Citadel/Workshop/vajra/workspace/src/internal/watcher/eventsink.go:198","message":"event sink: W^X memory mapping"}
{"level":"warn","pid":12254,"process":"Isolated Web Co","addr":4862717698048,"prot":7,"time":1791612099735,"caller":"/home/lakshy-sharma/Citadel/Workshop/vajra/workspace/src/internal/watcher/eventsink.go:198","message":"event sink: W^X memory mapping"}
{"level":"warn","pid":12254,"process":"Isolated Web Co","addr":4862717763584,"prot":7,"time":1791612099740,"caller":"/home/lakshy-sharma/Citadel/Workshop/vajra/workspace/src/internal/watcher/eventsink.go:198","message":"event sink: W^X memory mapping"}
{"level":"warn","pid":12254,"process":"Isolated Web Co","addr":4862717829120,"prot":7,"time":1791612099767,"caller":"/home/lakshy-sharma/Citadel/Workshop/vajra/workspace/src/internal/watcher/eventsink.go:198","message":"event sink: W^X memory mapping"}
{"level":"warn","pid":11309,"process":"DNS Res~r #3192","dst":"127.0.0.53","dst_port":53,"time":1791612099790,"caller":"/home/lakshy-sharma/Citadel/Workshop/vajra/workspace/src/internal/watcher/eventsink.go:127","message":"event sink: high-value network connection"}
{"level":"warn","pid":12254,"process":"Isolated Web Co","addr":4862717894656,"prot":7,"time":1791612099796,"caller":"/home/lakshy-sharma/Citadel/Workshop/vajra/workspace/src/internal/watcher/eventsink.go:198","message":"event sink: W^X memory mapping"}
{"level":"warn","pid":11309,"process":"DNS Res~r #3192","dst":"160.79.104.10","dst_port":0,"time":1791612099798,"caller":"/home/lakshy-sharma/Citadel/Workshop/vajra/workspace/src/internal/watcher/eventsink.go:127","message":"event sink: high-value network connection"}
{"level":"warn","pid":11309,"process":"DNS Res~r #3192","dst":"2607:6bc0::10","dst_port":0,"time":1791612099801,"caller":"/home/lakshy-sharma/Citadel/Workshop/vajra/workspace/src/internal/watcher/eventsink.go:127","message":"event sink: high-value network connection"}
{"level":"warn","pid":11309,"process":"Socket Thread","dst":"38.7.107.192","dst_port":0,"time":1791612099802,"caller":"/home/lakshy-sharma/Citadel/Workshop/vajra/workspace/src/internal/watcher/eventsink.go:127","message":"event sink: high-value network connection"}
{"level":"warn","pid":11309,"process":"Socket Thread","dst":"2607:6bc0::10","dst_port":0,"time":1791612099814,"caller":"/home/lakshy-sharma/Citadel/Workshop/vajra/workspace/src/internal/watcher/eventsink.go:127","message":"event sink: high-value network connection"}
{"level":"warn","pid":11309,"process":"Socket Thread","dst":"2607:6bc0::10","dst_port":0,"time":1791612099820,"caller":"/home/lakshy-sharma/Citadel/Workshop/vajra/workspace/src/internal/watcher/eventsink.go:127","message":"event sink: high-value network connection"}
{"level":"warn","pid":11309,"process":"Socket Thread","dst":"38.7.107.192","dst_port":0,"time":1791612099824,"caller":"/home/lakshy-sharma/Citadel/Workshop/vajra/workspace/src/internal/watcher/eventsink.go:127","message":"event sink: high-value network connection"}
{"level":"warn","pid":12254,"process":"Isolated Web Co","addr":4862718025728,"prot":7,"time":1791612099857,"caller":"/home/lakshy-sharma/Citadel/Workshop/vajra/workspace/src/internal/watcher/eventsink.go:198","message":"event sink: W^X memory mapping"}
{"level":"warn","pid":12254,"process":"DOM Worker","addr":4862718156800,"prot":7,"time":1791612099890,"caller":"/home/lakshy-sharma/Citadel/Workshop/vajra/workspace/src/internal/watcher/eventsink.go:198","message":"event sink: W^X memory mapping"}
{"level":"warn","pid":12254,"process":"DOM Worker","addr":4862718287872,"prot":7,"time":1791612099895,"caller":"/home/lakshy-sharma/Citadel/Workshop/vajra/workspace/src/internal/watcher/eventsink.go:198","message":"event sink: W^X memory mapping"}
{"level":"warn","pid":12254,"process":"DOM Worker","addr":4862718418944,"prot":7,"time":1791612099906,"caller":"/home/lakshy-sharma/Citadel/Workshop/vajra/workspace/src/internal/watcher/eventsink.go:198","message":"event sink: W^X memory mapping"}
{"level":"warn","pid":12254,"process":"DOM Worker","addr":4862718681088,"prot":7,"time":1791612099906,"caller":"/home/lakshy-sharma/Citadel/Workshop/vajra/workspace/src/internal/watcher/eventsink.go:198","message":"event sink: W^X memory mapping"}
{"level":"warn","pid":12254,"process":"DOM Worker","addr":4862718550016,"prot":7,"time":1791612099909,"caller":"/home/lakshy-sharma/Citadel/Workshop/vajra/workspace/src/internal/watcher/eventsink.go:198","message":"event sink: W^X memory mapping"}
{"level":"warn","pid":12254,"process":"DOM Worker","addr":4862718615552,"prot":7,"time":1791612099915,"caller":"/home/lakshy-sharma/Citadel/Workshop/vajra/workspace/src/internal/watcher/eventsink.go:198","message":"event sink: W^X memory mapping"}
{"level":"warn","pid":12254,"process":"Isolated Web Co","addr":4862718877696,"prot":7,"time":1791612099990,"caller":"/home/lakshy-sharma/Citadel/Workshop/vajra/workspace/src/internal/watcher/eventsink.go:198","message":"event sink: W^X memory mapping"}
{"level":"warn","pid":12254,"process":"Isolated Web Co","addr":4862718943232,"prot":7,"time":1791612100003,"caller":"/home/lakshy-sharma/Citadel/Workshop/vajra/workspace/src/internal/watcher/eventsink.go:198","message":"event sink: W^X memory mapping"}
{"level":"warn","pid":12254,"process":"Isolated Web Co","addr":4862719074304,"prot":7,"time":1791612100124,"caller":"/home/lakshy-sharma/Citadel/Workshop/vajra/workspace/src/internal/watcher/eventsink.go:198","message":"event sink: W^X memory mapping"}
{"level":"warn","pid":12254,"process":"Isolated Web Co","addr":4862719205376,"prot":7,"time":1791612100193,"caller":"/home/lakshy-sharma/Citadel/Workshop/vajra/workspace/src/internal/watcher/eventsink.go:198","message":"event sink: W^X memory mapping"}
{"level":"warn","pid":12254,"process":"Isolated Web Co","addr":4862719270912,"prot":7,"time":1791612100278,"caller":"/home/lakshy-sharma/Citadel/Workshop/vajra/workspace/src/internal/watcher/eventsink.go:198","message":"event sink: W^X memory mapping"}
{"level":"warn","pid":12254,"process":"DOM Worker","addr":4862719401984,"prot":7,"time":1791612100300,"caller":"/home/lakshy-sharma/Citadel/Workshop/vajra/workspace/src/internal/watcher/eventsink.go:198","message":"event sink: W^X memory mapping"}
{"level":"warn","pid":12254,"process":"Isolated Web Co","addr":4862719533056,"prot":7,"time":1791612100377,"caller":"/home/lakshy-sharma/Citadel/Workshop/vajra/workspace/src/internal/watcher/eventsink.go:198","message":"event sink: W^X memory mapping"}
{"level":"warn","pid":12254,"process":"Isolated Web Co","addr":4862719598592,"prot":7,"time":1791612100382,"caller":"/home/lakshy-sharma/Citadel/Workshop/vajra/workspace/src/internal/watcher/eventsink.go:198","message":"event sink: W^X memory mapping"}
{"level":"warn","pid":12254,"process":"Isolated Web Co","addr":4862719664128,"prot":7,"time":1791612100389,"caller":"/home/lakshy-sharma/Citadel/Workshop/vajra/workspace/src/internal/watcher/eventsink.go:198","message":"event sink: W^X memory mapping"}
{"level":"warn","pid":12254,"process":"Isolated Web Co","addr":4862719729664,"prot":7,"time":1791612100515,"caller":"/home/lakshy-sharma/Citadel/Workshop/vajra/workspace/src/internal/watcher/eventsink.go:198","message":"event sink: W^X memory mapping"}
{"level":"warn","pid":12254,"process":"Isolated Web Co","addr":4862719795200,"prot":7,"time":1791612100539,"caller":"/home/lakshy-sharma/Citadel/Workshop/vajra/workspace/src/internal/watcher/eventsink.go:198","message":"event sink: W^X memory mapping"}
{"level":"warn","pid":12254,"process":"Isolated Web Co","addr":4862719860736,"prot":7,"time":1791612100546,"caller":"/home/lakshy-sharma/Citadel/Workshop/vajra/workspace/src/internal/watcher/eventsink.go:198","message":"event sink: W^X memory mapping"}
{"level":"warn","pid":12254,"process":"Isolated Web Co","addr":4862719926272,"prot":7,"time":1791612100552,"caller":"/home/lakshy-sharma/Citadel/Workshop/vajra/workspace/src/internal/watcher/eventsink.go:198","message":"event sink: W^X memory mapping"}
{"level":"warn","pid":12254,"process":"Isolated Web Co","addr":4862719991808,"prot":7,"time":1791612100602,"caller":"/home/lakshy-sharma/Citadel/Workshop/vajra/workspace/src/internal/watcher/eventsink.go:198","message":"event sink: W^X memory mapping"}
{"level":"warn","pid":12254,"process":"Isolated Web Co","addr":4862720057344,"prot":7,"time":1791612104616,"caller":"/home/lakshy-sharma/Citadel/Workshop/vajra/workspace/src/internal/watcher/eventsink.go:198","message":"event sink: W^X memory mapping"}
{"level":"warn","pid":12254,"process":"Isolated Web Co","addr":4862720188416,"prot":7,"time":1791612104813,"caller":"/home/lakshy-sharma/Citadel/Workshop/vajra/workspace/src/internal/watcher/eventsink.go:198","message":"event sink: W^X memory mapping"}
{"level":"warn","pid":12254,"process":"Isolated Web Co","addr":4862720319488,"prot":7,"time":1791612104825,"caller":"/home/lakshy-sharma/Citadel/Workshop/vajra/workspace/src/internal/watcher/eventsink.go:198","message":"event sink: W^X memory mapping"}
{"level":"warn","pid":12254,"process":"Isolated Web Co","addr":4862720450560,"prot":7,"time":1791612104860,"caller":"/home/lakshy-sharma/Citadel/Workshop/vajra/workspace/src/internal/watcher/eventsink.go:198","message":"event sink: W^X memory mapping"}
{"level":"warn","pid":12254,"process":"Isolated Web Co","addr":4862720581632,"prot":7,"time":1791612104877,"caller":"/home/lakshy-sharma/Citadel/Workshop/vajra/workspace/src/internal/watcher/eventsink.go:198","message":"event sink: W^X memory mapping"}
{"level":"warn","pid":12254,"process":"Isolated Web Co","addr":4862718156800,"prot":7,"time":1791612105820,"caller":"/home/lakshy-sharma/Citadel/Workshop/vajra/workspace/src/internal/watcher/eventsink.go:198","message":"event sink: W^X memory mapping"}
{"level":"warn","pid":12254,"process":"DOM Worker","addr":4862718222336,"prot":7,"time":1791612105821,"caller":"/home/lakshy-sharma/Citadel/Workshop/vajra/workspace/src/internal/watcher/eventsink.go:198","message":"event sink: W^X memory mapping"}
{"level":"warn","pid":12254,"process":"DOM Worker","addr":4862718287872,"prot":7,"time":1791612105822,"caller":"/home/lakshy-sharma/Citadel/Workshop/vajra/workspace/src/internal/watcher/eventsink.go:198","message":"event sink: W^X memory mapping"}
{"level":"warn","pid":12254,"process":"DOM Worker","addr":4862718418944,"prot":7,"time":1791612105826,"caller":"/home/lakshy-sharma/Citadel/Workshop/vajra/workspace/src/internal/watcher/eventsink.go:198","message":"event sink: W^X memory mapping"}
{"level":"warn","pid":12254,"process":"Isolated Web Co","addr":4862718484480,"prot":7,"time":1791612106896,"caller":"/home/lakshy-sharma/Citadel/Workshop/vajra/workspace/src/internal/watcher/eventsink.go:198","message":"event sink: W^X memory mapping"}
{"level":"warn","pid":12254,"process":"Isolated Web Co","addr":4862718681088,"prot":7,"time":1791612106901,"caller":"/home/lakshy-sharma/Citadel/Workshop/vajra/workspace/src/internal/watcher/eventsink.go:198","message":"event sink: W^X memory mapping"}
{"level":"warn","pid":12254,"process":"Isolated Web Co","addr":4862720647168,"prot":7,"time":1791612106924,"caller":"/home/lakshy-sharma/Citadel/Workshop/vajra/workspace/src/internal/watcher/eventsink.go:198","message":"event sink: W^X memory mapping"}
{"level":"warn","pid":12254,"process":"Isolated Web Co","addr":4862719008768,"prot":7,"time":1791612106941,"caller":"/home/lakshy-sharma/Citadel/Workshop/vajra/workspace/src/internal/watcher/eventsink.go:198","message":"event sink: W^X memory mapping"}
{"level":"warn","pid":12254,"process":"Isolated Web Co","addr":4862719139840,"prot":7,"time":1791612106955,"caller":"/home/lakshy-sharma/Citadel/Workshop/vajra/workspace/src/internal/watcher/eventsink.go:198","message":"event sink: W^X memory mapping"}
{"level":"warn","pid":12254,"process":"Isolated Web Co","addr":4862719336448,"prot":7,"time":1791612107889,"caller":"/home/lakshy-sharma/Citadel/Workshop/vajra/workspace/src/internal/watcher/eventsink.go:198","message":"event sink: W^X memory mapping"}
{"level":"warn","pid":12254,"process":"Isolated Web Co","addr":4862719401984,"prot":7,"time":1791612109934,"caller":"/home/lakshy-sharma/Citadel/Workshop/vajra/workspace/src/internal/watcher/eventsink.go:198","message":"event sink: W^X memory mapping"}
{"level":"warn","pid":12254,"process":"Isolated Web Co","addr":4862720122880,"prot":7,"time":1791612109976,"caller":"/home/lakshy-sharma/Citadel/Workshop/vajra/workspace/src/internal/watcher/eventsink.go:198","message":"event sink: W^X memory mapping"}
{"level":"info","findings":5197,"targets":["/home/lakshy-sharma"],"elapsed":"2m45.028s","time":1791612110610,"caller":"/home/lakshy-sharma/Citadel/Workshop/vajra/workspace/src/internal/detect/secrets.go:158","message":"secrets scanner: scan complete"}
{"level":"warn","pid":12254,"process":"DOM Worker","addr":4862718222336,"prot":7,"time":1791612112344,"caller":"/home/lakshy-sharma/Citadel/Workshop/vajra/workspace/src/internal/watcher/eventsink.go:198","message":"event sink: W^X memory mapping"}
{"level":"warn","pid":12254,"process":"Isolated Web Co","addr":4862718353408,"prot":7,"time":1791612112352,"caller":"/home/lakshy-sharma/Citadel/Workshop/vajra/workspace/src/internal/watcher/eventsink.go:198","message":"event sink: W^X memory mapping"}
{"level":"warn","pid":12254,"process":"DOM Worker","addr":4862718615552,"prot":7,"time":1791612112355,"caller":"/home/lakshy-sharma/Citadel/Workshop/vajra/workspace/src/internal/watcher/eventsink.go:198","message":"event sink: W^X memory mapping"}
{"level":"warn","pid":12254,"process":"DOM Worker","addr":4862718746624,"prot":7,"time":1791612112355,"caller":"/home/lakshy-sharma/Citadel/Workshop/vajra/workspace/src/internal/watcher/eventsink.go:198","message":"event sink: W^X memory mapping"}
{"level":"warn","pid":12254,"process":"Isolated Web Co","addr":4862719467520,"prot":7,"time":1791612112374,"caller":"/home/lakshy-sharma/Citadel/Workshop/vajra/workspace/src/internal/watcher/eventsink.go:198","message":"event sink: W^X memory mapping"}
{"level":"warn","pid":11604,"process":"Privileged Cont","addr":15675232665600,"prot":7,"time":1791612112564,"caller":"/home/lakshy-sharma/Citadel/Workshop/vajra/workspace/src/internal/watcher/eventsink.go:198","message":"event sink: W^X memory mapping"}
{"level":"warn","pid":11604,"process":"Privileged Cont","addr":15675232731136,"prot":7,"time":1791612112565,"caller":"/home/lakshy-sharma/Citadel/Workshop/vajra/workspace/src/internal/watcher/eventsink.go:198","message":"event sink: W^X memory mapping"}
{"level":"warn","pid":11604,"process":"Privileged Cont","addr":15675233058816,"prot":7,"time":1791612112566,"caller":"/home/lakshy-sharma/Citadel/Workshop/vajra/workspace/src/internal/watcher/eventsink.go:198","message":"event sink: W^X memory mapping"}
{"level":"warn","pid":11604,"process":"Privileged Cont","addr":15675233189888,"prot":7,"time":1791612112567,"caller":"/home/lakshy-sharma/Citadel/Workshop/vajra/workspace/src/internal/watcher/eventsink.go:198","message":"event sink: W^X memory mapping"}
{"level":"warn","pid":11604,"process":"Privileged Cont","addr":15675233320960,"prot":7,"time":1791612112568,"caller":"/home/lakshy-sharma/Citadel/Workshop/vajra/workspace/src/internal/watcher/eventsink.go:198","message":"event sink: W^X memory mapping"}
{"level":"warn","pid":11604,"process":"Privileged Cont","addr":15675233452032,"prot":7,"time":1791612112569,"caller":"/home/lakshy-sharma/Citadel/Workshop/vajra/workspace/src/internal/watcher/eventsink.go:198","message":"event sink: W^X memory mapping"}
{"level":"warn","pid":11604,"process":"Privileged Cont","addr":15675233517568,"prot":7,"time":1791612112571,"caller":"/home/lakshy-sharma/Citadel/Workshop/vajra/workspace/src/internal/watcher/eventsink.go:198","message":"event sink: W^X memory mapping"}
{"level":"warn","pid":11604,"process":"Privileged Cont","addr":15675233583104,"prot":7,"time":1791612112576,"caller":"/home/lakshy-sharma/Citadel/Workshop/vajra/workspace/src/internal/watcher/eventsink.go:198","message":"event sink: W^X memory mapping"}
{"level":"warn","pid":11604,"process":"Privileged Cont","addr":15675233648640,"prot":7,"time":1791612112583,"caller":"/home/lakshy-sharma/Citadel/Workshop/vajra/workspace/src/internal/watcher/eventsink.go:198","message":"event sink: W^X memory mapping"}
{"level":"warn","pid":12254,"process":"Isolated Web Co","addr":4862720253952,"prot":7,"time":1791612113293,"caller":"/home/lakshy-sharma/Citadel/Workshop/vajra/workspace/src/internal/watcher/eventsink.go:198","message":"event sink: W^X memory mapping"}
{"level":"warn","pid":12254,"process":"Isolated Web Co","addr":4862720385024,"prot":7,"time":1791612113806,"caller":"/home/lakshy-sharma/Citadel/Workshop/vajra/workspace/src/internal/watcher/eventsink.go:198","message":"event sink: W^X memory mapping"}
{"level":"warn","pid":12254,"process":"Isolated Web Co","addr":4862718287872,"prot":7,"time":1791612116796,"caller":"/home/lakshy-sharma/Citadel/Workshop/vajra/workspace/src/internal/watcher/eventsink.go:198","message":"event sink: W^X memory mapping"}
{"level":"warn","pid":12254,"process":"Isolated Web Co","addr":4862718418944,"prot":7,"time":1791612116805,"caller":"/home/lakshy-sharma/Citadel/Workshop/vajra/workspace/src/internal/watcher/eventsink.go:198","message":"event sink: W^X memory mapping"}
{"level":"warn","pid":12254,"process":"DOM Worker","addr":4862718615552,"prot":7,"time":1791612117831,"caller":"/home/lakshy-sharma/Citadel/Workshop/vajra/workspace/src/internal/watcher/eventsink.go:198","message":"event sink: W^X memory mapping"}
{"level":"warn","pid":12254,"process":"DOM Worker","addr":4862718746624,"prot":7,"time":1791612117832,"caller":"/home/lakshy-sharma/Citadel/Workshop/vajra/workspace/src/internal/watcher/eventsink.go:198","message":"event sink: W^X memory mapping"}
{"level":"warn","pid":12254,"process":"DOM Worker","addr":4862720516096,"prot":7,"time":1791612117834,"caller":"/home/lakshy-sharma/Citadel/Workshop/vajra/workspace/src/internal/watcher/eventsink.go:198","message":"event sink: W^X memory mapping"}
{"level":"warn","pid":12254,"process":"Isolated Web Co","addr":4862721302528,"prot":7,"time":1791612119151,"caller":"/home/lakshy-sharma/Citadel/Workshop/vajra/workspace/src/internal/watcher/eventsink.go:198","message":"event sink: W^X memory mapping"}
{"level":"warn","pid":12254,"process":"Isolated Web Co","addr":4862721368064,"prot":7,"time":1791612119183,"caller":"/home/lakshy-sharma/Citadel/Workshop/vajra/workspace/src/internal/watcher/eventsink.go:198","message":"event sink: W^X memory mapping"}
{"level":"warn","pid":149083,"process":"Isolated Web Co","addr":9408761749504,"prot":7,"time":1791612119817,"caller":"/home/lakshy-sharma/Citadel/Workshop/vajra/workspace/src/internal/watcher/eventsink.go:198","message":"event sink: W^X memory mapping"}
{"level":"warn","pid":11309,"process":"DNS Res~r #3192","dst":"127.0.0.53","dst_port":53,"time":1791612119819,"caller":"/home/lakshy-sharma/Citadel/Workshop/vajra/workspace/src/internal/watcher/eventsink.go:127","message":"event sink: high-value network connection"}
{"level":"warn","pid":149083,"process":"Isolated Web Co","addr":9408761880576,"prot":7,"time":1791612119820,"caller":"/home/lakshy-sharma/Citadel/Workshop/vajra/workspace/src/internal/watcher/eventsink.go:198","message":"event sink: W^X memory mapping"}
{"level":"warn","pid":528,"process":"systemd-resolve","dst":"192.168.0.1","dst_port":53,"time":1791612119820,"caller":"/home/lakshy-sharma/Citadel/Workshop/vajra/workspace/src/internal/watcher/eventsink.go:127","message":"event sink: high-value network connection"}
{"level":"warn","pid":528,"process":"systemd-resolve","dst":"192.168.0.1","dst_port":53,"time":1791612119821,"caller":"/home/lakshy-sharma/Citadel/Workshop/vajra/workspace/src/internal/watcher/eventsink.go:127","message":"event sink: high-value network connection"}
{"level":"warn","pid":11309,"process":"DNS Res~r #3192","dst":"192.178.177.95","dst_port":0,"time":1791612119827,"caller":"/home/lakshy-sharma/Citadel/Workshop/vajra/workspace/src/internal/watcher/eventsink.go:127","message":"event sink: high-value network connection"}
{"level":"warn","pid":11309,"process":"DNS Res~r #3192","dst":"2404:6800:4013:800::5f","dst_port":0,"time":1791612119827,"caller":"/home/lakshy-sharma/Citadel/Workshop/vajra/workspace/src/internal/watcher/eventsink.go:127","message":"event sink: high-value network connection"}
{"level":"warn","pid":11309,"process":"DNS Res~r #3192","dst":"127.0.0.53","dst_port":53,"time":1791612119829,"caller":"/home/lakshy-sharma/Citadel/Workshop/vajra/workspace/src/internal/watcher/eventsink.go:127","message":"event sink: high-value network connection"}
{"level":"warn","pid":11309,"process":"DNS Res~r #3192","dst":"192.178.177.95","dst_port":0,"time":1791612119829,"caller":"/home/lakshy-sharma/Citadel/Workshop/vajra/workspace/src/internal/watcher/eventsink.go:127","message":"event sink: high-value network connection"}
{"level":"warn","pid":11309,"process":"DNS Res~r #3192","dst":"2404:6800:4013:800::5f","dst_port":0,"time":1791612119830,"caller":"/home/lakshy-sharma/Citadel/Workshop/vajra/workspace/src/internal/watcher/eventsink.go:127","message":"event sink: high-value network connection"}
{"level":"warn","pid":11309,"process":"Socket Thread","dst":"192.168.0.1","dst_port":0,"time":1791612119831,"caller":"/home/lakshy-sharma/Citadel/Workshop/vajra/workspace/src/internal/watcher/eventsink.go:127","message":"event sink: high-value network connection"}
{"level":"warn","pid":11309,"process":"Socket Thread","dst":"c0a8:1::10","dst_port":0,"time":1791612119831,"caller":"/home/lakshy-sharma/Citadel/Workshop/vajra/workspace/src/internal/watcher/eventsink.go:127","message":"event sink: high-value network connection"}
{"level":"warn","pid":11309,"process":"Socket Thread","dst":"c0a8:1::10","dst_port":0,"time":1791612119832,"caller":"/home/lakshy-sharma/Citadel/Workshop/vajra/workspace/src/internal/watcher/eventsink.go:127","message":"event sink: high-value network connection"}
{"level":"warn","pid":11309,"process":"Socket Thread","dst":"192.168.0.1","dst_port":0,"time":1791612119832,"caller":"/home/lakshy-sharma/Citadel/Workshop/vajra/workspace/src/internal/watcher/eventsink.go:127","message":"event sink: high-value network connection"}
{"level":"warn","pid":11309,"process":"Socket Thread","dst":"192.168.0.1","dst_port":0,"time":1791612120114,"caller":"/home/lakshy-sharma/Citadel/Workshop/vajra/workspace/src/internal/watcher/eventsink.go:127","message":"event sink: high-value network connection"}
{"level":"warn","pid":11309,"process":"Socket Thread","dst":"c0a8:1::10","dst_port":0,"time":1791612120138,"caller":"/home/lakshy-sharma/Citadel/Workshop/vajra/workspace/src/internal/watcher/eventsink.go:127","message":"event sink: high-value network connection"}
{"level":"warn","pid":11309,"process":"Socket Thread","dst":"c0a8:1::10","dst_port":0,"time":1791612120138,"caller":"/home/lakshy-sharma/Citadel/Workshop/vajra/workspace/src/internal/watcher/eventsink.go:127","message":"event sink: high-value network connection"}
{"level":"warn","pid":11309,"process":"Socket Thread","dst":"192.168.0.1","dst_port":0,"time":1791612120139,"caller":"/home/lakshy-sharma/Citadel/Workshop/vajra/workspace/src/internal/watcher/eventsink.go:127","message":"event sink: high-value network connection"}
{"level":"warn","pid":12254,"process":"DOM Worker","addr":4862718615552,"prot":7,"time":1791612120167,"caller":"/home/lakshy-sharma/Citadel/Workshop/vajra/workspace/src/internal/watcher/eventsink.go:198","message":"event sink: W^X memory mapping"}
{"level":"warn","pid":12254,"process":"DOM Worker","addr":4862718746624,"prot":7,"time":1791612120168,"caller":"/home/lakshy-sharma/Citadel/Workshop/vajra/workspace/src/internal/watcher/eventsink.go:198","message":"event sink: W^X memory mapping"}
{"level":"warn","pid":12254,"process":"DOM Worker","addr":4862720516096,"prot":7,"time":1791612120169,"caller":"/home/lakshy-sharma/Citadel/Workshop/vajra/workspace/src/internal/watcher/eventsink.go:198","message":"event sink: W^X memory mapping"}
{"level":"warn","pid":149083,"process":"Isolated Web Co","addr":9408762273792,"prot":7,"time":1791612120560,"caller":"/home/lakshy-sharma/Citadel/Workshop/vajra/workspace/src/internal/watcher/eventsink.go:198","message":"event sink: W^X memory mapping"}
{"level":"warn","pid":149083,"process":"Isolated Web Co","addr":9408762470400,"prot":7,"time":1791612120561,"caller":"/home/lakshy-sharma/Citadel/Workshop/vajra/workspace/src/internal/watcher/eventsink.go:198","message":"event sink: W^X memory mapping"}
{"level":"warn","pid":149083,"process":"Isolated Web Co","addr":9408762994688,"prot":7,"time":1791612120818,"caller":"/home/lakshy-sharma/Citadel/Workshop/vajra/workspace/src/internal/watcher/eventsink.go:198","message":"event sink: W^X memory mapping"}
{"level":"warn","pid":11604,"process":"Privileged Cont","addr":15675233779712,"prot":7,"time":1791612120858,"caller":"/home/lakshy-sharma/Citadel/Workshop/vajra/workspace/src/internal/watcher/eventsink.go:198","message":"event sink: W^X memory mapping"}
{"level":"warn","pid":348408,"process":"runc:[1:CHILD]","event":"namespace_enter","time":1791612120963,"caller":"/home/lakshy-sharma/Citadel/Workshop/vajra/workspace/src/internal/watcher/eventsink.go:243","message":"event sink: high-severity security event"}
{"level":"warn","pid":348408,"process":"runc:[1:CHILD]","event":"namespace_enter","time":1791612120965,"caller":"/home/lakshy-sharma/Citadel/Workshop/vajra/workspace/src/internal/watcher/eventsink.go:243","message":"event sink: high-severity security event"}
{"level":"warn","pid":348408,"process":"runc:[1:CHILD]","event":"namespace_enter","time":1791612120966,"caller":"/home/lakshy-sharma/Citadel/Workshop/vajra/workspace/src/internal/watcher/eventsink.go:243","message":"event sink: high-severity security event"}
{"level":"warn","pid":348408,"process":"runc:[1:CHILD]","event":"namespace_enter","time":1791612120966,"caller":"/home/lakshy-sharma/Citadel/Workshop/vajra/workspace/src/internal/watcher/eventsink.go:243","message":"event sink: high-severity security event"}
{"level":"warn","pid":348408,"process":"runc:[1:CHILD]","event":"namespace_enter","time":1791612120967,"caller":"/home/lakshy-sharma/Citadel/Workshop/vajra/workspace/src/internal/watcher/eventsink.go:243","message":"event sink: high-severity security event"}
{"level":"warn","pid":348408,"process":"runc:[1:CHILD]","event":"namespace_enter","time":1791612120967,"caller":"/home/lakshy-sharma/Citadel/Workshop/vajra/workspace/src/internal/watcher/eventsink.go:243","message":"event sink: high-severity security event"}
{"level":"warn","pid":348408,"process":"runc:[1:CHILD]","event":"namespace_enter","time":1791612120967,"caller":"/home/lakshy-sharma/Citadel/Workshop/vajra/workspace/src/internal/watcher/eventsink.go:243","message":"event sink: high-severity security event"}
{"level":"warn","pid":348408,"process":"runc:[1:CHILD]","event":"namespace_create","time":1791612120968,"caller":"/home/lakshy-sharma/Citadel/Workshop/vajra/workspace/src/internal/watcher/eventsink.go:243","message":"event sink: high-severity security event"}
{"level":"warn","pid":348409,"process":"runc:[2:INIT]","event":"capset","time":1791612120982,"caller":"/home/lakshy-sharma/Citadel/Workshop/vajra/workspace/src/internal/watcher/eventsink.go:243","message":"event sink: high-severity security event"}
{"level":"warn","pid":348415,"process":"python","dst":"127.0.0.1","dst_port":8000,"time":1791612121044,"caller":"/home/lakshy-sharma/Citadel/Workshop/vajra/workspace/src/internal/watcher/eventsink.go:127","message":"event sink: high-value network connection"}
{"level":"warn","pid":12254,"process":"Isolated Web Co","addr":4862721433600,"prot":7,"time":1791612121058,"caller":"/home/lakshy-sharma/Citadel/Workshop/vajra/workspace/src/internal/watcher/eventsink.go:198","message":"event sink: W^X memory mapping"}
{"level":"warn","pid":149083,"process":"Isolated Web Co","addr":9408763125760,"prot":7,"time":1791612121830,"caller":"/home/lakshy-sharma/Citadel/Workshop/vajra/workspace/src/internal/watcher/eventsink.go:198","message":"event sink: W^X memory mapping"}
{"level":"warn","pid":12254,"process":"Isolated Web Co","addr":4862721499136,"prot":7,"time":1791612122131,"caller":"/home/lakshy-sharma/Citadel/Workshop/vajra/workspace/src/internal/watcher/eventsink.go:198","message":"event sink: W^X memory mapping"}
{"level":"warn","pid":12254,"process":"Isolated Web Co","addr":4862721630208,"prot":7,"time":1791612122132,"caller":"/home/lakshy-sharma/Citadel/Workshop/vajra/workspace/src/internal/watcher/eventsink.go:198","message":"event sink: W^X memory mapping"}
{"level":"warn","pid":12254,"process":"Isolated Web Co","addr":4862721761280,"prot":7,"time":1791612122132,"caller":"/home/lakshy-sharma/Citadel/Workshop/vajra/workspace/src/internal/watcher/eventsink.go:198","message":"event sink: W^X memory mapping"}
{"level":"warn","pid":12254,"process":"Isolated Web Co","addr":4862721892352,"prot":7,"time":1791612122132,"caller":"/home/lakshy-sharma/Citadel/Workshop/vajra/workspace/src/internal/watcher/eventsink.go:198","message":"event sink: W^X memory mapping"}
{"level":"warn","pid":12254,"process":"Isolated Web Co","addr":4862722023424,"prot":7,"time":1791612122132,"caller":"/home/lakshy-sharma/Citadel/Workshop/vajra/workspace/src/internal/watcher/eventsink.go:198","message":"event sink: W^X memory mapping"}
{"level":"warn","pid":12254,"process":"Isolated Web Co","addr":4862722220032,"prot":7,"time":1791612122132,"caller":"/home/lakshy-sharma/Citadel/Workshop/vajra/workspace/src/internal/watcher/eventsink.go:198","message":"event sink: W^X memory mapping"}
{"level":"warn","pid":12254,"process":"Isolated Web Co","addr":4862722351104,"prot":7,"time":1791612122132,"caller":"/home/lakshy-sharma/Citadel/Workshop/vajra/workspace/src/internal/watcher/eventsink.go:198","message":"event sink: W^X memory mapping"}
{"level":"warn","pid":12254,"process":"Isolated Web Co","addr":4862722482176,"prot":7,"time":1791612122132,"caller":"/home/lakshy-sharma/Citadel/Workshop/vajra/workspace/src/internal/watcher/eventsink.go:198","message":"event sink: W^X memory mapping"}
{"level":"warn","pid":12254,"process":"Isolated Web Co","addr":4862722613248,"prot":7,"time":1791612122132,"caller":"/home/lakshy-sharma/Citadel/Workshop/vajra/workspace/src/internal/watcher/eventsink.go:198","message":"event sink: W^X memory mapping"}
{"level":"warn","pid":12254,"process":"Isolated Web Co","addr":4862722744320,"prot":7,"time":1791612123320,"caller":"/home/lakshy-sharma/Citadel/Workshop/vajra/workspace/src/internal/watcher/eventsink.go:198","message":"event sink: W^X memory mapping"}
{"level":"warn","pid":12254,"process":"Isolated Web Co","addr":4862722875392,"prot":7,"time":1791612123329,"caller":"/home/lakshy-sharma/Citadel/Workshop/vajra/workspace/src/internal/watcher/eventsink.go:198","message":"event sink: W^X memory mapping"}
{"level":"warn","pid":12254,"process":"Isolated Web Co","addr":4862723006464,"prot":7,"time":1791612123975,"caller":"/home/lakshy-sharma/Citadel/Workshop/vajra/workspace/src/internal/watcher/eventsink.go:198","message":"event sink: W^X memory mapping"}
{"level":"warn","pid":12254,"process":"Isolated Web Co","addr":4862723137536,"prot":7,"time":1791612124129,"caller":"/home/lakshy-sharma/Citadel/Workshop/vajra/workspace/src/internal/watcher/eventsink.go:198","message":"event sink: W^X memory mapping"}
{"level":"warn","pid":12254,"process":"Isolated Web Co","addr":4862723268608,"prot":7,"time":1791612124239,"caller":"/home/lakshy-sharma/Citadel/Workshop/vajra/workspace/src/internal/watcher/eventsink.go:198","message":"event sink: W^X memory mapping"}
{"level":"warn","pid":12254,"process":"Isolated Web Co","addr":4862723399680,"prot":7,"time":1791612124350,"caller":"/home/lakshy-sharma/Citadel/Workshop/vajra/workspace/src/internal/watcher/eventsink.go:198","message":"event sink: W^X memory mapping"}
{"level":"warn","pid":12254,"process":"Isolated Web Co","addr":4862723465216,"prot":7,"time":1791612124969,"caller":"/home/lakshy-sharma/Citadel/Workshop/vajra/workspace/src/internal/watcher/eventsink.go:198","message":"event sink: W^X memory mapping"}
{"level":"warn","pid":12254,"process":"Isolated Web Co","addr":4862718746624,"prot":7,"time":1791612125886,"caller":"/home/lakshy-sharma/Citadel/Workshop/vajra/workspace/src/internal/watcher/eventsink.go:198","message":"event sink: W^X memory mapping"}
{"level":"warn","pid":12240,"process":"Isolated Web Co","addr":2319470510080,"prot":7,"time":1791612126354,"caller":"/home/lakshy-sharma/Citadel/Workshop/vajra/workspace/src/internal/watcher/eventsink.go:198","message":"event sink: W^X memory mapping"}
{"level":"warn","pid":12240,"process":"Isolated Web Co","addr":2319470641152,"prot":7,"time":1791612126355,"caller":"/home/lakshy-sharma/Citadel/Workshop/vajra/workspace/src/internal/watcher/eventsink.go:198","message":"event sink: W^X memory mapping"}
{"level":"warn","pid":12254,"process":"Isolated Web Co","addr":4862720516096,"prot":7,"time":1791612126975,"caller":"/home/lakshy-sharma/Citadel/Workshop/vajra/workspace/src/internal/watcher/eventsink.go:198","message":"event sink: W^X memory mapping"}
{"level":"warn","pid":12240,"process":"Isolated Web Co","addr":2319470706688,"prot":7,"time":1791612127360,"caller":"/home/lakshy-sharma/Citadel/Workshop/vajra/workspace/src/internal/watcher/eventsink.go:198","message":"event sink: W^X memory mapping"}
{"level":"warn","pid":12240,"process":"Isolated Web Co","addr":2319470837760,"prot":7,"time":1791612127361,"caller":"/home/lakshy-sharma/Citadel/Workshop/vajra/workspace/src/internal/watcher/eventsink.go:198","message":"event sink: W^X memory mapping"}
{"level":"warn","pid":12240,"process":"Isolated Web Co","addr":2319470903296,"prot":7,"time":1791612127362,"caller":"/home/lakshy-sharma/Citadel/Workshop/vajra/workspace/src/internal/watcher/eventsink.go:198","message":"event sink: W^X memory mapping"}
{"level":"warn","pid":12240,"process":"Isolated Web Co","addr":2319471034368,"prot":7,"time":1791612128365,"caller":"/home/lakshy-sharma/Citadel/Workshop/vajra/workspace/src/internal/watcher/eventsink.go:198","message":"event sink: W^X memory mapping"}
{"level":"warn","pid":12254,"process":"Isolated Web Co","addr":4862721564672,"prot":7,"time":1791612128935,"caller":"/home/lakshy-sharma/Citadel/Workshop/vajra/workspace/src/internal/watcher/eventsink.go:198","message":"event sink: W^X memory mapping"}
{"level":"warn","pid":12254,"process":"Isolated Web Co","addr":4862721695744,"prot":7,"time":1791612129216,"caller":"/home/lakshy-sharma/Citadel/Workshop/vajra/workspace/src/internal/watcher/eventsink.go:198","message":"event sink: W^X memory mapping"}
{"level":"warn","pid":12254,"process":"Isolated Web Co","addr":4862721826816,"prot":7,"time":1791612129220,"caller":"/home/lakshy-sharma/Citadel/Workshop/vajra/workspace/src/internal/watcher/eventsink.go:198","message":"event sink: W^X memory mapping"}
{"level":"warn","pid":12254,"process":"Isolated Web Co","addr":4862721957888,"prot":7,"time":1791612129235,"caller":"/home/lakshy-sharma/Citadel/Workshop/vajra/workspace/src/internal/watcher/eventsink.go:198","message":"event sink: W^X memory mapping"}
{"level":"warn","pid":12254,"process":"Isolated Web Co","addr":4862722088960,"prot":7,"time":1791612129243,"caller":"/home/lakshy-sharma/Citadel/Workshop/vajra/workspace/src/internal/watcher/eventsink.go:198","message":"event sink: W^X memory mapping"}
{"level":"warn","pid":12254,"process":"Isolated Web Co","addr":4862722285568,"prot":7,"time":1791612129244,"caller":"/home/lakshy-sharma/Citadel/Workshop/vajra/workspace/src/internal/watcher/eventsink.go:198","message":"event sink: W^X memory mapping"}
{"level":"warn","pid":12254,"process":"Isolated Web Co","addr":4862722416640,"prot":7,"time":1791612129245,"caller":"/home/lakshy-sharma/Citadel/Workshop/vajra/workspace/src/internal/watcher/eventsink.go:198","message":"event sink: W^X memory mapping"}
{"level":"warn","pid":12254,"process":"Isolated Web Co","addr":4862722547712,"prot":7,"time":1791612129247,"caller":"/home/lakshy-sharma/Citadel/Workshop/vajra/workspace/src/internal/watcher/eventsink.go:198","message":"event sink: W^X memory mapping"}
{"level":"warn","pid":12254,"process":"Isolated Web Co","addr":4862722678784,"prot":7,"time":1791612129253,"caller":"/home/lakshy-sharma/Citadel/Workshop/vajra/workspace/src/internal/watcher/eventsink.go:198","message":"event sink: W^X memory mapping"}
{"level":"warn","pid":12254,"process":"Isolated Web Co","addr":4862722809856,"prot":7,"time":1791612129256,"caller":"/home/lakshy-sharma/Citadel/Workshop/vajra/workspace/src/internal/watcher/eventsink.go:198","message":"event sink: W^X memory mapping"}
{"level":"warn","pid":12254,"process":"Isolated Web Co","addr":4862722940928,"prot":7,"time":1791612129257,"caller":"/home/lakshy-sharma/Citadel/Workshop/vajra/workspace/src/internal/watcher/eventsink.go:198","message":"event sink: W^X memory mapping"}
{"level":"warn","pid":12254,"process":"Isolated Web Co","addr":4862723072000,"prot":7,"time":1791612129258,"caller":"/home/lakshy-sharma/Citadel/Workshop/vajra/workspace/src/internal/watcher/eventsink.go:198","message":"event sink: W^X memory mapping"}
{"level":"warn","pid":12254,"process":"Isolated Web Co","addr":4862723203072,"prot":7,"time":1791612129260,"caller":"/home/lakshy-sharma/Citadel/Workshop/vajra/workspace/src/internal/watcher/eventsink.go:198","message":"event sink: W^X memory mapping"}
{"level":"warn","pid":12254,"process":"Isolated Web Co","addr":4862723530752,"prot":7,"time":1791612129272,"caller":"/home/lakshy-sharma/Citadel/Workshop/vajra/workspace/src/internal/watcher/eventsink.go:198","message":"event sink: W^X memory mapping"}
{"level":"warn","pid":12254,"process":"Isolated Web Co","addr":4862723596288,"prot":7,"time":1791612129281,"caller":"/home/lakshy-sharma/Citadel/Workshop/vajra/workspace/src/internal/watcher/eventsink.go:198","message":"event sink: W^X memory mapping"}
{"level":"warn","pid":12254,"process":"Isolated Web Co","addr":4862723661824,"prot":7,"time":1791612129283,"caller":"/home/lakshy-sharma/Citadel/Workshop/vajra/workspace/src/internal/watcher/eventsink.go:198","message":"event sink: W^X memory mapping"}
{"level":"warn","pid":12254,"process":"Isolated Web Co","addr":4862723727360,"prot":7,"time":1791612129284,"caller":"/home/lakshy-sharma/Citadel/Workshop/vajra/workspace/src/internal/watcher/eventsink.go:198","message":"event sink: W^X memory mapping"}
{"level":"warn","pid":12254,"process":"Isolated Web Co","addr":4862723858432,"prot":7,"time":1791612129290,"caller":"/home/lakshy-sharma/Citadel/Workshop/vajra/workspace/src/internal/watcher/eventsink.go:198","message":"event sink: W^X memory mapping"}
{"level":"warn","pid":12254,"process":"Isolated Web Co","addr":4862723989504,"prot":7,"time":1791612129293,"caller":"/home/lakshy-sharma/Citadel/Workshop/vajra/workspace/src/internal/watcher/eventsink.go:198","message":"event sink: W^X memory mapping"}
{"level":"warn","pid":12254,"process":"Isolated Web Co","addr":4862724055040,"prot":7,"time":1791612129296,"caller":"/home/lakshy-sharma/Citadel/Workshop/vajra/workspace/src/internal/watcher/eventsink.go:198","message":"event sink: W^X memory mapping"}
{"level":"warn","pid":12254,"process":"Isolated Web Co","addr":4862724120576,"prot":7,"time":1791612129327,"caller":"/home/lakshy-sharma/Citadel/Workshop/vajra/workspace/src/internal/watcher/eventsink.go:198","message":"event sink: W^X memory mapping"}
{"level":"warn","pid":12254,"process":"Isolated Web Co","addr":4862724186112,"prot":7,"time":1791612129369,"caller":"/home/lakshy-sharma/Citadel/Workshop/vajra/workspace/src/internal/watcher/eventsink.go:198","message":"event sink: W^X memory mapping"}
{"level":"warn","pid":12254,"process":"Isolated Web Co","addr":4862724251648,"prot":7,"time":1791612129388,"caller":"/home/lakshy-sharma/Citadel/Workshop/vajra/workspace/src/internal/watcher/eventsink.go:198","message":"event sink: W^X memory mapping"}
{"level":"warn","pid":12254,"process":"Isolated Web Co","addr":4862724317184,"prot":7,"time":1791612129406,"caller":"/home/lakshy-sharma/Citadel/Workshop/vajra/workspace/src/internal/watcher/eventsink.go:198","message":"event sink: W^X memory mapping"}
{"level":"warn","pid":12254,"process":"Isolated Web Co","addr":4862724382720,"prot":7,"time":1791612129430,"caller":"/home/lakshy-sharma/Citadel/Workshop/vajra/workspace/src/internal/watcher/eventsink.go:198","message":"event sink: W^X memory mapping"}
{"level":"warn","pid":12254,"process":"Isolated Web Co","addr":4862724513792,"prot":7,"time":1791612129436,"caller":"/home/lakshy-sharma/Citadel/Workshop/vajra/workspace/src/internal/watcher/eventsink.go:198","message":"event sink: W^X memory mapping"}
{"level":"warn","pid":12254,"process":"DOM Worker","addr":4862724579328,"prot":7,"time":1791612129465,"caller":"/home/lakshy-sharma/Citadel/Workshop/vajra/workspace/src/internal/watcher/eventsink.go:198","message":"event sink: W^X memory mapping"}
{"level":"warn","pid":12254,"process":"DOM Worker","addr":4862724644864,"prot":7,"time":1791612129466,"caller":"/home/lakshy-sharma/Citadel/Workshop/vajra/workspace/src/internal/watcher/eventsink.go:198","message":"event sink: W^X memory mapping"}
{"level":"warn","pid":12254,"process":"DOM Worker","addr":4862724775936,"prot":7,"time":1791612129466,"caller":"/home/lakshy-sharma/Citadel/Workshop/vajra/workspace/src/internal/watcher/eventsink.go:198","message":"event sink: W^X memory mapping"}
{"level":"warn","pid":12254,"process":"DOM Worker","addr":4862724907008,"prot":7,"time":1791612129468,"caller":"/home/lakshy-sharma/Citadel/Workshop/vajra/workspace/src/internal/watcher/eventsink.go:198","message":"event sink: W^X memory mapping"}
{"level":"warn","pid":12254,"process":"DOM Worker","addr":4862725038080,"prot":7,"time":1791612129468,"caller":"/home/lakshy-sharma/Citadel/Workshop/vajra/workspace/src/internal/watcher/eventsink.go:198","message":"event sink: W^X memory mapping"}
{"level":"warn","pid":12254,"process":"Isolated Web Co","addr":4862725169152,"prot":7,"time":1791612129608,"caller":"/home/lakshy-sharma/Citadel/Workshop/vajra/workspace/src/internal/watcher/eventsink.go:198","message":"event sink: W^X memory mapping"}
{"level":"warn","pid":12254,"process":"Isolated Web Co","addr":4862725234688,"prot":7,"time":1791612129611,"caller":"/home/lakshy-sharma/Citadel/Workshop/vajra/workspace/src/internal/watcher/eventsink.go:198","message":"event sink: W^X memory mapping"}
{"level":"warn","pid":12254,"process":"Isolated Web Co","addr":4862725365760,"prot":7,"time":1791612129622,"caller":"/home/lakshy-sharma/Citadel/Workshop/vajra/workspace/src/internal/watcher/eventsink.go:198","message":"event sink: W^X memory mapping"}
{"level":"warn","pid":12254,"process":"Isolated Web Co","addr":4862725496832,"prot":7,"time":1791612129631,"caller":"/home/lakshy-sharma/Citadel/Workshop/vajra/workspace/src/internal/watcher/eventsink.go:198","message":"event sink: W^X memory mapping"}
{"level":"warn","pid":12254,"process":"Isolated Web Co","addr":4862725627904,"prot":7,"time":1791612129633,"caller":"/home/lakshy-sharma/Citadel/Workshop/vajra/workspace/src/internal/watcher/eventsink.go:198","message":"event sink: W^X memory mapping"}
{"level":"warn","pid":12254,"process":"Isolated Web Co","addr":4862725693440,"prot":7,"time":1791612129649,"caller":"/home/lakshy-sharma/Citadel/Workshop/vajra/workspace/src/internal/watcher/eventsink.go:198","message":"event sink: W^X memory mapping"}
{"level":"warn","pid":12254,"process":"Isolated Web Co","addr":4862725758976,"prot":7,"time":1791612129825,"caller":"/home/lakshy-sharma/Citadel/Workshop/vajra/workspace/src/internal/watcher/eventsink.go:198","message":"event sink: W^X memory mapping"}
{"level":"warn","pid":12254,"process":"Isolated Web Co","addr":4862725824512,"prot":7,"time":1791612129838,"caller":"/home/lakshy-sharma/Citadel/Workshop/vajra/workspace/src/internal/watcher/eventsink.go:198","message":"event sink: W^X memory mapping"}
{"level":"warn","pid":12254,"process":"Isolated Web Co","addr":4862725890048,"prot":7,"time":1791612129860,"caller":"/home/lakshy-sharma/Citadel/Workshop/vajra/workspace/src/internal/watcher/eventsink.go:198","message":"event sink: W^X memory mapping"}
{"level":"warn","pid":12254,"process":"Isolated Web Co","addr":4862725955584,"prot":7,"time":1791612129892,"caller":"/home/lakshy-sharma/Citadel/Workshop/vajra/workspace/src/internal/watcher/eventsink.go:198","message":"event sink: W^X memory mapping"}
{"level":"warn","pid":12254,"process":"Isolated Web Co","addr":4862726086656,"prot":7,"time":1791612129957,"caller":"/home/lakshy-sharma/Citadel/Workshop/vajra/workspace/src/internal/watcher/eventsink.go:198","message":"event sink: W^X memory mapping"}
{"level":"warn","pid":12254,"process":"Isolated Web Co","addr":4862726217728,"prot":7,"time":1791612129966,"caller":"/home/lakshy-sharma/Citadel/Workshop/vajra/workspace/src/internal/watcher/eventsink.go:198","message":"event sink: W^X memory mapping"}
{"level":"warn","pid":12254,"process":"Isolated Web Co","addr":4862726283264,"prot":7,"time":1791612129975,"caller":"/home/lakshy-sharma/Citadel/Workshop/vajra/workspace/src/internal/watcher/eventsink.go:198","message":"event sink: W^X memory mapping"}
{"level":"warn","pid":12254,"process":"Isolated Web Co","addr":4862726414336,"prot":7,"time":1791612130013,"caller":"/home/lakshy-sharma/Citadel/Workshop/vajra/workspace/src/internal/watcher/eventsink.go:198","message":"event sink: W^X memory mapping"}
{"level":"warn","pid":12254,"process":"Isolated Web Co","addr":4862726545408,"prot":7,"time":1791612130206,"caller":"/home/lakshy-sharma/Citadel/Workshop/vajra/workspace/src/internal/watcher/eventsink.go:198","message":"event sink: W^X memory mapping"}
{"level":"warn","pid":12240,"process":"Isolated Web Co","addr":2319470575616,"prot":7,"time":1791612130373,"caller":"/home/lakshy-sharma/Citadel/Workshop/vajra/workspace/src/internal/watcher/eventsink.go:198","message":"event sink: W^X memory mapping"}
{"level":"warn","pid":12240,"process":"Isolated Web Co","addr":2319470706688,"prot":7,"time":1791612130375,"caller":"/home/lakshy-sharma/Citadel/Workshop/vajra/workspace/src/internal/watcher/eventsink.go:198","message":"event sink: W^X memory mapping"}
{"level":"warn","pid":12254,"process":"Isolated Web Co","addr":4862724644864,"prot":7,"time":1791612130691,"caller":"/home/lakshy-sharma/Citadel/Workshop/vajra/workspace/src/internal/watcher/eventsink.go:198","message":"event sink: W^X memory mapping"}
{"level":"warn","pid":12254,"process":"Isolated Web Co","addr":4862724710400,"prot":7,"time":1791612130707,"caller":"/home/lakshy-sharma/Citadel/Workshop/vajra/workspace/src/internal/watcher/eventsink.go:198","message":"event sink: W^X memory mapping"}
{"level":"warn","pid":12254,"process":"Isolated Web Co","addr":4862724775936,"prot":7,"time":1791612130718,"caller":"/home/lakshy-sharma/Citadel/Workshop/vajra/workspace/src/internal/watcher/eventsink.go:198","message":"event sink: W^X memory mapping"}
{"level":"warn","pid":12254,"process":"DOM Worker","addr":4862724841472,"prot":7,"time":1791612130747,"caller":"/home/lakshy-sharma/Citadel/Workshop/vajra/workspace/src/internal/watcher/eventsink.go:198","message":"event sink: W^X memory mapping"}
{"level":"warn","pid":12254,"process":"DOM Worker","addr":4862724972544,"prot":7,"time":1791612130760,"caller":"/home/lakshy-sharma/Citadel/Workshop/vajra/workspace/src/internal/watcher/eventsink.go:198","message":"event sink: W^X memory mapping"}
{"level":"warn","pid":12254,"process":"DOM Worker","addr":4862725103616,"prot":7,"time":1791612130761,"caller":"/home/lakshy-sharma/Citadel/Workshop/vajra/workspace/src/internal/watcher/eventsink.go:198","message":"event sink: W^X memory mapping"}
{"level":"warn","pid":12254,"process":"DOM Worker","addr":4862725300224,"prot":7,"time":1791612130761,"caller":"/home/lakshy-sharma/Citadel/Workshop/vajra/workspace/src/internal/watcher/eventsink.go:198","message":"event sink: W^X memory mapping"}
{"level":"warn","pid":12254,"process":"DOM Worker","addr":4862725431296,"prot":7,"time":1791612130761,"caller":"/home/lakshy-sharma/Citadel/Workshop/vajra/workspace/src/internal/watcher/eventsink.go:198","message":"event sink: W^X memory mapping"}
{"level":"warn","pid":12254,"process":"Isolated Web Co","addr":4862725562368,"prot":7,"time":1791612130967,"caller":"/home/lakshy-sharma/Citadel/Workshop/vajra/workspace/src/internal/watcher/eventsink.go:198","message":"event sink: W^X memory mapping"}
{"level":"warn","pid":12254,"process":"Isolated Web Co","addr":4862726348800,"prot":7,"time":1791612131316,"caller":"/home/lakshy-sharma/Citadel/Workshop/vajra/workspace/src/internal/watcher/eventsink.go:198","message":"event sink: W^X memory mapping"}
{"level":"warn","pid":12240,"process":"Isolated Web Co","addr":2319470837760,"prot":7,"time":1791612131378,"caller":"/home/lakshy-sharma/Citadel/Workshop/vajra/workspace/src/internal/watcher/eventsink.go:198","message":"event sink: W^X memory mapping"}
{"level":"warn","pid":12240,"process":"Isolated Web Co","addr":2319470968832,"prot":7,"time":1791612131380,"caller":"/home/lakshy-sharma/Citadel/Workshop/vajra/workspace/src/internal/watcher/eventsink.go:198","message":"event sink: W^X memory mapping"}
{"level":"warn","pid":12254,"process":"Isolated Web Co","addr":4862727135232,"prot":7,"time":1791612131460,"caller":"/home/lakshy-sharma/Citadel/Workshop/vajra/workspace/src/internal/watcher/eventsink.go:198","message":"event sink: W^X memory mapping"}
{"level":"warn","pid":12254,"process":"Isolated Web Co","addr":4862727266304,"prot":7,"time":1791612131510,"caller":"/home/lakshy-sharma/Citadel/Workshop/vajra/workspace/src/internal/watcher/eventsink.go:198","message":"event sink: W^X memory mapping"}
{"level":"warn","pid":12254,"process":"Isolated Web Co","addr":4862727528448,"prot":7,"time":1791612131616,"caller":"/home/lakshy-sharma/Citadel/Workshop/vajra/workspace/src/internal/watcher/eventsink.go:198","message":"event sink: W^X memory mapping"}
{"level":"warn","pid":12254,"process":"Isolated Web Co","addr":4862727593984,"prot":7,"time":1791612131620,"caller":"/home/lakshy-sharma/Citadel/Workshop/vajra/workspace/src/internal/watcher/eventsink.go:198","message":"event sink: W^X memory mapping"}
{"level":"warn","pid":12254,"process":"DOM Worker","addr":4862727659520,"prot":7,"time":1791612131624,"caller":"/home/lakshy-sharma/Citadel/Workshop/vajra/workspace/src/internal/watcher/eventsink.go:198","message":"event sink: W^X memory mapping"}
{"level":"warn","pid":12254,"process":"DOM Worker","addr":4862727790592,"prot":7,"time":1791612131625,"caller":"/home/lakshy-sharma/Citadel/Workshop/vajra/workspace/src/internal/watcher/eventsink.go:198","message":"event sink: W^X memory mapping"}
{"level":"warn","pid":12254,"process":"DOM Worker","addr":4862727987200,"prot":7,"time":1791612131626,"caller":"/home/lakshy-sharma/Citadel/Workshop/vajra/workspace/src/internal/watcher/eventsink.go:198","message":"event sink: W^X memory mapping"}
{"level":"warn","pid":12254,"process":"Isolated Web Co","addr":4862728118272,"prot":7,"time":1791612131633,"caller":"/home/lakshy-sharma/Citadel/Workshop/vajra/workspace/src/internal/watcher/eventsink.go:198","message":"event sink: W^X memory mapping"}
{"level":"warn","pid":12254,"process":"Isolated Web Co","addr":4862728183808,"prot":7,"time":1791612131773,"caller":"/home/lakshy-sharma/Citadel/Workshop/vajra/workspace/src/internal/watcher/eventsink.go:198","message":"event sink: W^X memory mapping"}
{"level":"warn","pid":12254,"process":"Isolated Web Co","addr":4862728314880,"prot":7,"time":1791612131824,"caller":"/home/lakshy-sharma/Citadel/Workshop/vajra/workspace/src/internal/watcher/eventsink.go:198","message":"event sink: W^X memory mapping"}
{"level":"warn","pid":12254,"process":"Isolated Web Co","addr":4862728380416,"prot":7,"time":1791612131939,"caller":"/home/lakshy-sharma/Citadel/Workshop/vajra/workspace/src/internal/watcher/eventsink.go:198","message":"event sink: W^X memory mapping"}
{"level":"warn","pid":12254,"process":"Isolated Web Co","addr":4862728511488,"prot":7,"time":1791612132059,"caller":"/home/lakshy-sharma/Citadel/Workshop/vajra/workspace/src/internal/watcher/eventsink.go:198","message":"event sink: W^X memory mapping"}
{"level":"warn","pid":12254,"process":"Isolated Web Co","addr":4862728577024,"prot":7,"time":1791612132059,"caller":"/home/lakshy-sharma/Citadel/Workshop/vajra/workspace/src/internal/watcher/eventsink.go:198","message":"event sink: W^X memory mapping"}
{"level":"warn","pid":12254,"process":"Isolated Web Co","addr":4862728708096,"prot":7,"time":1791612132066,"caller":"/home/lakshy-sharma/Citadel/Workshop/vajra/workspace/src/internal/watcher/eventsink.go:198","message":"event sink: W^X memory mapping"}
{"level":"warn","pid":12254,"process":"Isolated Web Co","addr":4862728773632,"prot":7,"time":1791612132219,"caller":"/home/lakshy-sharma/Citadel/Workshop/vajra/workspace/src/internal/watcher/eventsink.go:198","message":"event sink: W^X memory mapping"}
{"level":"warn","pid":12240,"process":"Isolated Web Co","addr":2319471099904,"prot":7,"time":1791612132383,"caller":"/home/lakshy-sharma/Citadel/Workshop/vajra/workspace/src/internal/watcher/eventsink.go:198","message":"event sink: W^X memory mapping"}
{"level":"warn","pid":12240,"process":"Isolated Web Co","addr":2319471165440,"prot":7,"time":1791612132383,"caller":"/home/lakshy-sharma/Citadel/Workshop/vajra/workspace/src/internal/watcher/eventsink.go:198","message":"event sink: W^X memory mapping"}
{"level":"warn","pid":12254,"process":"Isolated Web Co","addr":4862728839168,"prot":7,"time":1791612132384,"caller":"/home/lakshy-sharma/Citadel/Workshop/vajra/workspace/src/internal/watcher/eventsink.go:198","message":"event sink: W^X memory mapping"}
{"level":"warn","pid":12240,"process":"Isolated Web Co","addr":2319471230976,"prot":7,"time":1791612132385,"caller":"/home/lakshy-sharma/Citadel/Workshop/vajra/workspace/src/internal/watcher/eventsink.go:198","message":"event sink: W^X memory mapping"}
{"level":"warn","pid":12254,"process":"Isolated Web Co","addr":4862728970240,"prot":7,"time":1791612132415,"caller":"/home/lakshy-sharma/Citadel/Workshop/vajra/workspace/src/internal/watcher/eventsink.go:198","message":"event sink: W^X memory mapping"}
{"level":"warn","pid":12254,"process":"Isolated Web Co","addr":4862729035776,"prot":7,"time":1791612132609,"caller":"/home/lakshy-sharma/Citadel/Workshop/vajra/workspace/src/internal/watcher/eventsink.go:198","message":"event sink: W^X memory mapping"}
{"level":"warn","pid":12254,"process":"Isolated Web Co","addr":4862729166848,"prot":7,"time":1791612132660,"caller":"/home/lakshy-sharma/Citadel/Workshop/vajra/workspace/src/internal/watcher/eventsink.go:198","message":"event sink: W^X memory mapping"}
{"level":"warn","pid":12254,"process":"Isolated Web Co","addr":4862729297920,"prot":7,"time":1791612132818,"caller":"/home/lakshy-sharma/Citadel/Workshop/vajra/workspace/src/internal/watcher/eventsink.go:198","message":"event sink: W^X memory mapping"}
{"level":"warn","pid":12254,"process":"Isolated Web Co","addr":4862729428992,"prot":7,"time":1791612133009,"caller":"/home/lakshy-sharma/Citadel/Workshop/vajra/workspace/src/internal/watcher/eventsink.go:198","message":"event sink: W^X memory mapping"}
{"level":"warn","pid":12254,"process":"Isolated Web Co","addr":4862729494528,"prot":7,"time":1791612133081,"caller":"/home/lakshy-sharma/Citadel/Workshop/vajra/workspace/src/internal/watcher/eventsink.go:198","message":"event sink: W^X memory mapping"}
{"level":"warn","pid":12254,"process":"Isolated Web Co","addr":4862729625600,"prot":7,"time":1791612133092,"caller":"/home/lakshy-sharma/Citadel/Workshop/vajra/workspace/src/internal/watcher/eventsink.go:198","message":"event sink: W^X memory mapping"}
{"level":"warn","pid":12254,"process":"Isolated Web Co","addr":4862729691136,"prot":7,"time":1791612133384,"caller":"/home/lakshy-sharma/Citadel/Workshop/vajra/workspace/src/internal/watcher/eventsink.go:198","message":"event sink: W^X memory mapping"}
{"level":"warn","pid":12240,"process":"Isolated Web Co","addr":2319471296512,"prot":7,"time":1791612133389,"caller":"/home/lakshy-sharma/Citadel/Workshop/vajra/workspace/src/internal/watcher/eventsink.go:198","message":"event sink: W^X memory mapping"}
{"level":"warn","pid":12240,"process":"Isolated Web Co","addr":2319471427584,"prot":7,"time":1791612133390,"caller":"/home/lakshy-sharma/Citadel/Workshop/vajra/workspace/src/internal/watcher/eventsink.go:198","message":"event sink: W^X memory mapping"}
{"level":"warn","pid":12240,"process":"Isolated Web Co","addr":2319471689728,"prot":7,"time":1791612133395,"caller":"/home/lakshy-sharma/Citadel/Workshop/vajra/workspace/src/internal/watcher/eventsink.go:198","message":"event sink: W^X memory mapping"}
{"level":"warn","pid":12240,"process":"Isolated Web Co","addr":2319471820800,"prot":7,"time":1791612133401,"caller":"/home/lakshy-sharma/Citadel/Workshop/vajra/workspace/src/internal/watcher/eventsink.go:198","message":"event sink: W^X memory mapping"}
{"level":"warn","pid":12240,"process":"Isolated Web Co","addr":2319471886336,"prot":7,"time":1791612133414,"caller":"/home/lakshy-sharma/Citadel/Workshop/vajra/workspace/src/internal/watcher/eventsink.go:198","message":"event sink: W^X memory mapping"}
{"level":"warn","pid":12254,"process":"DOM Worker","addr":4862729822208,"prot":7,"time":1791612133455,"caller":"/home/lakshy-sharma/Citadel/Workshop/vajra/workspace/src/internal/watcher/eventsink.go:198","message":"event sink: W^X memory mapping"}
{"level":"warn","pid":12254,"process":"DOM Worker","addr":4862729887744,"prot":7,"time":1791612133514,"caller":"/home/lakshy-sharma/Citadel/Workshop/vajra/workspace/src/internal/watcher/eventsink.go:198","message":"event sink: W^X memory mapping"}
{"level":"warn","pid":12254,"process":"Isolated Web Co","addr":4862729953280,"prot":7,"time":1791612133625,"caller":"/home/lakshy-sharma/Citadel/Workshop/vajra/workspace/src/internal/watcher/eventsink.go:198","message":"event sink: W^X memory mapping"}
{"level":"warn","pid":12240,"process":"Isolated Web Co","addr":2319472017408,"prot":7,"time":1791612133881,"caller":"/home/lakshy-sharma/Citadel/Workshop/vajra/workspace/src/internal/watcher/eventsink.go:198","message":"event sink: W^X memory mapping"}
{"level":"warn","pid":12240,"process":"Isolated Web Co","addr":2319472082944,"prot":7,"time":1791612133888,"caller":"/home/lakshy-sharma/Citadel/Workshop/vajra/workspace/src/internal/watcher/eventsink.go:198","message":"event sink: W^X memory mapping"}
{"level":"warn","pid":12240,"process":"Isolated Web Co","addr":2319472279552,"prot":7,"time":1791612133891,"caller":"/home/lakshy-sharma/Citadel/Workshop/vajra/workspace/src/internal/watcher/eventsink.go:198","message":"event sink: W^X memory mapping"}
{"level":"warn","pid":12240,"process":"Isolated Web Co","addr":2319472476160,"prot":7,"time":1791612133892,"caller":"/home/lakshy-sharma/Citadel/Workshop/vajra/workspace/src/internal/watcher/eventsink.go:198","message":"event sink: W^X memory mapping"}
{"level":"warn","pid":12240,"process":"Isolated Web Co","addr":2319472541696,"prot":7,"time":1791612133895,"caller":"/home/lakshy-sharma/Citadel/Workshop/vajra/workspace/src/internal/watcher/eventsink.go:198","message":"event sink: W^X memory mapping"}
{"level":"warn","pid":12240,"process":"Isolated Web Co","addr":2319472607232,"prot":7,"time":1791612133900,"caller":"/home/lakshy-sharma/Citadel/Workshop/vajra/workspace/src/internal/watcher/eventsink.go:198","message":"event sink: W^X memory mapping"}
{"level":"warn","pid":12240,"process":"Isolated Web Co","addr":2319472738304,"prot":7,"time":1791612133904,"caller":"/home/lakshy-sharma/Citadel/Workshop/vajra/workspace/src/internal/watcher/eventsink.go:198","message":"event sink: W^X memory mapping"}
{"level":"warn","pid":12240,"process":"Isolated Web Co","addr":2319472869376,"prot":7,"time":1791612133907,"caller":"/home/lakshy-sharma/Citadel/Workshop/vajra/workspace/src/internal/watcher/eventsink.go:198","message":"event sink: W^X memory mapping"}
{"level":"warn","pid":12240,"process":"Isolated Web Co","addr":2319472934912,"prot":7,"time":1791612133911,"caller":"/home/lakshy-sharma/Citadel/Workshop/vajra/workspace/src/internal/watcher/eventsink.go:198","message":"event sink: W^X memory mapping"}
{"level":"warn","pid":344756,"process":"DOM Worker","addr":65952875778048,"prot":7,"time":1791612133916,"caller":"/home/lakshy-sharma/Citadel/Workshop/vajra/workspace/src/internal/watcher/eventsink.go:198","message":"event sink: W^X memory mapping"}
{"level":"warn","pid":12240,"process":"Isolated Web Co","addr":2319473000448,"prot":7,"time":1791612133919,"caller":"/home/lakshy-sharma/Citadel/Workshop/vajra/workspace/src/internal/watcher/eventsink.go:198","message":"event sink: W^X memory mapping"}
{"level":"warn","pid":12240,"process":"Isolated Web Co","addr":2319473131520,"prot":7,"time":1791612133920,"caller":"/home/lakshy-sharma/Citadel/Workshop/vajra/workspace/src/internal/watcher/eventsink.go:198","message":"event sink: W^X memory mapping"}
{"level":"warn","pid":344756,"process":"DOM Worker","addr":65952875843584,"prot":7,"time":1791612133920,"caller":"/home/lakshy-sharma/Citadel/Workshop/vajra/workspace/src/internal/watcher/eventsink.go:198","message":"event sink: W^X memory mapping"}
{"level":"warn","pid":11309,"process":"Socket Thread","dst":"91.189.91.113","dst_port":0,"time":1791612133935,"caller":"/home/lakshy-sharma/Citadel/Workshop/vajra/workspace/src/internal/watcher/eventsink.go:127","message":"event sink: high-value network connection"}
{"level":"warn","pid":11309,"process":"Socket Thread","dst":"5bbd:5b71::","dst_port":0,"time":1791612133935,"caller":"/home/lakshy-sharma/Citadel/Workshop/vajra/workspace/src/internal/watcher/eventsink.go:127","message":"event sink: high-value network connection"}
{"level":"warn","pid":11309,"process":"Socket Thread","dst":"5bbd:5b71::","dst_port":0,"time":1791612133935,"caller":"/home/lakshy-sharma/Citadel/Workshop/vajra/workspace/src/internal/watcher/eventsink.go:127","message":"event sink: high-value network connection"}
{"level":"warn","pid":11309,"process":"DNS Res~r #3192","dst":"127.0.0.53","dst_port":53,"time":1791612133935,"caller":"/home/lakshy-sharma/Citadel/Workshop/vajra/workspace/src/internal/watcher/eventsink.go:127","message":"event sink: high-value network connection"}
{"level":"warn","pid":11309,"process":"Socket Thread","dst":"91.189.91.113","dst_port":0,"time":1791612133936,"caller":"/home/lakshy-sharma/Citadel/Workshop/vajra/workspace/src/internal/watcher/eventsink.go:127","message":"event sink: high-value network connection"}
{"level":"warn","pid":11309,"process":"DNS Res~r #3192","dst":"142.251.152.4","dst_port":0,"time":1791612133936,"caller":"/home/lakshy-sharma/Citadel/Workshop/vajra/workspace/src/internal/watcher/eventsink.go:127","message":"event sink: high-value network connection"}
{"level":"warn","pid":11309,"process":"DNS Res~r #3192","dst":"142.251.153.4","dst_port":0,"time":1791612133936,"caller":"/home/lakshy-sharma/Citadel/Workshop/vajra/workspace/src/internal/watcher/eventsink.go:127","message":"event sink: high-value network connection"}
{"level":"warn","pid":11309,"process":"DNS Res~r #3192","dst":"142.251.157.4","dst_port":0,"time":1791612133936,"caller":"/home/lakshy-sharma/Citadel/Workshop/vajra/workspace/src/internal/watcher/eventsink.go:127","message":"event sink: high-value network connection"}
{"level":"warn","pid":11309,"process":"DNS Res~r #3192","dst":"142.251.154.4","dst_port":0,"time":1791612133936,"caller":"/home/lakshy-sharma/Citadel/Workshop/vajra/workspace/src/internal/watcher/eventsink.go:127","message":"event sink: high-value network connection"}
{"level":"warn","pid":11309,"process":"DNS Res~r #3192","dst":"142.251.155.4","dst_port":0,"time":1791612133936,"caller":"/home/lakshy-sharma/Citadel/Workshop/vajra/workspace/src/internal/watcher/eventsink.go:127","message":"event sink: high-value network connection"}
{"level":"warn","pid":11309,"process":"DNS Res~r #3192","dst":"142.251.150.4","dst_port":0,"time":1791612133936,"caller":"/home/lakshy-sharma/Citadel/Workshop/vajra/workspace/src/internal/watcher/eventsink.go:127","message":"event sink: high-value network connection"}
{"level":"warn","pid":11309,"process":"DNS Res~r #3192","dst":"142.251.151.4","dst_port":0,"time":1791612133936,"caller":"/home/lakshy-sharma/Citadel/Workshop/vajra/workspace/src/internal/watcher/eventsink.go:127","message":"event sink: high-value network connection"}
{"level":"warn","pid":11309,"process":"DNS Res~r #3192","dst":"142.251.156.4","dst_port":0,"time":1791612133936,"caller":"/home/lakshy-sharma/Citadel/Workshop/vajra/workspace/src/internal/watcher/eventsink.go:127","message":"event sink: high-value network connection"}
{"level":"warn","pid":11309,"process":"DNS Res~r #3192","dst":"2001:4860:482a:400::","dst_port":0,"time":1791612133937,"caller":"/home/lakshy-sharma/Citadel/Workshop/vajra/workspace/src/internal/watcher/eventsink.go:127","message":"event sink: high-value network connection"}
{"level":"warn","pid":11309,"process":"DNS Res~r #3192","dst":"2001:4860:482b:400::","dst_port":0,"time":1791612133937,"caller":"/home/lakshy-sharma/Citadel/Workshop/vajra/workspace/src/internal/watcher/eventsink.go:127","message":"event sink: high-value network connection"}
{"level":"warn","pid":11309,"process":"DNS Res~r #3192","dst":"2001:4860:4827:400::","dst_port":0,"time":1791612133937,"caller":"/home/lakshy-sharma/Citadel/Workshop/vajra/workspace/src/internal/watcher/eventsink.go:127","message":"event sink: high-value network connection"}
{"level":"warn","pid":11309,"process":"DNS Res~r #3192","dst":"2001:4860:4826:400::","dst_port":0,"time":1791612133937,"caller":"/home/lakshy-sharma/Citadel/Workshop/vajra/workspace/src/internal/watcher/eventsink.go:127","message":"event sink: high-value network connection"}
{"level":"warn","pid":11309,"process":"DNS Res~r #3192","dst":"2001:4860:482c:400::","dst_port":0,"time":1791612133937,"caller":"/home/lakshy-sharma/Citadel/Workshop/vajra/workspace/src/internal/watcher/eventsink.go:127","message":"event sink: high-value network connection"}
{"level":"warn","pid":11309,"process":"DNS Res~r #3192","dst":"2001:4860:4828:400::","dst_port":0,"time":1791612133937,"caller":"/home/lakshy-sharma/Citadel/Workshop/vajra/workspace/src/internal/watcher/eventsink.go:127","message":"event sink: high-value network connection"}
{"level":"warn","pid":11309,"process":"DNS Res~r #3192","dst":"2001:4860:4829:400::","dst_port":0,"time":1791612133937,"caller":"/home/lakshy-sharma/Citadel/Workshop/vajra/workspace/src/internal/watcher/eventsink.go:127","message":"event sink: high-value network connection"}
{"level":"warn","pid":11309,"process":"DNS Res~r #3192","dst":"2001:4860:482d:400::","dst_port":0,"time":1791612133937,"caller":"/home/lakshy-sharma/Citadel/Workshop/vajra/workspace/src/internal/watcher/eventsink.go:127","message":"event sink: high-value network connection"}
{"level":"warn","pid":12254,"process":"Isolated Web Co","addr":4862730018816,"prot":7,"time":1791612134008,"caller":"/home/lakshy-sharma/Citadel/Workshop/vajra/workspace/src/internal/watcher/eventsink.go:198","message":"event sink: W^X memory mapping"}
{"level":"warn","pid":12240,"process":"Isolated Web Co","addr":2319473262592,"prot":7,"time":1791612134118,"caller":"/home/lakshy-sharma/Citadel/Workshop/vajra/workspace/src/internal/watcher/eventsink.go:198","message":"event sink: W^X memory mapping"}
{"level":"warn","pid":12240,"process":"Isolated Web Co","addr":2319473328128,"prot":7,"time":1791612134130,"caller":"/home/lakshy-sharma/Citadel/Workshop/vajra/workspace/src/internal/watcher/eventsink.go:198","message":"event sink: W^X memory mapping"}
{"level":"warn","pid":12240,"process":"Isolated Web Co","addr":2319473459200,"prot":7,"time":1791612134133,"caller":"/home/lakshy-sharma/Citadel/Workshop/vajra/workspace/src/internal/watcher/eventsink.go:198","message":"event sink: W^X memory mapping"}
{"level":"warn","pid":12240,"process":"Isolated Web Co","addr":2319473590272,"prot":7,"time":1791612134140,"caller":"/home/lakshy-sharma/Citadel/Workshop/vajra/workspace/src/internal/watcher/eventsink.go:198","message":"event sink: W^X memory mapping"}
{"level":"warn","pid":12240,"process":"Isolated Web Co","addr":2319473721344,"prot":7,"time":1791612134153,"caller":"/home/lakshy-sharma/Citadel/Workshop/vajra/workspace/src/internal/watcher/eventsink.go:198","message":"event sink: W^X memory mapping"}
{"level":"warn","pid":12240,"process":"Isolated Web Co","addr":2319473852416,"prot":7,"time":1791612134153,"caller":"/home/lakshy-sharma/Citadel/Workshop/vajra/workspace/src/internal/watcher/eventsink.go:198","message":"event sink: W^X memory mapping"}
{"level":"warn","pid":12240,"process":"Isolated Web Co","addr":2319473917952,"prot":7,"time":1791612134155,"caller":"/home/lakshy-sharma/Citadel/Workshop/vajra/workspace/src/internal/watcher/eventsink.go:198","message":"event sink: W^X memory mapping"}
{"level":"warn","pid":12240,"process":"Isolated Web Co","addr":2319473983488,"prot":7,"time":1791612134159,"caller":"/home/lakshy-sharma/Citadel/Workshop/vajra/workspace/src/internal/watcher/eventsink.go:198","message":"event sink: W^X memory mapping"}
{"level":"warn","pid":12240,"process":"Isolated Web Co","addr":2319474049024,"prot":7,"time":1791612134160,"caller":"/home/lakshy-sharma/Citadel/Workshop/vajra/workspace/src/internal/watcher/eventsink.go:198","message":"event sink: W^X memory mapping"}
{"level":"warn","pid":12240,"process":"Isolated Web Co","addr":2319474180096,"prot":7,"time":1791612134161,"caller":"/home/lakshy-sharma/Citadel/Workshop/vajra/workspace/src/internal/watcher/eventsink.go:198","message":"event sink: W^X memory mapping"}
{"level":"warn","pid":12240,"process":"Isolated Web Co","addr":2319474245632,"prot":7,"time":1791612134162,"caller":"/home/lakshy-sharma/Citadel/Workshop/vajra/workspace/src/internal/watcher/eventsink.go:198","message":"event sink: W^X memory mapping"}
{"level":"warn","pid":12240,"process":"Isolated Web Co","addr":2319474311168,"prot":7,"time":1791612134166,"caller":"/home/lakshy-sharma/Citadel/Workshop/vajra/workspace/src/internal/watcher/eventsink.go:198","message":"event sink: W^X memory mapping"}
{"level":"warn","pid":12240,"process":"Isolated Web Co","addr":2319474376704,"prot":7,"time":1791612134168,"caller":"/home/lakshy-sharma/Citadel/Workshop/vajra/workspace/src/internal/watcher/eventsink.go:198","message":"event sink: W^X memory mapping"}
{"level":"warn","pid":12240,"process":"Isolated Web Co","addr":2319474507776,"prot":7,"time":1791612134171,"caller":"/home/lakshy-sharma/Citadel/Workshop/vajra/workspace/src/internal/watcher/eventsink.go:198","message":"event sink: W^X memory mapping"}
{"level":"warn","pid":12240,"process":"Isolated Web Co","addr":2319474573312,"prot":7,"time":1791612134173,"caller":"/home/lakshy-sharma/Citadel/Workshop/vajra/workspace/src/internal/watcher/eventsink.go:198","message":"event sink: W^X memory mapping"}
{"level":"warn","pid":12240,"process":"Isolated Web Co","addr":2319474704384,"prot":7,"time":1791612134175,"caller":"/home/lakshy-sharma/Citadel/Workshop/vajra/workspace/src/internal/watcher/eventsink.go:198","message":"event sink: W^X memory mapping"}
{"level":"warn","pid":12240,"process":"Isolated Web Co","addr":2319474769920,"prot":7,"time":1791612134176,"caller":"/home/lakshy-sharma/Citadel/Workshop/vajra/workspace/src/internal/watcher/eventsink.go:198","message":"event sink: W^X memory mapping"}
{"level":"warn","pid":12240,"process":"Isolated Web Co","addr":2319474900992,"prot":7,"time":1791612134180,"caller":"/home/lakshy-sharma/Citadel/Workshop/vajra/workspace/src/internal/watcher/eventsink.go:198","message":"event sink: W^X memory mapping"}
{"level":"warn","pid":12240,"process":"Isolated Web Co","addr":2319475032064,"prot":7,"time":1791612134187,"caller":"/home/lakshy-sharma/Citadel/Workshop/vajra/workspace/src/internal/watcher/eventsink.go:198","message":"event sink: W^X memory mapping"}
{"level":"warn","pid":12240,"process":"Isolated Web Co","addr":2319475097600,"prot":7,"time":1791612134190,"caller":"/home/lakshy-sharma/Citadel/Workshop/vajra/workspace/src/internal/watcher/eventsink.go:198","message":"event sink: W^X memory mapping"}
{"level":"warn","pid":12240,"process":"Isolated Web Co","addr":2319475228672,"prot":7,"time":1791612134192,"caller":"/home/lakshy-sharma/Citadel/Workshop/vajra/workspace/src/internal/watcher/eventsink.go:198","message":"event sink: W^X memory mapping"}
{"level":"warn","pid":12240,"process":"Isolated Web Co","addr":2319475359744,"prot":7,"time":1791612134212,"caller":"/home/lakshy-sharma/Citadel/Workshop/vajra/workspace/src/internal/watcher/eventsink.go:198","message":"event sink: W^X memory mapping"}
{"level":"warn","pid":12254,"process":"Isolated Web Co","addr":4862730149888,"prot":7,"time":1791612134221,"caller":"/home/lakshy-sharma/Citadel/Workshop/vajra/workspace/src/internal/watcher/eventsink.go:198","message":"event sink: W^X memory mapping"}
{"level":"warn","pid":12240,"process":"Isolated Web Co","addr":2319475425280,"prot":7,"time":1791612134268,"caller":"/home/lakshy-sharma/Citadel/Workshop/vajra/workspace/src/internal/watcher/eventsink.go:198","message":"event sink: W^X memory mapping"}
{"level":"warn","pid":12240,"process":"Isolated Web Co","addr":2319475490816,"prot":7,"time":1791612134332,"caller":"/home/lakshy-sharma/Citadel/Workshop/vajra/workspace/src/internal/watcher/eventsink.go:198","message":"event sink: W^X memory mapping"}
{"level":"warn","pid":12240,"process":"Isolated Web Co","addr":2319475556352,"prot":7,"time":1791612134559,"caller":"/home/lakshy-sharma/Citadel/Workshop/vajra/workspace/src/internal/watcher/eventsink.go:198","message":"event sink: W^X memory mapping"}
{"level":"warn","pid":12240,"process":"Isolated Web Co","addr":2319475621888,"prot":7,"time":1791612134670,"caller":"/home/lakshy-sharma/Citadel/Workshop/vajra/workspace/src/internal/watcher/eventsink.go:198","message":"event sink: W^X memory mapping"}
{"level":"warn","pid":12240,"process":"Isolated Web Co","addr":2319475752960,"prot":7,"time":1791612134872,"caller":"/home/lakshy-sharma/Citadel/Workshop/vajra/workspace/src/internal/watcher/eventsink.go:198","message":"event sink: W^X memory mapping"}
{"level":"warn","pid":12240,"process":"Isolated Web Co","addr":2319475884032,"prot":7,"time":1791612134887,"caller":"/home/lakshy-sharma/Citadel/Workshop/vajra/workspace/src/internal/watcher/eventsink.go:198","message":"event sink: W^X memory mapping"}
{"level":"warn","pid":12240,"process":"Isolated Web Co","addr":2319476015104,"prot":7,"time":1791612134904,"caller":"/home/lakshy-sharma/Citadel/Workshop/vajra/workspace/src/internal/watcher/eventsink.go:198","message":"event sink: W^X memory mapping"}
{"level":"warn","pid":12240,"process":"Isolated Web Co","addr":2319476080640,"prot":7,"time":1791612134913,"caller":"/home/lakshy-sharma/Citadel/Workshop/vajra/workspace/src/internal/watcher/eventsink.go:198","message":"event sink: W^X memory mapping"}
{"level":"warn","pid":348450,"process":"Sandbox Forked","event":"capset","time":1791612134921,"caller":"/home/lakshy-sharma/Citadel/Workshop/vajra/workspace/src/internal/watcher/eventsink.go:243","message":"event sink: high-severity security event"}
{"level":"warn","pid":348452,"process":"Chroot Helper","event":"capset","time":1791612134921,"caller":"/home/lakshy-sharma/Citadel/Workshop/vajra/workspace/src/internal/watcher/eventsink.go:243","message":"event sink: high-severity security event"}
{"level":"warn","pid":12240,"process":"Isolated Web Co","addr":2319476146176,"prot":7,"time":1791612134929,"caller":"/home/lakshy-sharma/Citadel/Workshop/vajra/workspace/src/internal/watcher/eventsink.go:198","message":"event sink: W^X memory mapping"}
{"level":"warn","pid":348450,"process":"Web Content","addr":10649033166848,"prot":7,"time":1791612134946,"caller":"/home/lakshy-sharma/Citadel/Workshop/vajra/workspace/src/internal/watcher/eventsink.go:198","message":"event sink: W^X memory mapping"}
{"level":"warn","pid":348450,"process":"Web Content","addr":10649033232384,"prot":7,"time":1791612134974,"caller":"/home/lakshy-sharma/Citadel/Workshop/vajra/workspace/src/internal/watcher/eventsink.go:198","message":"event sink: W^X memory mapping"}
{"level":"warn","pid":348452,"process":"Chroot Helper","event":"capset","time":1791612134978,"caller":"/home/lakshy-sharma/Citadel/Workshop/vajra/workspace/src/internal/watcher/eventsink.go:243","message":"event sink: high-severity security event"}
{"level":"warn","pid":12240,"process":"Isolated Web Co","addr":2319476277248,"prot":7,"time":1791612134993,"caller":"/home/lakshy-sharma/Citadel/Workshop/vajra/workspace/src/internal/watcher/eventsink.go:198","message":"event sink: W^X memory mapping"}
{"level":"warn","pid":12240,"process":"Isolated Web Co","addr":2319472214016,"prot":7,"time":1791612134996,"caller":"/home/lakshy-sharma/Citadel/Workshop/vajra/workspace/src/internal/watcher/eventsink.go:198","message":"event sink: W^X memory mapping"}
{"level":"warn","pid":12254,"process":"Isolated Web Co","addr":4862727725056,"prot":7,"time":1791612135011,"caller":"/home/lakshy-sharma/Citadel/Workshop/vajra/workspace/src/internal/watcher/eventsink.go:198","message":"event sink: W^X memory mapping"}
{"level":"warn","pid":12240,"process":"Isolated Web Co","addr":2319472345088,"prot":7,"time":1791612135169,"caller":"/home/lakshy-sharma/Citadel/Workshop/vajra/workspace/src/internal/watcher/eventsink.go:198","message":"event sink: W^X memory mapping"}
{"level":"warn","pid":12240,"process":"Isolated Web Co","addr":2319472672768,"prot":7,"time":1791612135207,"caller":"/home/lakshy-sharma/Citadel/Workshop/vajra/workspace/src/internal/watcher/eventsink.go:198","message":"event sink: W^X memory mapping"}
{"level":"warn","pid":12240,"process":"Isolated Web Co","addr":2319472803840,"prot":7,"time":1791612135703,"caller":"/home/lakshy-sharma/Citadel/Workshop/vajra/workspace/src/internal/watcher/eventsink.go:198","message":"event sink: W^X memory mapping"}
{"level":"warn","pid":12254,"process":"Isolated Web Co","addr":4862724841472,"prot":7,"time":1791612135812,"caller":"/home/lakshy-sharma/Citadel/Workshop/vajra/workspace/src/internal/watcher/eventsink.go:198","message":"event sink: W^X memory mapping"}
{"level":"warn","pid":12240,"process":"Isolated Web Co","addr":2319473065984,"prot":7,"time":1791612136036,"caller":"/home/lakshy-sharma/Citadel/Workshop/vajra/workspace/src/internal/watcher/eventsink.go:198","message":"event sink: W^X memory mapping"}
{"level":"warn","pid":12254,"process":"DOM Worker","addr":4862724907008,"prot":7,"time":1791612136219,"caller":"/home/lakshy-sharma/Citadel/Workshop/vajra/workspace/src/internal/watcher/eventsink.go:198","message":"event sink: W^X memory mapping"}
{"level":"warn","pid":12254,"process":"DOM Worker","addr":4862724972544,"prot":7,"time":1791612136220,"caller":"/home/lakshy-sharma/Citadel/Workshop/vajra/workspace/src/internal/watcher/eventsink.go:198","message":"event sink: W^X memory mapping"}
{"level":"warn","pid":12254,"process":"DOM Worker","addr":4862725103616,"prot":7,"time":1791612136221,"caller":"/home/lakshy-sharma/Citadel/Workshop/vajra/workspace/src/internal/watcher/eventsink.go:198","message":"event sink: W^X memory mapping"}
{"level":"warn","pid":12254,"process":"Isolated Web Co","addr":4862725300224,"prot":7,"time":1791612136221,"caller":"/home/lakshy-sharma/Citadel/Workshop/vajra/workspace/src/internal/watcher/eventsink.go:198","message":"event sink: W^X memory mapping"}
{"level":"warn","pid":12254,"process":"Isolated Web Co","addr":4862725431296,"prot":7,"time":1791612136817,"caller":"/home/lakshy-sharma/Citadel/Workshop/vajra/workspace/src/internal/watcher/eventsink.go:198","message":"event sink: W^X memory mapping"}
{"level":"warn","pid":12254,"process":"Isolated Web Co","addr":4862727200768,"prot":7,"time":1791612136818,"caller":"/home/lakshy-sharma/Citadel/Workshop/vajra/workspace/src/internal/watcher/eventsink.go:198","message":"event sink: W^X memory mapping"}
{"level":"warn","pid":12254,"process":"Isolated Web Co","addr":4862727790592,"prot":7,"time":1791612136819,"caller":"/home/lakshy-sharma/Citadel/Workshop/vajra/workspace/src/internal/watcher/eventsink.go:198","message":"event sink: W^X memory mapping"}
{"level":"warn","pid":12254,"process":"Isolated Web Co","addr":4862728052736,"prot":7,"time":1791612136819,"caller":"/home/lakshy-sharma/Citadel/Workshop/vajra/workspace/src/internal/watcher/eventsink.go:198","message":"event sink: W^X memory mapping"}
{"level":"warn","pid":12254,"process":"Isolated Web Co","addr":4862728249344,"prot":7,"time":1791612136820,"caller":"/home/lakshy-sharma/Citadel/Workshop/vajra/workspace/src/internal/watcher/eventsink.go:198","message":"event sink: W^X memory mapping"}
{"level":"warn","pid":12254,"process":"Isolated Web Co","addr":4862728445952,"prot":7,"time":1791612136821,"caller":"/home/lakshy-sharma/Citadel/Workshop/vajra/workspace/src/internal/watcher/eventsink.go:198","message":"event sink: W^X memory mapping"}
{"level":"warn","pid":12254,"process":"Isolated Web Co","addr":4862728904704,"prot":7,"time":1791612136821,"caller":"/home/lakshy-sharma/Citadel/Workshop/vajra/workspace/src/internal/watcher/eventsink.go:198","message":"event sink: W^X memory mapping"}
{"level":"warn","pid":12254,"process":"Isolated Web Co","addr":4862729101312,"prot":7,"time":1791612136822,"caller":"/home/lakshy-sharma/Citadel/Workshop/vajra/workspace/src/internal/watcher/eventsink.go:198","message":"event sink: W^X memory mapping"}
{"level":"warn","pid":12254,"process":"Isolated Web Co","addr":4862729232384,"prot":7,"time":1791612136823,"caller":"/home/lakshy-sharma/Citadel/Workshop/vajra/workspace/src/internal/watcher/eventsink.go:198","message":"event sink: W^X memory mapping"}
{"level":"warn","pid":12254,"process":"Isolated Web Co","addr":4862729363456,"prot":7,"time":1791612136825,"caller":"/home/lakshy-sharma/Citadel/Workshop/vajra/workspace/src/internal/watcher/eventsink.go:198","message":"event sink: W^X memory mapping"}
{"level":"warn","pid":12254,"process":"Isolated Web Co","addr":4862729560064,"prot":7,"time":1791612136826,"caller":"/home/lakshy-sharma/Citadel/Workshop/vajra/workspace/src/internal/watcher/eventsink.go:198","message":"event sink: W^X memory mapping"}
{"level":"warn","pid":12254,"process":"Isolated Web Co","addr":4862729756672,"prot":7,"time":1791612136826,"caller":"/home/lakshy-sharma/Citadel/Workshop/vajra/workspace/src/internal/watcher/eventsink.go:198","message":"event sink: W^X memory mapping"}
{"level":"warn","pid":12254,"process":"Isolated Web Co","addr":4862729822208,"prot":7,"time":1791612136827,"caller":"/home/lakshy-sharma/Citadel/Workshop/vajra/workspace/src/internal/watcher/eventsink.go:198","message":"event sink: W^X memory mapping"}
{"level":"warn","pid":12254,"process":"Isolated Web Co","addr":4862730084352,"prot":7,"time":1791612136827,"caller":"/home/lakshy-sharma/Citadel/Workshop/vajra/workspace/src/internal/watcher/eventsink.go:198","message":"event sink: W^X memory mapping"}
{"level":"warn","pid":12254,"process":"Isolated Web Co","addr":4862730215424,"prot":7,"time":1791612136828,"caller":"/home/lakshy-sharma/Citadel/Workshop/vajra/workspace/src/internal/watcher/eventsink.go:198","message":"event sink: W^X memory mapping"}
{"level":"warn","pid":12254,"process":"Isolated Web Co","addr":4862730280960,"prot":7,"time":1791612136841,"caller":"/home/lakshy-sharma/Citadel/Workshop/vajra/workspace/src/internal/watcher/eventsink.go:198","message":"event sink: W^X memory mapping"}
{"level":"warn","pid":12254,"process":"Isolated Web Co","addr":4862730412032,"prot":7,"time":1791612136841,"caller":"/home/lakshy-sharma/Citadel/Workshop/vajra/workspace/src/internal/watcher/eventsink.go:198","message":"event sink: W^X memory mapping"}
{"level":"warn","pid":12254,"process":"Isolated Web Co","addr":4862730477568,"prot":7,"time":1791612136841,"caller":"/home/lakshy-sharma/Citadel/Workshop/vajra/workspace/src/internal/watcher/eventsink.go:198","message":"event sink: W^X memory mapping"}
{"level":"warn","pid":12254,"process":"Isolated Web Co","addr":4862730543104,"prot":7,"time":1791612136842,"caller":"/home/lakshy-sharma/Citadel/Workshop/vajra/workspace/src/internal/watcher/eventsink.go:198","message":"event sink: W^X memory mapping"}
{"level":"warn","pid":12254,"process":"Isolated Web Co","addr":4862730674176,"prot":7,"time":1791612136842,"caller":"/home/lakshy-sharma/Citadel/Workshop/vajra/workspace/src/internal/watcher/eventsink.go:198","message":"event sink: W^X memory mapping"}
{"level":"warn","pid":12254,"process":"Isolated Web Co","addr":4862730805248,"prot":7,"time":1791612136842,"caller":"/home/lakshy-sharma/Citadel/Workshop/vajra/workspace/src/internal/watcher/eventsink.go:198","message":"event sink: W^X memory mapping"}
{"level":"warn","pid":12254,"process":"Isolated Web Co","addr":4862730870784,"prot":7,"time":1791612136842,"caller":"/home/lakshy-sharma/Citadel/Workshop/vajra/workspace/src/internal/watcher/eventsink.go:198","message":"event sink: W^X memory mapping"}
{"level":"warn","pid":12254,"process":"Isolated Web Co","addr":4862730936320,"prot":7,"time":1791612136842,"caller":"/home/lakshy-sharma/Citadel/Workshop/vajra/workspace/src/internal/watcher/eventsink.go:198","message":"event sink: W^X memory mapping"}
{"level":"warn","pid":12254,"process":"Isolated Web Co","addr":4862731001856,"prot":7,"time":1791612136843,"caller":"/home/lakshy-sharma/Citadel/Workshop/vajra/workspace/src/internal/watcher/eventsink.go:198","message":"event sink: W^X memory mapping"}
{"level":"warn","pid":12254,"process":"Isolated Web Co","addr":4862717108224,"prot":7,"time":1791612136941,"caller":"/home/lakshy-sharma/Citadel/Workshop/vajra/workspace/src/internal/watcher/eventsink.go:198","message":"event sink: W^X memory mapping"}
{"level":"warn","pid":12240,"process":"Isolated Web Co","addr":2319473197056,"prot":7,"time":1791612136954,"caller":"/home/lakshy-sharma/Citadel/Workshop/vajra/workspace/src/internal/watcher/eventsink.go:198","message":"event sink: W^X memory mapping"}
{"level":"warn","pid":12254,"process":"Isolated Web Co","addr":4862717173760,"prot":7,"time":1791612137215,"caller":"/home/lakshy-sharma/Citadel/Workshop/vajra/workspace/src/internal/watcher/eventsink.go:198","message":"event sink: W^X memory mapping"}
{"level":"warn","pid":12254,"process":"Isolated Web Co","addr":4862717304832,"prot":7,"time":1791612137216,"caller":"/home/lakshy-sharma/Citadel/Workshop/vajra/workspace/src/internal/watcher/eventsink.go:198","message":"event sink: W^X memory mapping"}
{"level":"warn","pid":12254,"process":"Isolated Web Co","addr":4862717435904,"prot":7,"time":1791612137222,"caller":"/home/lakshy-sharma/Citadel/Workshop/vajra/workspace/src/internal/watcher/eventsink.go:198","message":"event sink: W^X memory mapping"}
{"level":"warn","pid":12254,"process":"Isolated Web Co","addr":4862717501440,"prot":7,"time":1791612137224,"caller":"/home/lakshy-sharma/Citadel/Workshop/vajra/workspace/src/internal/watcher/eventsink.go:198","message":"event sink: W^X memory mapping"}
{"level":"warn","pid":12254,"process":"Isolated Web Co","addr":4862717960192,"prot":7,"time":1791612137226,"caller":"/home/lakshy-sharma/Citadel/Workshop/vajra/workspace/src/internal/watcher/eventsink.go:198","message":"event sink: W^X memory mapping"}
{"level":"warn","pid":12254,"process":"Isolated Web Co","addr":4862718222336,"prot":7,"time":1791612137227,"caller":"/home/lakshy-sharma/Citadel/Workshop/vajra/workspace/src/internal/watcher/eventsink.go:198","message":"event sink: W^X memory mapping"}
{"level":"warn","pid":12254,"process":"Isolated Web Co","addr":4862718353408,"prot":7,"time":1791612137419,"caller":"/home/lakshy-sharma/Citadel/Workshop/vajra/workspace/src/internal/watcher/eventsink.go:198","message":"event sink: W^X memory mapping"}
{"level":"warn","pid":12240,"process":"Isolated Web Co","addr":2319473393664,"prot":7,"time":1791612137680,"caller":"/home/lakshy-sharma/Citadel/Workshop/vajra/workspace/src/internal/watcher/eventsink.go:198","message":"event sink: W^X memory mapping"}
{"level":"warn","pid":12254,"process":"Isolated Web Co","addr":4862718484480,"prot":7,"time":1791612137742,"caller":"/home/lakshy-sharma/Citadel/Workshop/vajra/workspace/src/internal/watcher/eventsink.go:198","message":"event sink: W^X memory mapping"}
{"level":"warn","pid":12254,"process":"Isolated Web Co","addr":4862718550016,"prot":7,"time":1791612138215,"caller":"/home/lakshy-sharma/Citadel/Workshop/vajra/workspace/src/internal/watcher/eventsink.go:198","message":"event sink: W^X memory mapping"}
{"level":"warn","pid":12240,"process":"Isolated Web Co","addr":2319473524736,"prot":7,"time":1791612138369,"caller":"/home/lakshy-sharma/Citadel/Workshop/vajra/workspace/src/internal/watcher/eventsink.go:198","message":"event sink: W^X memory mapping"}
{"level":"warn","pid":12254,"process":"Isolated Web Co","addr":4862718681088,"prot":7,"time":1791612138621,"caller":"/home/lakshy-sharma/Citadel/Workshop/vajra/workspace/src/internal/watcher/eventsink.go:198","message":"event sink: W^X memory mapping"}
{"level":"warn","pid":12254,"process":"Isolated Web Co","addr":4862719008768,"prot":7,"time":1791612138625,"caller":"/home/lakshy-sharma/Citadel/Workshop/vajra/workspace/src/internal/watcher/eventsink.go:198","message":"event sink: W^X memory mapping"}
{"level":"warn","pid":12254,"process":"Isolated Web Co","addr":4862719139840,"prot":7,"time":1791612139218,"caller":"/home/lakshy-sharma/Citadel/Workshop/vajra/workspace/src/internal/watcher/eventsink.go:198","message":"event sink: W^X memory mapping"}
{"level":"warn","pid":12240,"process":"Isolated Web Co","addr":2319473655808,"prot":7,"time":1791612139412,"caller":"/home/lakshy-sharma/Citadel/Workshop/vajra/workspace/src/internal/watcher/eventsink.go:198","message":"event sink: W^X memory mapping"}
{"level":"warn","pid":12240,"process":"Isolated Web Co","addr":2319473786880,"prot":7,"time":1791612140276,"caller":"/home/lakshy-sharma/Citadel/Workshop/vajra/workspace/src/internal/watcher/eventsink.go:198","message":"event sink: W^X memory mapping"}
{"level":"warn","pid":12254,"process":"Isolated Web Co","addr":4862719401984,"prot":7,"time":1791612140829,"caller":"/home/lakshy-sharma/Citadel/Workshop/vajra/workspace/src/internal/watcher/eventsink.go:198","message":"event sink: W^X memory mapping"}
{"level":"warn","pid":12254,"process":"Isolated Web Co","addr":4862716256256,"prot":7,"time":1791612141163,"caller":"/home/lakshy-sharma/Citadel/Workshop/vajra/workspace/src/internal/watcher/eventsink.go:198","message":"event sink: W^X memory mapping"}
{"level":"warn","pid":12254,"process":"Isolated Web Co","addr":4862716321792,"prot":7,"time":1791612141165,"caller":"/home/lakshy-sharma/Citadel/Workshop/vajra/workspace/src/internal/watcher/eventsink.go:198","message":"event sink: W^X memory mapping"}
{"level":"warn","pid":12254,"process":"Isolated Web Co","addr":4862716452864,"prot":7,"time":1791612141166,"caller":"/home/lakshy-sharma/Citadel/Workshop/vajra/workspace/src/internal/watcher/eventsink.go:198","message":"event sink: W^X memory mapping"}
{"level":"warn","pid":12254,"process":"Isolated Web Co","addr":4862716583936,"prot":7,"time":1791612141167,"caller":"/home/lakshy-sharma/Citadel/Workshop/vajra/workspace/src/internal/watcher/eventsink.go:198","message":"event sink: W^X memory mapping"}
{"level":"warn","pid":12254,"process":"Isolated Web Co","addr":4862716715008,"prot":7,"time":1791612141168,"caller":"/home/lakshy-sharma/Citadel/Workshop/vajra/workspace/src/internal/watcher/eventsink.go:198","message":"event sink: W^X memory mapping"}
{"level":"warn","pid":12254,"process":"Isolated Web Co","addr":4862716846080,"prot":7,"time":1791612141220,"caller":"/home/lakshy-sharma/Citadel/Workshop/vajra/workspace/src/internal/watcher/eventsink.go:198","message":"event sink: W^X memory mapping"}
{"level":"warn","pid":12254,"process":"Isolated Web Co","addr":4862716977152,"prot":7,"time":1791612141221,"caller":"/home/lakshy-sharma/Citadel/Workshop/vajra/workspace/src/internal/watcher/eventsink.go:198","message":"event sink: W^X memory mapping"}
{"level":"warn","pid":12254,"process":"Isolated Web Co","addr":4862717108224,"prot":7,"time":1791612141222,"caller":"/home/lakshy-sharma/Citadel/Workshop/vajra/workspace/src/internal/watcher/eventsink.go:198","message":"event sink: W^X memory mapping"}
{"level":"warn","pid":12254,"process":"Isolated Web Co","addr":4862717173760,"prot":7,"time":1791612141223,"caller":"/home/lakshy-sharma/Citadel/Workshop/vajra/workspace/src/internal/watcher/eventsink.go:198","message":"event sink: W^X memory mapping"}
{"level":"warn","pid":12254,"process":"Isolated Web Co","addr":4862717239296,"prot":7,"time":1791612141224,"caller":"/home/lakshy-sharma/Citadel/Workshop/vajra/workspace/src/internal/watcher/eventsink.go:198","message":"event sink: W^X memory mapping"}
{"level":"warn","pid":12254,"process":"Isolated Web Co","addr":4862717370368,"prot":7,"time":1791612141225,"caller":"/home/lakshy-sharma/Citadel/Workshop/vajra/workspace/src/internal/watcher/eventsink.go:198","message":"event sink: W^X memory mapping"}
{"level":"warn","pid":12254,"process":"Isolated Web Co","addr":4862717501440,"prot":7,"time":1791612141226,"caller":"/home/lakshy-sharma/Citadel/Workshop/vajra/workspace/src/internal/watcher/eventsink.go:198","message":"event sink: W^X memory mapping"}
{"level":"warn","pid":12254,"process":"Isolated Web Co","addr":4862717632512,"prot":7,"time":1791612141226,"caller":"/home/lakshy-sharma/Citadel/Workshop/vajra/workspace/src/internal/watcher/eventsink.go:198","message":"event sink: W^X memory mapping"}
{"level":"warn","pid":12254,"process":"Isolated Web Co","addr":4862717763584,"prot":7,"time":1791612141227,"caller":"/home/lakshy-sharma/Citadel/Workshop/vajra/workspace/src/internal/watcher/eventsink.go:198","message":"event sink: W^X memory mapping"}
{"level":"warn","pid":12254,"process":"Isolated Web Co","addr":4862717894656,"prot":7,"time":1791612141228,"caller":"/home/lakshy-sharma/Citadel/Workshop/vajra/workspace/src/internal/watcher/eventsink.go:198","message":"event sink: W^X memory mapping"}
{"level":"warn","pid":12254,"process":"Isolated Web Co","addr":4862718025728,"prot":7,"time":1791612141228,"caller":"/home/lakshy-sharma/Citadel/Workshop/vajra/workspace/src/internal/watcher/eventsink.go:198","message":"event sink: W^X memory mapping"}
{"level":"warn","pid":12254,"process":"Isolated Web Co","addr":4862718156800,"prot":7,"time":1791612141229,"caller":"/home/lakshy-sharma/Citadel/Workshop/vajra/workspace/src/internal/watcher/eventsink.go:198","message":"event sink: W^X memory mapping"}
{"level":"warn","pid":12254,"process":"Isolated Web Co","addr":4862718287872,"prot":7,"time":1791612141230,"caller":"/home/lakshy-sharma/Citadel/Workshop/vajra/workspace/src/internal/watcher/eventsink.go:198","message":"event sink: W^X memory mapping"}
{"level":"warn","pid":12254,"process":"Isolated Web Co","addr":4862718418944,"prot":7,"time":1791612141230,"caller":"/home/lakshy-sharma/Citadel/Workshop/vajra/workspace/src/internal/watcher/eventsink.go:198","message":"event sink: W^X memory mapping"}
{"level":"warn","pid":12254,"process":"Isolated Web Co","addr":4862718550016,"prot":7,"time":1791612141232,"caller":"/home/lakshy-sharma/Citadel/Workshop/vajra/workspace/src/internal/watcher/eventsink.go:198","message":"event sink: W^X memory mapping"}
{"level":"warn","pid":12254,"process":"Isolated Web Co","addr":4862718681088,"prot":7,"time":1791612141233,"caller":"/home/lakshy-sharma/Citadel/Workshop/vajra/workspace/src/internal/watcher/eventsink.go:198","message":"event sink: W^X memory mapping"}
{"level":"warn","pid":12254,"process":"Isolated Web Co","addr":4862718877696,"prot":7,"time":1791612141234,"caller":"/home/lakshy-sharma/Citadel/Workshop/vajra/workspace/src/internal/watcher/eventsink.go:198","message":"event sink: W^X memory mapping"}
{"level":"warn","pid":12254,"process":"Isolated Web Co","addr":4862719008768,"prot":7,"time":1791612141235,"caller":"/home/lakshy-sharma/Citadel/Workshop/vajra/workspace/src/internal/watcher/eventsink.go:198","message":"event sink: W^X memory mapping"}
{"level":"warn","pid":12254,"process":"Isolated Web Co","addr":4862719074304,"prot":7,"time":1791612141236,"caller":"/home/lakshy-sharma/Citadel/Workshop/vajra/workspace/src/internal/watcher/eventsink.go:198","message":"event sink: W^X memory mapping"}
{"level":"warn","pid":12254,"process":"Isolated Web Co","addr":4862719205376,"prot":7,"time":1791612141239,"caller":"/home/lakshy-sharma/Citadel/Workshop/vajra/workspace/src/internal/watcher/eventsink.go:198","message":"event sink: W^X memory mapping"}
{"level":"warn","pid":12254,"process":"Isolated Web Co","addr":4862719336448,"prot":7,"time":1791612141239,"caller":"/home/lakshy-sharma/Citadel/Workshop/vajra/workspace/src/internal/watcher/eventsink.go:198","message":"event sink: W^X memory mapping"}
{"level":"warn","pid":12254,"process":"Isolated Web Co","addr":4862719467520,"prot":7,"time":1791612141340,"caller":"/home/lakshy-sharma/Citadel/Workshop/vajra/workspace/src/internal/watcher/eventsink.go:198","message":"event sink: W^X memory mapping"}
{"level":"warn","pid":12254,"process":"Isolated Web Co","addr":4862719533056,"prot":7,"time":1791612141420,"caller":"/home/lakshy-sharma/Citadel/Workshop/vajra/workspace/src/internal/watcher/eventsink.go:198","message":"event sink: W^X memory mapping"}
{"level":"warn","pid":12254,"process":"Isolated Web Co","addr":4862719664128,"prot":7,"time":1791612141580,"caller":"/home/lakshy-sharma/Citadel/Workshop/vajra/workspace/src/internal/watcher/eventsink.go:198","message":"event sink: W^X memory mapping"}
{"level":"warn","pid":12254,"process":"Isolated Web Co","addr":4862719729664,"prot":7,"time":1791612141626,"caller":"/home/lakshy-sharma/Citadel/Workshop/vajra/workspace/src/internal/watcher/eventsink.go:198","message":"event sink: W^X memory mapping"}
{"level":"warn","pid":12240,"process":"Isolated Web Co","addr":2319474114560,"prot":7,"time":1791612141967,"caller":"/home/lakshy-sharma/Citadel/Workshop/vajra/workspace/src/internal/watcher/eventsink.go:198","message":"event sink: W^X memory mapping"}
{"level":"warn","pid":12240,"process":"Isolated Web Co","addr":2319474442240,"prot":7,"time":1791612141971,"caller":"/home/lakshy-sharma/Citadel/Workshop/vajra/workspace/src/internal/watcher/eventsink.go:198","message":"event sink: W^X memory mapping"}
{"level":"warn","pid":12240,"process":"Isolated Web Co","addr":2319474638848,"prot":7,"time":1791612141974,"caller":"/home/lakshy-sharma/Citadel/Workshop/vajra/workspace/src/internal/watcher/eventsink.go:198","message":"event sink: W^X memory mapping"}
{"level":"warn","pid":11559,"process":"WebExtensions","addr":45708156182528,"prot":7,"time":1791612141976,"caller":"/home/lakshy-sharma/Citadel/Workshop/vajra/workspace/src/internal/watcher/eventsink.go:198","message":"event sink: W^X memory mapping"}
{"level":"warn","pid":344756,"process":"DOM Worker","addr":65952875909120,"prot":7,"time":1791612141977,"caller":"/home/lakshy-sharma/Citadel/Workshop/vajra/workspace/src/internal/watcher/eventsink.go:198","message":"event sink: W^X memory mapping"}
{"level":"warn","pid":11309,"process":"Socket Thread","dst":"192.168.0.1","dst_port":0,"time":1791612141979,"caller":"/home/lakshy-sharma/Citadel/Workshop/vajra/workspace/src/internal/watcher/eventsink.go:127","message":"event sink: high-value network connection"}
{"level":"warn","pid":11309,"process":"Socket Thread","dst":"c0a8:1::","dst_port":0,"time":1791612141979,"caller":"/home/lakshy-sharma/Citadel/Workshop/vajra/workspace/src/internal/watcher/eventsink.go:127","message":"event sink: high-value network connection"}
{"level":"warn","pid":11309,"process":"Socket Thread","dst":"c0a8:1::","dst_port":0,"time":1791612141979,"caller":"/home/lakshy-sharma/Citadel/Workshop/vajra/workspace/src/internal/watcher/eventsink.go:127","message":"event sink: high-value network connection"}
{"level":"warn","pid":11309,"process":"DNS Res~r #3192","dst":"127.0.0.53","dst_port":53,"time":1791612141979,"caller":"/home/lakshy-sharma/Citadel/Workshop/vajra/workspace/src/internal/watcher/eventsink.go:127","message":"event sink: high-value network connection"}
{"level":"warn","pid":11309,"process":"Socket Thread","dst":"192.168.0.1","dst_port":0,"time":1791612141979,"caller":"/home/lakshy-sharma/Citadel/Workshop/vajra/workspace/src/internal/watcher/eventsink.go:127","message":"event sink: high-value network connection"}
{"level":"warn","pid":11309,"process":"DNS Res~r #3192","dst":"150.242.84.76","dst_port":0,"time":1791612141979,"caller":"/home/lakshy-sharma/Citadel/Workshop/vajra/workspace/src/internal/watcher/eventsink.go:127","message":"event sink: high-value network connection"}
{"level":"warn","pid":11309,"process":"DNS Res~r #3192","dst":"2400:80c0:0:2::c","dst_port":0,"time":1791612141979,"caller":"/home/lakshy-sharma/Citadel/Workshop/vajra/workspace/src/internal/watcher/eventsink.go:127","message":"event sink: high-value network connection"}
{"level":"warn","pid":11309,"process":"Socket Thread","dst":"150.242.84.76","dst_port":443,"time":1791612142079,"caller":"/home/lakshy-sharma/Citadel/Workshop/vajra/workspace/src/internal/watcher/eventsink.go:127","message":"event sink: high-value network connection"}
{"level":"warn","pid":12254,"process":"Isolated Web Co","addr":4862719795200,"prot":7,"time":1791612142100,"caller":"/home/lakshy-sharma/Citadel/Workshop/vajra/workspace/src/internal/watcher/eventsink.go:198","message":"event sink: W^X memory mapping"}
{"level":"warn","pid":12240,"process":"Isolated Web Co","addr":2319474835456,"prot":7,"time":1791612142348,"caller":"/home/lakshy-sharma/Citadel/Workshop/vajra/workspace/src/internal/watcher/eventsink.go:198","message":"event sink: W^X memory mapping"}
{"level":"warn","pid":12240,"process":"Isolated Web Co","addr":2319474966528,"prot":7,"time":1791612142350,"caller":"/home/lakshy-sharma/Citadel/Workshop/vajra/workspace/src/internal/watcher/eventsink.go:198","message":"event sink: W^X memory mapping"}
{"level":"warn","pid":12240,"process":"Isolated Web Co","addr":2319475163136,"prot":7,"time":1791612142351,"caller":"/home/lakshy-sharma/Citadel/Workshop/vajra/workspace/src/internal/watcher/eventsink.go:198","message":"event sink: W^X memory mapping"}
{"level":"warn","pid":12240,"process":"Isolated Web Co","addr":2319475294208,"prot":7,"time":1791612142353,"caller":"/home/lakshy-sharma/Citadel/Workshop/vajra/workspace/src/internal/watcher/eventsink.go:198","message":"event sink: W^X memory mapping"}
{"level":"warn","pid":12240,"process":"Isolated Web Co","addr":2319475687424,"prot":7,"time":1791612142466,"caller":"/home/lakshy-sharma/Citadel/Workshop/vajra/workspace/src/internal/watcher/eventsink.go:198","message":"event sink: W^X memory mapping"}
{"level":"warn","pid":12254,"process":"Isolated Web Co","addr":4862719926272,"prot":7,"time":1791612142626,"caller":"/home/lakshy-sharma/Citadel/Workshop/vajra/workspace/src/internal/watcher/eventsink.go:198","message":"event sink: W^X memory mapping"}
{"level":"warn","pid":12254,"process":"Isolated Web Co","addr":4862719991808,"prot":7,"time":1791612142628,"caller":"/home/lakshy-sharma/Citadel/Workshop/vajra/workspace/src/internal/watcher/eventsink.go:198","message":"event sink: W^X memory mapping"}
{"level":"warn","pid":12254,"process":"Isolated Web Co","addr":4862720122880,"prot":7,"time":1791612142630,"caller":"/home/lakshy-sharma/Citadel/Workshop/vajra/workspace/src/internal/watcher/eventsink.go:198","message":"event sink: W^X memory mapping"}
{"level":"warn","pid":12240,"process":"Isolated Web Co","addr":2319475818496,"prot":7,"time":1791612142678,"caller":"/home/lakshy-sharma/Citadel/Workshop/vajra/workspace/src/internal/watcher/eventsink.go:198","message":"event sink: W^X memory mapping"}
{"level":"warn","pid":12240,"process":"Isolated Web Co","addr":2319475949568,"prot":7,"time":1791612142902,"caller":"/home/lakshy-sharma/Citadel/Workshop/vajra/workspace/src/internal/watcher/eventsink.go:198","message":"event sink: W^X memory mapping"}
{"level":"warn","pid":12240,"process":"Isolated Web Co","addr":2319476211712,"prot":7,"time":1791612143093,"caller":"/home/lakshy-sharma/Citadel/Workshop/vajra/workspace/src/internal/watcher/eventsink.go:198","message":"event sink: W^X memory mapping"}
{"level":"warn","pid":12254,"process":"Isolated Web Co","addr":4862720253952,"prot":7,"time":1791612143230,"caller":"/home/lakshy-sharma/Citadel/Workshop/vajra/workspace/src/internal/watcher/eventsink.go:198","message":"event sink: W^X memory mapping"}
{"level":"warn","pid":12240,"process":"Isolated Web Co","addr":2319476342784,"prot":7,"time":1791612143486,"caller":"/home/lakshy-sharma/Citadel/Workshop/vajra/workspace/src/internal/watcher/eventsink.go:198","message":"event sink: W^X memory mapping"}
{"level":"warn","pid":12254,"process":"Isolated Web Co","addr":4862720385024,"prot":7,"time":1791612145232,"caller":"/home/lakshy-sharma/Citadel/Workshop/vajra/workspace/src/internal/watcher/eventsink.go:198","message":"event sink: W^X memory mapping"}
{"level":"warn","pid":344756,"process":"DOM Worker","addr":65952875974656,"prot":7,"time":1791612145660,"caller":"/home/lakshy-sharma/Citadel/Workshop/vajra/workspace/src/internal/watcher/eventsink.go:198","message":"event sink: W^X memory mapping"}
{"level":"warn","pid":12254,"process":"Isolated Web Co","addr":4862720516096,"prot":7,"time":1791612147030,"caller":"/home/lakshy-sharma/Citadel/Workshop/vajra/workspace/src/internal/watcher/eventsink.go:198","message":"event sink: W^X memory mapping"}
{"level":"warn","pid":344756,"process":"DOM Worker","addr":65952875974656,"prot":7,"time":1791612150924,"caller":"/home/lakshy-sharma/Citadel/Workshop/vajra/workspace/src/internal/watcher/eventsink.go:198","message":"event sink: W^X memory mapping"}
{"level":"warn","pid":12240,"process":"Isolated Web Co","addr":2319476473856,"prot":7,"time":1791612150950,"caller":"/home/lakshy-sharma/Citadel/Workshop/vajra/workspace/src/internal/watcher/eventsink.go:198","message":"event sink: W^X memory mapping"}
{"level":"warn","pid":12254,"process":"Isolated Web Co","addr":4862720581632,"prot":7,"time":1791612150965,"caller":"/home/lakshy-sharma/Citadel/Workshop/vajra/workspace/src/internal/watcher/eventsink.go:198","message":"event sink: W^X memory mapping"}
{"level":"warn","pid":12254,"process":"Isolated Web Co","addr":4862720647168,"prot":7,"time":1791612151037,"caller":"/home/lakshy-sharma/Citadel/Workshop/vajra/workspace/src/internal/watcher/eventsink.go:198","message":"event sink: W^X memory mapping"}
{"level":"warn","pid":12254,"process":"Isolated Web Co","addr":4862720778240,"prot":7,"time":1791612151039,"caller":"/home/lakshy-sharma/Citadel/Workshop/vajra/workspace/src/internal/watcher/eventsink.go:198","message":"event sink: W^X memory mapping"}
{"level":"warn","pid":12254,"process":"Isolated Web Co","addr":4862720843776,"prot":7,"time":1791612151040,"caller":"/home/lakshy-sharma/Citadel/Workshop/vajra/workspace/src/internal/watcher/eventsink.go:198","message":"event sink: W^X memory mapping"}
{"level":"warn","pid":12254,"process":"Isolated Web Co","addr":4862721105920,"prot":7,"time":1791612151043,"caller":"/home/lakshy-sharma/Citadel/Workshop/vajra/workspace/src/internal/watcher/eventsink.go:198","message":"event sink: W^X memory mapping"}
{"level":"warn","pid":348506,"process":"runc:[1:CHILD]","event":"namespace_enter","time":1791612151069,"caller":"/home/lakshy-sharma/Citadel/Workshop/vajra/workspace/src/internal/watcher/eventsink.go:243","message":"event sink: high-severity security event"}
{"level":"warn","pid":348506,"process":"runc:[1:CHILD]","event":"namespace_enter","time":1791612151069,"caller":"/home/lakshy-sharma/Citadel/Workshop/vajra/workspace/src/internal/watcher/eventsink.go:243","message":"event sink: high-severity security event"}
{"level":"warn","pid":348506,"process":"runc:[1:CHILD]","event":"namespace_enter","time":1791612151069,"caller":"/home/lakshy-sharma/Citadel/Workshop/vajra/workspace/src/internal/watcher/eventsink.go:243","message":"event sink: high-severity security event"}
{"level":"warn","pid":348506,"process":"runc:[1:CHILD]","event":"namespace_enter","time":1791612151070,"caller":"/home/lakshy-sharma/Citadel/Workshop/vajra/workspace/src/internal/watcher/eventsink.go:243","message":"event sink: high-severity security event"}
{"level":"warn","pid":348506,"process":"runc:[1:CHILD]","event":"namespace_enter","time":1791612151070,"caller":"/home/lakshy-sharma/Citadel/Workshop/vajra/workspace/src/internal/watcher/eventsink.go:243","message":"event sink: high-severity security event"}
{"level":"warn","pid":348506,"process":"runc:[1:CHILD]","event":"namespace_enter","time":1791612151070,"caller":"/home/lakshy-sharma/Citadel/Workshop/vajra/workspace/src/internal/watcher/eventsink.go:243","message":"event sink: high-severity security event"}
{"level":"warn","pid":348506,"process":"runc:[1:CHILD]","event":"namespace_enter","time":1791612151070,"caller":"/home/lakshy-sharma/Citadel/Workshop/vajra/workspace/src/internal/watcher/eventsink.go:243","message":"event sink: high-severity security event"}
{"level":"warn","pid":348506,"process":"runc:[1:CHILD]","event":"namespace_create","time":1791612151070,"caller":"/home/lakshy-sharma/Citadel/Workshop/vajra/workspace/src/internal/watcher/eventsink.go:243","message":"event sink: high-severity security event"}
{"level":"warn","pid":348507,"process":"runc:[2:INIT]","event":"capset","time":1791612151088,"caller":"/home/lakshy-sharma/Citadel/Workshop/vajra/workspace/src/internal/watcher/eventsink.go:243","message":"event sink: high-severity security event"}
{"level":"warn","pid":348513,"process":"python","dst":"127.0.0.1","dst_port":8000,"time":1791612151142,"caller":"/home/lakshy-sharma/Citadel/Workshop/vajra/workspace/src/internal/watcher/eventsink.go:127","message":"event sink: high-value network connection"}
{"level":"warn","pid":12254,"process":"Isolated Web Co","addr":4862721171456,"prot":7,"time":1791612151415,"caller":"/home/lakshy-sharma/Citadel/Workshop/vajra/workspace/src/internal/watcher/eventsink.go:198","message":"event sink: W^X memory mapping"}
{"level":"warn","pid":12254,"process":"Isolated Web Co","addr":4862721302528,"prot":7,"time":1791612151421,"caller":"/home/lakshy-sharma/Citadel/Workshop/vajra/workspace/src/internal/watcher/eventsink.go:198","message":"event sink: W^X memory mapping"}
{"level":"warn","pid":12254,"process":"Isolated Web Co","addr":4862721236992,"prot":7,"time":1791612151422,"caller":"/home/lakshy-sharma/Citadel/Workshop/vajra/workspace/src/internal/watcher/eventsink.go:198","message":"event sink: W^X memory mapping"}
{"level":"warn","pid":12254,"process":"Isolated Web Co","addr":4862721957888,"prot":7,"time":1791612151423,"caller":"/home/lakshy-sharma/Citadel/Workshop/vajra/workspace/src/internal/watcher/eventsink.go:198","message":"event sink: W^X memory mapping"}
{"level":"warn","pid":12254,"process":"Isolated Web Co","addr":4862722088960,"prot":7,"time":1791612151425,"caller":"/home/lakshy-sharma/Citadel/Workshop/vajra/workspace/src/internal/watcher/eventsink.go:198","message":"event sink: W^X memory mapping"}
{"level":"warn","pid":12254,"process":"Isolated Web Co","addr":4862722220032,"prot":7,"time":1791612151426,"caller":"/home/lakshy-sharma/Citadel/Workshop/vajra/workspace/src/internal/watcher/eventsink.go:198","message":"event sink: W^X memory mapping"}
{"level":"warn","pid":12254,"process":"Isolated Web Co","addr":4862722285568,"prot":7,"time":1791612151427,"caller":"/home/lakshy-sharma/Citadel/Workshop/vajra/workspace/src/internal/watcher/eventsink.go:198","message":"event sink: W^X memory mapping"}
{"level":"warn","pid":12254,"process":"Isolated Web Co","addr":4862722351104,"prot":7,"time":1791612151428,"caller":"/home/lakshy-sharma/Citadel/Workshop/vajra/workspace/src/internal/watcher/eventsink.go:198","message":"event sink: W^X memory mapping"}
{"level":"warn","pid":12254,"process":"Isolated Web Co","addr":4862722416640,"prot":7,"time":1791612151430,"caller":"/home/lakshy-sharma/Citadel/Workshop/vajra/workspace/src/internal/watcher/eventsink.go:198","message":"event sink: W^X memory mapping"}
{"level":"warn","pid":12254,"process":"Isolated Web Co","addr":4862722547712,"prot":7,"time":1791612151431,"caller":"/home/lakshy-sharma/Citadel/Workshop/vajra/workspace/src/internal/watcher/eventsink.go:198","message":"event sink: W^X memory mapping"}
{"level":"warn","pid":12254,"process":"Isolated Web Co","addr":4862722678784,"prot":7,"time":1791612151432,"caller":"/home/lakshy-sharma/Citadel/Workshop/vajra/workspace/src/internal/watcher/eventsink.go:198","message":"event sink: W^X memory mapping"}
{"level":"warn","pid":12254,"process":"Isolated Web Co","addr":4862722809856,"prot":7,"time":1791612151436,"caller":"/home/lakshy-sharma/Citadel/Workshop/vajra/workspace/src/internal/watcher/eventsink.go:198","message":"event sink: W^X memory mapping"}
{"level":"warn","pid":12254,"process":"Isolated Web Co","addr":4862722940928,"prot":7,"time":1791612151437,"caller":"/home/lakshy-sharma/Citadel/Workshop/vajra/workspace/src/internal/watcher/eventsink.go:198","message":"event sink: W^X memory mapping"}
{"level":"warn","pid":12254,"process":"Isolated Web Co","addr":4862723072000,"prot":7,"time":1791612151439,"caller":"/home/lakshy-sharma/Citadel/Workshop/vajra/workspace/src/internal/watcher/eventsink.go:198","message":"event sink: W^X memory mapping"}
{"level":"warn","pid":12254,"process":"Isolated Web Co","addr":4862723203072,"prot":7,"time":1791612151439,"caller":"/home/lakshy-sharma/Citadel/Workshop/vajra/workspace/src/internal/watcher/eventsink.go:198","message":"event sink: W^X memory mapping"}
{"level":"warn","pid":12254,"process":"Isolated Web Co","addr":4862723399680,"prot":7,"time":1791612151440,"caller":"/home/lakshy-sharma/Citadel/Workshop/vajra/workspace/src/internal/watcher/eventsink.go:198","message":"event sink: W^X memory mapping"}
{"level":"warn","pid":12254,"process":"Isolated Web Co","addr":4862723530752,"prot":7,"time":1791612151443,"caller":"/home/lakshy-sharma/Citadel/Workshop/vajra/workspace/src/internal/watcher/eventsink.go:198","message":"event sink: W^X memory mapping"}
{"level":"warn","pid":12254,"process":"Isolated Web Co","addr":4862723596288,"prot":7,"time":1791612151446,"caller":"/home/lakshy-sharma/Citadel/Workshop/vajra/workspace/src/internal/watcher/eventsink.go:198","message":"event sink: W^X memory mapping"}
{"level":"warn","pid":12254,"process":"Isolated Web Co","addr":4862723661824,"prot":7,"time":1791612151447,"caller":"/home/lakshy-sharma/Citadel/Workshop/vajra/workspace/src/internal/watcher/eventsink.go:198","message":"event sink: W^X memory mapping"}
{"level":"warn","pid":12254,"process":"Isolated Web Co","addr":4862723727360,"prot":7,"time":1791612151450,"caller":"/home/lakshy-sharma/Citadel/Workshop/vajra/workspace/src/internal/watcher/eventsink.go:198","message":"event sink: W^X memory mapping"}
{"level":"warn","pid":12254,"process":"Isolated Web Co","addr":4862723792896,"prot":7,"time":1791612151450,"caller":"/home/lakshy-sharma/Citadel/Workshop/vajra/workspace/src/internal/watcher/eventsink.go:198","message":"event sink: W^X memory mapping"}
{"level":"warn","pid":12254,"process":"Isolated Web Co","addr":4862723923968,"prot":7,"time":1791612151458,"caller":"/home/lakshy-sharma/Citadel/Workshop/vajra/workspace/src/internal/watcher/eventsink.go:198","message":"event sink: W^X memory mapping"}
{"level":"warn","pid":12254,"process":"Isolated Web Co","addr":4862724055040,"prot":7,"time":1791612151460,"caller":"/home/lakshy-sharma/Citadel/Workshop/vajra/workspace/src/internal/watcher/eventsink.go:198","message":"event sink: W^X memory mapping"}
{"level":"warn","pid":12254,"process":"Isolated Web Co","addr":4862724120576,"prot":7,"time":1791612151460,"caller":"/home/lakshy-sharma/Citadel/Workshop/vajra/workspace/src/internal/watcher/eventsink.go:198","message":"event sink: W^X memory mapping"}
{"level":"warn","pid":12254,"process":"Isolated Web Co","addr":4862724186112,"prot":7,"time":1791612151463,"caller":"/home/lakshy-sharma/Citadel/Workshop/vajra/workspace/src/internal/watcher/eventsink.go:198","message":"event sink: W^X memory mapping"}
{"level":"warn","pid":12254,"process":"Isolated Web Co","addr":4862724251648,"prot":7,"time":1791612151464,"caller":"/home/lakshy-sharma/Citadel/Workshop/vajra/workspace/src/internal/watcher/eventsink.go:198","message":"event sink: W^X memory mapping"}
{"level":"warn","pid":12254,"process":"Isolated Web Co","addr":4862724382720,"prot":7,"time":1791612151466,"caller":"/home/lakshy-sharma/Citadel/Workshop/vajra/workspace/src/internal/watcher/eventsink.go:198","message":"event sink: W^X memory mapping"}
{"level":"warn","pid":12254,"process":"Isolated Web Co","addr":4862724448256,"prot":7,"time":1791612151468,"caller":"/home/lakshy-sharma/Citadel/Workshop/vajra/workspace/src/internal/watcher/eventsink.go:198","message":"event sink: W^X memory mapping"}
{"level":"warn","pid":12254,"process":"Isolated Web Co","addr":4862724513792,"prot":7,"time":1791612151470,"caller":"/home/lakshy-sharma/Citadel/Workshop/vajra/workspace/src/internal/watcher/eventsink.go:198","message":"event sink: W^X memory mapping"}
{"level":"warn","pid":12254,"process":"Isolated Web Co","addr":4862724579328,"prot":7,"time":1791612151474,"caller":"/home/lakshy-sharma/Citadel/Workshop/vajra/workspace/src/internal/watcher/eventsink.go:198","message":"event sink: W^X memory mapping"}
{"level":"warn","pid":12254,"process":"DOM Worker","addr":4862724644864,"prot":7,"time":1791612151478,"caller":"/home/lakshy-sharma/Citadel/Workshop/vajra/workspace/src/internal/watcher/eventsink.go:198","message":"event sink: W^X memory mapping"}
{"level":"warn","pid":12254,"process":"DOM Worker","addr":4862724710400,"prot":7,"time":1791612151479,"caller":"/home/lakshy-sharma/Citadel/Workshop/vajra/workspace/src/internal/watcher/eventsink.go:198","message":"event sink: W^X memory mapping"}
{"level":"warn","pid":12254,"process":"Isolated Web Co","addr":4862724775936,"prot":7,"time":1791612151479,"caller":"/home/lakshy-sharma/Citadel/Workshop/vajra/workspace/src/internal/watcher/eventsink.go:198","message":"event sink: W^X memory mapping"}
{"level":"warn","pid":12254,"process":"DOM Worker","addr":4862724907008,"prot":7,"time":1791612151479,"caller":"/home/lakshy-sharma/Citadel/Workshop/vajra/workspace/src/internal/watcher/eventsink.go:198","message":"event sink: W^X memory mapping"}
{"level":"warn","pid":12254,"process":"DOM Worker","addr":4862725038080,"prot":7,"time":1791612151480,"caller":"/home/lakshy-sharma/Citadel/Workshop/vajra/workspace/src/internal/watcher/eventsink.go:198","message":"event sink: W^X memory mapping"}
{"level":"warn","pid":12254,"process":"DOM Worker","addr":4862725169152,"prot":7,"time":1791612151484,"caller":"/home/lakshy-sharma/Citadel/Workshop/vajra/workspace/src/internal/watcher/eventsink.go:198","message":"event sink: W^X memory mapping"}
{"level":"warn","pid":12254,"process":"Isolated Web Co","addr":4862725300224,"prot":7,"time":1791612151488,"caller":"/home/lakshy-sharma/Citadel/Workshop/vajra/workspace/src/internal/watcher/eventsink.go:198","message":"event sink: W^X memory mapping"}
{"level":"warn","pid":12254,"process":"Isolated Web Co","addr":4862725365760,"prot":7,"time":1791612151490,"caller":"/home/lakshy-sharma/Citadel/Workshop/vajra/workspace/src/internal/watcher/eventsink.go:198","message":"event sink: W^X memory mapping"}
{"level":"warn","pid":12254,"process":"Isolated Web Co","addr":4862725562368,"prot":7,"time":1791612151490,"caller":"/home/lakshy-sharma/Citadel/Workshop/vajra/workspace/src/internal/watcher/eventsink.go:198","message":"event sink: W^X memory mapping"}
{"level":"warn","pid":12254,"process":"Isolated Web Co","addr":4862725627904,"prot":7,"time":1791612151493,"caller":"/home/lakshy-sharma/Citadel/Workshop/vajra/workspace/src/internal/watcher/eventsink.go:198","message":"event sink: W^X memory mapping"}
{"level":"warn","pid":12254,"process":"Isolated Web Co","addr":4862725693440,"prot":7,"time":1791612151505,"caller":"/home/lakshy-sharma/Citadel/Workshop/vajra/workspace/src/internal/watcher/eventsink.go:198","message":"event sink: W^X memory mapping"}
{"level":"warn","pid":12254,"process":"Isolated Web Co","addr":4862725758976,"prot":7,"time":1791612151527,"caller":"/home/lakshy-sharma/Citadel/Workshop/vajra/workspace/src/internal/watcher/eventsink.go:198","message":"event sink: W^X memory mapping"}
{"level":"warn","pid":12254,"process":"Isolated Web Co","addr":4862725890048,"prot":7,"time":1791612151535,"caller":"/home/lakshy-sharma/Citadel/Workshop/vajra/workspace/src/internal/watcher/eventsink.go:198","message":"event sink: W^X memory mapping"}
{"level":"warn","pid":12254,"process":"Isolated Web Co","addr":4862725955584,"prot":7,"time":1791612151537,"caller":"/home/lakshy-sharma/Citadel/Workshop/vajra/workspace/src/internal/watcher/eventsink.go:198","message":"event sink: W^X memory mapping"}
{"level":"warn","pid":12254,"process":"Isolated Web Co","addr":4862726086656,"prot":7,"time":1791612151539,"caller":"/home/lakshy-sharma/Citadel/Workshop/vajra/workspace/src/internal/watcher/eventsink.go:198","message":"event sink: W^X memory mapping"}
{"level":"warn","pid":12254,"process":"Isolated Web Co","addr":4862726217728,"prot":7,"time":1791612151541,"caller":"/home/lakshy-sharma/Citadel/Workshop/vajra/workspace/src/internal/watcher/eventsink.go:198","message":"event sink: W^X memory mapping"}
{"level":"warn","pid":12254,"process":"Isolated Web Co","addr":4862726348800,"prot":7,"time":1791612151546,"caller":"/home/lakshy-sharma/Citadel/Workshop/vajra/workspace/src/internal/watcher/eventsink.go:198","message":"event sink: W^X memory mapping"}
{"level":"warn","pid":12254,"process":"Isolated Web Co","addr":4862726414336,"prot":7,"time":1791612151561,"caller":"/home/lakshy-sharma/Citadel/Workshop/vajra/workspace/src/internal/watcher/eventsink.go:198","message":"event sink: W^X memory mapping"}
{"level":"warn","pid":12254,"process":"Isolated Web Co","addr":4862726545408,"prot":7,"time":1791612151576,"caller":"/home/lakshy-sharma/Citadel/Workshop/vajra/workspace/src/internal/watcher/eventsink.go:198","message":"event sink: W^X memory mapping"}
{"level":"warn","pid":12254,"process":"Isolated Web Co","addr":4862727135232,"prot":7,"time":1791612151579,"caller":"/home/lakshy-sharma/Citadel/Workshop/vajra/workspace/src/internal/watcher/eventsink.go:198","message":"event sink: W^X memory mapping"}
{"level":"warn","pid":12254,"process":"Isolated Web Co","addr":4862727266304,"prot":7,"time":1791612151585,"caller":"/home/lakshy-sharma/Citadel/Workshop/vajra/workspace/src/internal/watcher/eventsink.go:198","message":"event sink: W^X memory mapping"}
{"level":"warn","pid":12254,"process":"Isolated Web Co","addr":4862727331840,"prot":7,"time":1791612151586,"caller":"/home/lakshy-sharma/Citadel/Workshop/vajra/workspace/src/internal/watcher/eventsink.go:198","message":"event sink: W^X memory mapping"}
{"level":"warn","pid":12254,"process":"Isolated Web Co","addr":4862727397376,"prot":7,"time":1791612151590,"caller":"/home/lakshy-sharma/Citadel/Workshop/vajra/workspace/src/internal/watcher/eventsink.go:198","message":"event sink: W^X memory mapping"}
{"level":"warn","pid":12254,"process":"Isolated Web Co","addr":4862727528448,"prot":7,"time":1791612151597,"caller":"/home/lakshy-sharma/Citadel/Workshop/vajra/workspace/src/internal/watcher/eventsink.go:198","message":"event sink: W^X memory mapping"}
{"level":"warn","pid":12254,"process":"Isolated Web Co","addr":4862727593984,"prot":7,"time":1791612151610,"caller":"/home/lakshy-sharma/Citadel/Workshop/vajra/workspace/src/internal/watcher/eventsink.go:198","message":"event sink: W^X memory mapping"}
{"level":"warn","pid":12254,"process":"Isolated Web Co","addr":4862727790592,"prot":7,"time":1791612151610,"caller":"/home/lakshy-sharma/Citadel/Workshop/vajra/workspace/src/internal/watcher/eventsink.go:198","message":"event sink: W^X memory mapping"}
{"level":"warn","pid":12254,"process":"Isolated Web Co","addr":4862727856128,"prot":7,"time":1791612151618,"caller":"/home/lakshy-sharma/Citadel/Workshop/vajra/workspace/src/internal/watcher/eventsink.go:198","message":"event sink: W^X memory mapping"}
{"level":"warn","pid":12254,"process":"Isolated Web Co","addr":4862727987200,"prot":7,"time":1791612151624,"caller":"/home/lakshy-sharma/Citadel/Workshop/vajra/workspace/src/internal/watcher/eventsink.go:198","message":"event sink: W^X memory mapping"}
{"level":"warn","pid":12254,"process":"Isolated Web Co","addr":4862728118272,"prot":7,"time":1791612151650,"caller":"/home/lakshy-sharma/Citadel/Workshop/vajra/workspace/src/internal/watcher/eventsink.go:198","message":"event sink: W^X memory mapping"}
{"level":"warn","pid":12254,"process":"Isolated Web Co","addr":4862728249344,"prot":7,"time":1791612151665,"caller":"/home/lakshy-sharma/Citadel/Workshop/vajra/workspace/src/internal/watcher/eventsink.go:198","message":"event sink: W^X memory mapping"}
{"level":"warn","pid":12254,"process":"Isolated Web Co","addr":4862728314880,"prot":7,"time":1791612151677,"caller":"/home/lakshy-sharma/Citadel/Workshop/vajra/workspace/src/internal/watcher/eventsink.go:198","message":"event sink: W^X memory mapping"}
{"level":"warn","pid":12254,"process":"Isolated Web Co","addr":4862728380416,"prot":7,"time":1791612152487,"caller":"/home/lakshy-sharma/Citadel/Workshop/vajra/workspace/src/internal/watcher/eventsink.go:198","message":"event sink: W^X memory mapping"}
{"level":"warn","pid":12254,"process":"Isolated Web Co","addr":4862728511488,"prot":7,"time":1791612152498,"caller":"/home/lakshy-sharma/Citadel/Workshop/vajra/workspace/src/internal/watcher/eventsink.go:198","message":"event sink: W^X memory mapping"}
{"level":"warn","pid":12254,"process":"Isolated Web Co","addr":4862728577024,"prot":7,"time":1791612152529,"caller":"/home/lakshy-sharma/Citadel/Workshop/vajra/workspace/src/internal/watcher/eventsink.go:198","message":"event sink: W^X memory mapping"}
{"level":"warn","pid":12254,"process":"Isolated Web Co","addr":4862728642560,"prot":7,"time":1791612153537,"caller":"/home/lakshy-sharma/Citadel/Workshop/vajra/workspace/src/internal/watcher/eventsink.go:198","message":"event sink: W^X memory mapping"}
{"level":"warn","pid":12240,"process":"Isolated Web Co","addr":2319476604928,"prot":7,"time":1791612155347,"caller":"/home/lakshy-sharma/Citadel/Workshop/vajra/workspace/src/internal/watcher/eventsink.go:198","message":"event sink: W^X memory mapping"}
{"level":"warn","pid":12254,"process":"DOM Worker","addr":4862728708096,"prot":7,"time":1791612155561,"caller":"/home/lakshy-sharma/Citadel/Workshop/vajra/workspace/src/internal/watcher/eventsink.go:198","message":"event sink: W^X memory mapping"}
{"level":"warn","pid":12254,"process":"Isolated Web Co","addr":4862728839168,"prot":7,"time":1791612155562,"caller":"/home/lakshy-sharma/Citadel/Workshop/vajra/workspace/src/internal/watcher/eventsink.go:198","message":"event sink: W^X memory mapping"}
{"level":"warn","pid":12254,"process":"DOM Worker","addr":4862728970240,"prot":7,"time":1791612155562,"caller":"/home/lakshy-sharma/Citadel/Workshop/vajra/workspace/src/internal/watcher/eventsink.go:198","message":"event sink: W^X memory mapping"}
{"level":"warn","pid":12254,"process":"DOM Worker","addr":4862729035776,"prot":7,"time":1791612155563,"caller":"/home/lakshy-sharma/Citadel/Workshop/vajra/workspace/src/internal/watcher/eventsink.go:198","message":"event sink: W^X memory mapping"}
{"level":"warn","pid":12254,"process":"DOM Worker","addr":4862729101312,"prot":7,"time":1791612155564,"caller":"/home/lakshy-sharma/Citadel/Workshop/vajra/workspace/src/internal/watcher/eventsink.go:198","message":"event sink: W^X memory mapping"}
{"level":"warn","pid":12254,"process":"DOM Worker","addr":4862729166848,"prot":7,"time":1791612155566,"caller":"/home/lakshy-sharma/Citadel/Workshop/vajra/workspace/src/internal/watcher/eventsink.go:198","message":"event sink: W^X memory mapping"}
{"level":"warn","pid":12254,"process":"Isolated Web Co","addr":4862729232384,"prot":7,"time":1791612155574,"caller":"/home/lakshy-sharma/Citadel/Workshop/vajra/workspace/src/internal/watcher/eventsink.go:198","message":"event sink: W^X memory mapping"}
{"level":"warn","pid":344756,"process":"DOM Worker","addr":65952876040192,"prot":7,"time":1791612155662,"caller":"/home/lakshy-sharma/Citadel/Workshop/vajra/workspace/src/internal/watcher/eventsink.go:198","message":"event sink: W^X memory mapping"}
{"level":"warn","pid":12254,"process":"Isolated Web Co","addr":4862724644864,"prot":7,"time":1791612157583,"caller":"/home/lakshy-sharma/Citadel/Workshop/vajra/workspace/src/internal/watcher/eventsink.go:198","message":"event sink: W^X memory mapping"}
{"level":"warn","pid":12254,"process":"DOM Worker","addr":4862724841472,"prot":7,"time":1791612158587,"caller":"/home/lakshy-sharma/Citadel/Workshop/vajra/workspace/src/internal/watcher/eventsink.go:198","message":"event sink: W^X memory mapping"}
{"level":"warn","pid":344756,"process":"DOM Worker","addr":65952876040192,"prot":7,"time":1791612161830,"caller":"/home/lakshy-sharma/Citadel/Workshop/vajra/workspace/src/internal/watcher/eventsink.go:198","message":"event sink: W^X memory mapping"}
{"level":"warn","pid":12254,"process":"Isolated Web Co","addr":4862716256256,"prot":7,"time":1791612162689,"caller":"/home/lakshy-sharma/Citadel/Workshop/vajra/workspace/src/internal/watcher/eventsink.go:198","message":"event sink: W^X memory mapping"}
{"level":"warn","pid":12254,"process":"Isolated Web Co","addr":4862716387328,"prot":7,"time":1791612162690,"caller":"/home/lakshy-sharma/Citadel/Workshop/vajra/workspace/src/internal/watcher/eventsink.go:198","message":"event sink: W^X memory mapping"}
{"level":"warn","pid":12254,"process":"Isolated Web Co","addr":4862716518400,"prot":7,"time":1791612164692,"caller":"/home/lakshy-sharma/Citadel/Workshop/vajra/workspace/src/internal/watcher/eventsink.go:198","message":"event sink: W^X memory mapping"}
{"level":"warn","pid":12254,"process":"Isolated Web Co","addr":4862716583936,"prot":7,"time":1791612164693,"caller":"/home/lakshy-sharma/Citadel/Workshop/vajra/workspace/src/internal/watcher/eventsink.go:198","message":"event sink: W^X memory mapping"}
{"level":"warn","pid":12254,"process":"Isolated Web Co","addr":4862716649472,"prot":7,"time":1791612164694,"caller":"/home/lakshy-sharma/Citadel/Workshop/vajra/workspace/src/internal/watcher/eventsink.go:198","message":"event sink: W^X memory mapping"}
{"level":"warn","pid":12254,"process":"Isolated Web Co","addr":4862716780544,"prot":7,"time":1791612164697,"caller":"/home/lakshy-sharma/Citadel/Workshop/vajra/workspace/src/internal/watcher/eventsink.go:198","message":"event sink: W^X memory mapping"}
{"level":"warn","pid":12240,"process":"Isolated Web Co","addr":2319476736000,"prot":7,"time":1791612165608,"caller":"/home/lakshy-sharma/Citadel/Workshop/vajra/workspace/src/internal/watcher/eventsink.go:198","message":"event sink: W^X memory mapping"}
{"level":"warn","pid":12240,"process":"Isolated Web Co","addr":2319476867072,"prot":7,"time":1791612166905,"caller":"/home/lakshy-sharma/Citadel/Workshop/vajra/workspace/src/internal/watcher/eventsink.go:198","message":"event sink: W^X memory mapping"}
{"level":"warn","pid":12254,"process":"Isolated Web Co","addr":4862716911616,"prot":7,"time":1791612166996,"caller":"/home/lakshy-sharma/Citadel/Workshop/vajra/workspace/src/internal/watcher/eventsink.go:198","message":"event sink: W^X memory mapping"}
{"level":"warn","pid":12254,"process":"Isolated Web Co","addr":4862716977152,"prot":7,"time":1791612166997,"caller":"/home/lakshy-sharma/Citadel/Workshop/vajra/workspace/src/internal/watcher/eventsink.go:198","message":"event sink: W^X memory mapping"}
{"level":"warn","pid":12254,"process":"Isolated Web Co","addr":4862717042688,"prot":7,"time":1791612166998,"caller":"/home/lakshy-sharma/Citadel/Workshop/vajra/workspace/src/internal/watcher/eventsink.go:198","message":"event sink: W^X memory mapping"}
{"level":"warn","pid":12254,"process":"Isolated Web Co","addr":4862717173760,"prot":7,"time":1791612166999,"caller":"/home/lakshy-sharma/Citadel/Workshop/vajra/workspace/src/internal/watcher/eventsink.go:198","message":"event sink: W^X memory mapping"}
{"level":"warn","pid":12254,"process":"DOM Worker","addr":4862717304832,"prot":7,"time":1791612168000,"caller":"/home/lakshy-sharma/Citadel/Workshop/vajra/workspace/src/internal/watcher/eventsink.go:198","message":"event sink: W^X memory mapping"}
{"level":"warn","pid":12254,"process":"DOM Worker","addr":4862717435904,"prot":7,"time":1791612168001,"caller":"/home/lakshy-sharma/Citadel/Workshop/vajra/workspace/src/internal/watcher/eventsink.go:198","message":"event sink: W^X memory mapping"}
{"level":"warn","pid":12254,"process":"DOM Worker","addr":4862717501440,"prot":7,"time":1791612168002,"caller":"/home/lakshy-sharma/Citadel/Workshop/vajra/workspace/src/internal/watcher/eventsink.go:198","message":"event sink: W^X memory mapping"}
{"level":"warn","pid":344756,"process":"DOM Worker","addr":65952876040192,"prot":7,"time":1791612168007,"caller":"/home/lakshy-sharma/Citadel/Workshop/vajra/workspace/src/internal/watcher/eventsink.go:198","message":"event sink: W^X memory mapping"}
{"level":"warn","pid":12254,"process":"Isolated Web Co","addr":4862717632512,"prot":7,"time":1791612168816,"caller":"/home/lakshy-sharma/Citadel/Workshop/vajra/workspace/src/internal/watcher/eventsink.go:198","message":"event sink: W^X memory mapping"}
{"level":"warn","pid":12254,"process":"Isolated Web Co","addr":4862717698048,"prot":7,"time":1791612168817,"caller":"/home/lakshy-sharma/Citadel/Workshop/vajra/workspace/src/internal/watcher/eventsink.go:198","message":"event sink: W^X memory mapping"}
{"level":"warn","pid":12254,"process":"Isolated Web Co","addr":4862717763584,"prot":7,"time":1791612168818,"caller":"/home/lakshy-sharma/Citadel/Workshop/vajra/workspace/src/internal/watcher/eventsink.go:198","message":"event sink: W^X memory mapping"}
{"level":"warn","pid":12254,"process":"Isolated Web Co","addr":4862717894656,"prot":7,"time":1791612168821,"caller":"/home/lakshy-sharma/Citadel/Workshop/vajra/workspace/src/internal/watcher/eventsink.go:198","message":"event sink: W^X memory mapping"}
{"level":"warn","pid":12254,"process":"Isolated Web Co","addr":4862717960192,"prot":7,"time":1791612168825,"caller":"/home/lakshy-sharma/Citadel/Workshop/vajra/workspace/src/internal/watcher/eventsink.go:198","message":"event sink: W^X memory mapping"}
{"level":"warn","pid":12254,"process":"Isolated Web Co","addr":4862718025728,"prot":7,"time":1791612168826,"caller":"/home/lakshy-sharma/Citadel/Workshop/vajra/workspace/src/internal/watcher/eventsink.go:198","message":"event sink: W^X memory mapping"}
{"level":"warn","pid":12254,"process":"Isolated Web Co","addr":4862718156800,"prot":7,"time":1791612168826,"caller":"/home/lakshy-sharma/Citadel/Workshop/vajra/workspace/src/internal/watcher/eventsink.go:198","message":"event sink: W^X memory mapping"}
{"level":"warn","pid":12254,"process":"Isolated Web Co","addr":4862718222336,"prot":7,"time":1791612168827,"caller":"/home/lakshy-sharma/Citadel/Workshop/vajra/workspace/src/internal/watcher/eventsink.go:198","message":"event sink: W^X memory mapping"}
{"level":"warn","pid":12254,"process":"Isolated Web Co","addr":4862718353408,"prot":7,"time":1791612168828,"caller":"/home/lakshy-sharma/Citadel/Workshop/vajra/workspace/src/internal/watcher/eventsink.go:198","message":"event sink: W^X memory mapping"}
{"level":"warn","pid":12254,"process":"Isolated Web Co","addr":4862718484480,"prot":7,"time":1791612168830,"caller":"/home/lakshy-sharma/Citadel/Workshop/vajra/workspace/src/internal/watcher/eventsink.go:198","message":"event sink: W^X memory mapping"}
{"level":"warn","pid":12254,"process":"Isolated Web Co","addr":4862718550016,"prot":7,"time":1791612168833,"caller":"/home/lakshy-sharma/Citadel/Workshop/vajra/workspace/src/internal/watcher/eventsink.go:198","message":"event sink: W^X memory mapping"}
{"level":"warn","pid":12254,"process":"Isolated Web Co","addr":4862718681088,"prot":7,"time":1791612168834,"caller":"/home/lakshy-sharma/Citadel/Workshop/vajra/workspace/src/internal/watcher/eventsink.go:198","message":"event sink: W^X memory mapping"}
{"level":"warn","pid":12254,"process":"Isolated Web Co","addr":4862718877696,"prot":7,"time":1791612168835,"caller":"/home/lakshy-sharma/Citadel/Workshop/vajra/workspace/src/internal/watcher/eventsink.go:198","message":"event sink: W^X memory mapping"}
{"level":"warn","pid":12254,"process":"Isolated Web Co","addr":4862719008768,"prot":7,"time":1791612168836,"caller":"/home/lakshy-sharma/Citadel/Workshop/vajra/workspace/src/internal/watcher/eventsink.go:198","message":"event sink: W^X memory mapping"}
{"level":"warn","pid":12254,"process":"Isolated Web Co","addr":4862719139840,"prot":7,"time":1791612168838,"caller":"/home/lakshy-sharma/Citadel/Workshop/vajra/workspace/src/internal/watcher/eventsink.go:198","message":"event sink: W^X memory mapping"}
{"level":"warn","pid":12254,"process":"Isolated Web Co","addr":4862719270912,"prot":7,"time":1791612168839,"caller":"/home/lakshy-sharma/Citadel/Workshop/vajra/workspace/src/internal/watcher/eventsink.go:198","message":"event sink: W^X memory mapping"}
{"level":"warn","pid":12254,"process":"Isolated Web Co","addr":4862719401984,"prot":7,"time":1791612168840,"caller":"/home/lakshy-sharma/Citadel/Workshop/vajra/workspace/src/internal/watcher/eventsink.go:198","message":"event sink: W^X memory mapping"}
{"level":"warn","pid":12254,"process":"Isolated Web Co","addr":4862719467520,"prot":7,"time":1791612168842,"caller":"/home/lakshy-sharma/Citadel/Workshop/vajra/workspace/src/internal/watcher/eventsink.go:198","message":"event sink: W^X memory mapping"}
{"level":"warn","pid":12254,"process":"Isolated Web Co","addr":4862719598592,"prot":7,"time":1791612168844,"caller":"/home/lakshy-sharma/Citadel/Workshop/vajra/workspace/src/internal/watcher/eventsink.go:198","message":"event sink: W^X memory mapping"}
{"level":"warn","pid":12254,"process":"Isolated Web Co","addr":4862719664128,"prot":7,"time":1791612168845,"caller":"/home/lakshy-sharma/Citadel/Workshop/vajra/workspace/src/internal/watcher/eventsink.go:198","message":"event sink: W^X memory mapping"}
{"level":"warn","pid":12254,"process":"Isolated Web Co","addr":4862719795200,"prot":7,"time":1791612168848,"caller":"/home/lakshy-sharma/Citadel/Workshop/vajra/workspace/src/internal/watcher/eventsink.go:198","message":"event sink: W^X memory mapping"}
{"level":"warn","pid":12254,"process":"Isolated Web Co","addr":4862719926272,"prot":7,"time":1791612168851,"caller":"/home/lakshy-sharma/Citadel/Workshop/vajra/workspace/src/internal/watcher/eventsink.go:198","message":"event sink: W^X memory mapping"}
{"level":"warn","pid":12254,"process":"Isolated Web Co","addr":4862720057344,"prot":7,"time":1791612168855,"caller":"/home/lakshy-sharma/Citadel/Workshop/vajra/workspace/src/internal/watcher/eventsink.go:198","message":"event sink: W^X memory mapping"}
{"level":"warn","pid":12254,"process":"Isolated Web Co","addr":4862720712704,"prot":7,"time":1791612168856,"caller":"/home/lakshy-sharma/Citadel/Workshop/vajra/workspace/src/internal/watcher/eventsink.go:198","message":"event sink: W^X memory mapping"}
{"level":"warn","pid":12254,"process":"Isolated Web Co","addr":4862720843776,"prot":7,"time":1791612168857,"caller":"/home/lakshy-sharma/Citadel/Workshop/vajra/workspace/src/internal/watcher/eventsink.go:198","message":"event sink: W^X memory mapping"}
{"level":"warn","pid":12254,"process":"Isolated Web Co","addr":4862720909312,"prot":7,"time":1791612168859,"caller":"/home/lakshy-sharma/Citadel/Workshop/vajra/workspace/src/internal/watcher/eventsink.go:198","message":"event sink: W^X memory mapping"}
{"level":"warn","pid":12254,"process":"Isolated Web Co","addr":4862721040384,"prot":7,"time":1791612168861,"caller":"/home/lakshy-sharma/Citadel/Workshop/vajra/workspace/src/internal/watcher/eventsink.go:198","message":"event sink: W^X memory mapping"}
{"level":"warn","pid":12254,"process":"Isolated Web Co","addr":4862721171456,"prot":7,"time":1791612168863,"caller":"/home/lakshy-sharma/Citadel/Workshop/vajra/workspace/src/internal/watcher/eventsink.go:198","message":"event sink: W^X memory mapping"}
{"level":"warn","pid":12254,"process":"Isolated Web Co","addr":4862721236992,"prot":7,"time":1791612168865,"caller":"/home/lakshy-sharma/Citadel/Workshop/vajra/workspace/src/internal/watcher/eventsink.go:198","message":"event sink: W^X memory mapping"}
{"level":"warn","pid":12254,"process":"Isolated Web Co","addr":4862721368064,"prot":7,"time":1791612168868,"caller":"/home/lakshy-sharma/Citadel/Workshop/vajra/workspace/src/internal/watcher/eventsink.go:198","message":"event sink: W^X memory mapping"}
{"level":"warn","pid":12254,"process":"Isolated Web Co","addr":4862721433600,"prot":7,"time":1791612168874,"caller":"/home/lakshy-sharma/Citadel/Workshop/vajra/workspace/src/internal/watcher/eventsink.go:198","message":"event sink: W^X memory mapping"}
{"level":"warn","pid":12254,"process":"Isolated Web Co","addr":4862721499136,"prot":7,"time":1791612168876,"caller":"/home/lakshy-sharma/Citadel/Workshop/vajra/workspace/src/internal/watcher/eventsink.go:198","message":"event sink: W^X memory mapping"}
{"level":"warn","pid":12254,"process":"Isolated Web Co","addr":4862721564672,"prot":7,"time":1791612168881,"caller":"/home/lakshy-sharma/Citadel/Workshop/vajra/workspace/src/internal/watcher/eventsink.go:198","message":"event sink: W^X memory mapping"}
{"level":"warn","pid":12254,"process":"Isolated Web Co","addr":4862721630208,"prot":7,"time":1791612168889,"caller":"/home/lakshy-sharma/Citadel/Workshop/vajra/workspace/src/internal/watcher/eventsink.go:198","message":"event sink: W^X memory mapping"}
{"level":"warn","pid":12254,"process":"Isolated Web Co","addr":4862721761280,"prot":7,"time":1791612168899,"caller":"/home/lakshy-sharma/Citadel/Workshop/vajra/workspace/src/internal/watcher/eventsink.go:198","message":"event sink: W^X memory mapping"}
{"level":"warn","pid":12254,"process":"Isolated Web Co","addr":4862721892352,"prot":7,"time":1791612168902,"caller":"/home/lakshy-sharma/Citadel/Workshop/vajra/workspace/src/internal/watcher/eventsink.go:198","message":"event sink: W^X memory mapping"}
{"level":"warn","pid":12254,"process":"Isolated Web Co","addr":4862721957888,"prot":7,"time":1791612168907,"caller":"/home/lakshy-sharma/Citadel/Workshop/vajra/workspace/src/internal/watcher/eventsink.go:198","message":"event sink: W^X memory mapping"}
{"level":"warn","pid":12254,"process":"Isolated Web Co","addr":4862722088960,"prot":7,"time":1791612168917,"caller":"/home/lakshy-sharma/Citadel/Workshop/vajra/workspace/src/internal/watcher/eventsink.go:198","message":"event sink: W^X memory mapping"}
{"level":"warn","pid":12254,"process":"Isolated Web Co","addr":4862722220032,"prot":7,"time":1791612168923,"caller":"/home/lakshy-sharma/Citadel/Workshop/vajra/workspace/src/internal/watcher/eventsink.go:198","message":"event sink: W^X memory mapping"}
{"level":"warn","pid":12254,"process":"Isolated Web Co","addr":4862722351104,"prot":7,"time":1791612169033,"caller":"/home/lakshy-sharma/Citadel/Workshop/vajra/workspace/src/internal/watcher/eventsink.go:198","message":"event sink: W^X memory mapping"}
{"level":"warn","pid":12240,"process":"Isolated Web Co","addr":2319476932608,"prot":7,"time":1791612169145,"caller":"/home/lakshy-sharma/Citadel/Workshop/vajra/workspace/src/internal/watcher/eventsink.go:198","message":"event sink: W^X memory mapping"}
{"level":"warn","pid":12254,"process":"Isolated Web Co","addr":4862722416640,"prot":7,"time":1791612169158,"caller":"/home/lakshy-sharma/Citadel/Workshop/vajra/workspace/src/internal/watcher/eventsink.go:198","message":"event sink: W^X memory mapping"}
{"level":"warn","pid":12254,"process":"Isolated Web Co","addr":4862722482176,"prot":7,"time":1791612169209,"caller":"/home/lakshy-sharma/Citadel/Workshop/vajra/workspace/src/internal/watcher/eventsink.go:198","message":"event sink: W^X memory mapping"}
{"level":"warn","pid":12254,"process":"Isolated Web Co","addr":4862722613248,"prot":7,"time":1791612169214,"caller":"/home/lakshy-sharma/Citadel/Workshop/vajra/workspace/src/internal/watcher/eventsink.go:198","message":"event sink: W^X memory mapping"}
{"level":"warn","pid":12254,"process":"Isolated Web Co","addr":4862722744320,"prot":7,"time":1791612169269,"caller":"/home/lakshy-sharma/Citadel/Workshop/vajra/workspace/src/internal/watcher/eventsink.go:198","message":"event sink: W^X memory mapping"}
{"level":"warn","pid":12254,"process":"DOM Worker","addr":4862722875392,"prot":7,"time":1791612169298,"caller":"/home/lakshy-sharma/Citadel/Workshop/vajra/workspace/src/internal/watcher/eventsink.go:198","message":"event sink: W^X memory mapping"}
{"level":"warn","pid":12254,"process":"DOM Worker","addr":4862723006464,"prot":7,"time":1791612169299,"caller":"/home/lakshy-sharma/Citadel/Workshop/vajra/workspace/src/internal/watcher/eventsink.go:198","message":"event sink: W^X memory mapping"}
{"level":"warn","pid":12254,"process":"DOM Worker","addr":4862723137536,"prot":7,"time":1791612169299,"caller":"/home/lakshy-sharma/Citadel/Workshop/vajra/workspace/src/internal/watcher/eventsink.go:198","message":"event sink: W^X memory mapping"}
{"level":"warn","pid":12254,"process":"Isolated Web Co","addr":4862723268608,"prot":7,"time":1791612169383,"caller":"/home/lakshy-sharma/Citadel/Workshop/vajra/workspace/src/internal/watcher/eventsink.go:198","message":"event sink: W^X memory mapping"}
{"level":"warn","pid":12254,"process":"Isolated Web Co","addr":4862723399680,"prot":7,"time":1791612169385,"caller":"/home/lakshy-sharma/Citadel/Workshop/vajra/workspace/src/internal/watcher/eventsink.go:198","message":"event sink: W^X memory mapping"}
{"level":"warn","pid":12254,"process":"Isolated Web Co","addr":4862723465216,"prot":7,"time":1791612169390,"caller":"/home/lakshy-sharma/Citadel/Workshop/vajra/workspace/src/internal/watcher/eventsink.go:198","message":"event sink: W^X memory mapping"}
{"level":"warn","pid":12254,"process":"Isolated Web Co","addr":4862723596288,"prot":7,"time":1791612169412,"caller":"/home/lakshy-sharma/Citadel/Workshop/vajra/workspace/src/internal/watcher/eventsink.go:198","message":"event sink: W^X memory mapping"}
{"level":"warn","pid":12254,"process":"Isolated Web Co","addr":4862723727360,"prot":7,"time":1791612169775,"caller":"/home/lakshy-sharma/Citadel/Workshop/vajra/workspace/src/internal/watcher/eventsink.go:198","message":"event sink: W^X memory mapping"}
{"level":"warn","pid":12254,"process":"Isolated Web Co","addr":4862723858432,"prot":7,"time":1791612172331,"caller":"/home/lakshy-sharma/Citadel/Workshop/vajra/workspace/src/internal/watcher/eventsink.go:198","message":"event sink: W^X memory mapping"}
{"level":"warn","pid":12254,"process":"Isolated Web Co","addr":4862717370368,"prot":7,"time":1791612175401,"caller":"/home/lakshy-sharma/Citadel/Workshop/vajra/workspace/src/internal/watcher/eventsink.go:198","message":"event sink: W^X memory mapping"}
{"level":"warn","pid":12254,"process":"Isolated Web Co","addr":4862717501440,"prot":7,"time":1791612175402,"caller":"/home/lakshy-sharma/Citadel/Workshop/vajra/workspace/src/internal/watcher/eventsink.go:198","message":"event sink: W^X memory mapping"}
{"level":"warn","pid":12254,"process":"Isolated Web Co","addr":4862722809856,"prot":7,"time":1791612175403,"caller":"/home/lakshy-sharma/Citadel/Workshop/vajra/workspace/src/internal/watcher/eventsink.go:198","message":"event sink: W^X memory mapping"}
{"level":"warn","pid":12254,"process":"Isolated Web Co","addr":4862723006464,"prot":7,"time":1791612175404,"caller":"/home/lakshy-sharma/Citadel/Workshop/vajra/workspace/src/internal/watcher/eventsink.go:198","message":"event sink: W^X memory mapping"}
{"level":"warn","pid":12254,"process":"Isolated Web Co","addr":4862723137536,"prot":7,"time":1791612175405,"caller":"/home/lakshy-sharma/Citadel/Workshop/vajra/workspace/src/internal/watcher/eventsink.go:198","message":"event sink: W^X memory mapping"}
{"level":"warn","pid":12254,"process":"Isolated Web Co","addr":4862723203072,"prot":7,"time":1791612176148,"caller":"/home/lakshy-sharma/Citadel/Workshop/vajra/workspace/src/internal/watcher/eventsink.go:198","message":"event sink: W^X memory mapping"}
{"level":"warn","pid":12254,"process":"Isolated Web Co","addr":4862723530752,"prot":7,"time":1791612176461,"caller":"/home/lakshy-sharma/Citadel/Workshop/vajra/workspace/src/internal/watcher/eventsink.go:198","message":"event sink: W^X memory mapping"}
{"level":"warn","pid":12254,"process":"Isolated Web Co","addr":4862723661824,"prot":7,"time":1791612176999,"caller":"/home/lakshy-sharma/Citadel/Workshop/vajra/workspace/src/internal/watcher/eventsink.go:198","message":"event sink: W^X memory mapping"}
{"level":"warn","pid":12254,"process":"Isolated Web Co","addr":4862723792896,"prot":7,"time":1791612177007,"caller":"/home/lakshy-sharma/Citadel/Workshop/vajra/workspace/src/internal/watcher/eventsink.go:198","message":"event sink: W^X memory mapping"}
{"level":"warn","pid":12254,"process":"Isolated Web Co","addr":4862723923968,"prot":7,"time":1791612178703,"caller":"/home/lakshy-sharma/Citadel/Workshop/vajra/workspace/src/internal/watcher/eventsink.go:198","message":"event sink: W^X memory mapping"}
{"level":"warn","pid":12254,"process":"Isolated Web Co","addr":4862724055040,"prot":7,"time":1791612179142,"caller":"/home/lakshy-sharma/Citadel/Workshop/vajra/workspace/src/internal/watcher/eventsink.go:198","message":"event sink: W^X memory mapping"}
{"level":"warn","pid":12254,"process":"Isolated Web Co","addr":4862724186112,"prot":7,"time":1791612179703,"caller":"/home/lakshy-sharma/Citadel/Workshop/vajra/workspace/src/internal/watcher/eventsink.go:198","message":"event sink: W^X memory mapping"}
{"level":"warn","pid":11604,"process":"Privileged Cont","addr":15675232665600,"prot":7,"time":1791612180002,"caller":"/home/lakshy-sharma/Citadel/Workshop/vajra/workspace/src/internal/watcher/eventsink.go:198","message":"event sink: W^X memory mapping"}
{"level":"warn","pid":11604,"process":"Privileged Cont","addr":15675232796672,"prot":7,"time":1791612180002,"caller":"/home/lakshy-sharma/Citadel/Workshop/vajra/workspace/src/internal/watcher/eventsink.go:198","message":"event sink: W^X memory mapping"}
{"level":"warn","pid":11604,"process":"Privileged Cont","addr":15675233058816,"prot":7,"time":1791612180003,"caller":"/home/lakshy-sharma/Citadel/Workshop/vajra/workspace/src/internal/watcher/eventsink.go:198","message":"event sink: W^X memory mapping"}
{"level":"warn","pid":11604,"process":"Privileged Cont","addr":15675233189888,"prot":7,"time":1791612180005,"caller":"/home/lakshy-sharma/Citadel/Workshop/vajra/workspace/src/internal/watcher/eventsink.go:198","message":"event sink: W^X memory mapping"}
{"level":"warn","pid":11604,"process":"Privileged Cont","addr":15675233255424,"prot":7,"time":1791612180006,"caller":"/home/lakshy-sharma/Citadel/Workshop/vajra/workspace/src/internal/watcher/eventsink.go:198","message":"event sink: W^X memory mapping"}
{"level":"warn","pid":11604,"process":"Privileged Cont","addr":15675233320960,"prot":7,"time":1791612180008,"caller":"/home/lakshy-sharma/Citadel/Workshop/vajra/workspace/src/internal/watcher/eventsink.go:198","message":"event sink: W^X memory mapping"}
{"level":"warn","pid":12254,"process":"Isolated Web Co","addr":4862724251648,"prot":7,"time":1791612180948,"caller":"/home/lakshy-sharma/Citadel/Workshop/vajra/workspace/src/internal/watcher/eventsink.go:198","message":"event sink: W^X memory mapping"}
{"level":"warn","pid":348562,"process":"runc:[1:CHILD]","event":"namespace_enter","time":1791612181204,"caller":"/home/lakshy-sharma/Citadel/Workshop/vajra/workspace/src/internal/watcher/eventsink.go:243","message":"event sink: high-severity security event"}
{"level":"warn","pid":348562,"process":"runc:[1:CHILD]","event":"namespace_enter","time":1791612181205,"caller":"/home/lakshy-sharma/Citadel/Workshop/vajra/workspace/src/internal/watcher/eventsink.go:243","message":"event sink: high-severity security event"}
{"level":"warn","pid":348562,"process":"runc:[1:CHILD]","event":"namespace_enter","time":1791612181205,"caller":"/home/lakshy-sharma/Citadel/Workshop/vajra/workspace/src/internal/watcher/eventsink.go:243","message":"event sink: high-severity security event"}
{"level":"warn","pid":348562,"process":"runc:[1:CHILD]","event":"namespace_enter","time":1791612181205,"caller":"/home/lakshy-sharma/Citadel/Workshop/vajra/workspace/src/internal/watcher/eventsink.go:243","message":"event sink: high-severity security event"}
{"level":"warn","pid":348562,"process":"runc:[1:CHILD]","event":"namespace_enter","time":1791612181206,"caller":"/home/lakshy-sharma/Citadel/Workshop/vajra/workspace/src/internal/watcher/eventsink.go:243","message":"event sink: high-severity security event"}
{"level":"warn","pid":348562,"process":"runc:[1:CHILD]","event":"namespace_enter","time":1791612181206,"caller":"/home/lakshy-sharma/Citadel/Workshop/vajra/workspace/src/internal/watcher/eventsink.go:243","message":"event sink: high-severity security event"}
{"level":"warn","pid":348562,"process":"runc:[1:CHILD]","event":"namespace_enter","time":1791612181206,"caller":"/home/lakshy-sharma/Citadel/Workshop/vajra/workspace/src/internal/watcher/eventsink.go:243","message":"event sink: high-severity security event"}
{"level":"warn","pid":348562,"process":"runc:[1:CHILD]","event":"namespace_create","time":1791612181207,"caller":"/home/lakshy-sharma/Citadel/Workshop/vajra/workspace/src/internal/watcher/eventsink.go:243","message":"event sink: high-severity security event"}
{"level":"warn","pid":348563,"process":"runc:[2:INIT]","event":"capset","time":1791612181207,"caller":"/home/lakshy-sharma/Citadel/Workshop/vajra/workspace/src/internal/watcher/eventsink.go:243","message":"event sink: high-severity security event"}
{"level":"warn","pid":348569,"process":"python","dst":"127.0.0.1","dst_port":8000,"time":1791612181239,"caller":"/home/lakshy-sharma/Citadel/Workshop/vajra/workspace/src/internal/watcher/eventsink.go:127","message":"event sink: high-value network connection"}
{"level":"warn","pid":12254,"process":"Isolated Web Co","addr":4862724317184,"prot":7,"time":1791612182202,"caller":"/home/lakshy-sharma/Citadel/Workshop/vajra/workspace/src/internal/watcher/eventsink.go:198","message":"event sink: W^X memory mapping"}
{"level":"warn","pid":12254,"process":"Isolated Web Co","addr":4862724382720,"prot":7,"time":1791612182521,"caller":"/home/lakshy-sharma/Citadel/Workshop/vajra/workspace/src/internal/watcher/eventsink.go:198","message":"event sink: W^X memory mapping"}
{"level":"warn","pid":12254,"process":"Isolated Web Co","addr":4862724448256,"prot":7,"time":1791612182798,"caller":"/home/lakshy-sharma/Citadel/Workshop/vajra/workspace/src/internal/watcher/eventsink.go:198","message":"event sink: W^X memory mapping"}
{"level":"warn","pid":12254,"process":"Isolated Web Co","addr":4862724710400,"prot":7,"time":1791612182799,"caller":"/home/lakshy-sharma/Citadel/Workshop/vajra/workspace/src/internal/watcher/eventsink.go:198","message":"event sink: W^X memory mapping"}
{"level":"warn","pid":12254,"process":"Isolated Web Co","addr":4862724775936,"prot":7,"time":1791612182800,"caller":"/home/lakshy-sharma/Citadel/Workshop/vajra/workspace/src/internal/watcher/eventsink.go:198","message":"event sink: W^X memory mapping"}
{"level":"warn","pid":12254,"process":"Isolated Web Co","addr":4862724907008,"prot":7,"time":1791612182895,"caller":"/home/lakshy-sharma/Citadel/Workshop/vajra/workspace/src/internal/watcher/eventsink.go:198","message":"event sink: W^X memory mapping"}
{"level":"warn","pid":12254,"process":"DOM Worker","addr":4862725038080,"prot":7,"time":1791612182937,"caller":"/home/lakshy-sharma/Citadel/Workshop/vajra/workspace/src/internal/watcher/eventsink.go:198","message":"event sink: W^X memory mapping"}
{"level":"warn","pid":12254,"process":"DOM Worker","addr":4862725169152,"prot":7,"time":1791612182938,"caller":"/home/lakshy-sharma/Citadel/Workshop/vajra/workspace/src/internal/watcher/eventsink.go:198","message":"event sink: W^X memory mapping"}
{"level":"warn","pid":12254,"process":"DOM Worker","addr":4862725234688,"prot":7,"time":1791612182939,"caller":"/home/lakshy-sharma/Citadel/Workshop/vajra/workspace/src/internal/watcher/eventsink.go:198","message":"event sink: W^X memory mapping"}
{"level":"warn","pid":12254,"process":"DOM Worker","addr":4862725300224,"prot":7,"time":1791612182940,"caller":"/home/lakshy-sharma/Citadel/Workshop/vajra/workspace/src/internal/watcher/eventsink.go:198","message":"event sink: W^X memory mapping"}
{"level":"warn","pid":12254,"process":"DOM Worker","addr":4862725365760,"prot":7,"time":1791612182941,"caller":"/home/lakshy-sharma/Citadel/Workshop/vajra/workspace/src/internal/watcher/eventsink.go:198","message":"event sink: W^X memory mapping"}
{"level":"warn","pid":12254,"process":"Isolated Web Co","addr":4862725496832,"prot":7,"time":1791612183247,"caller":"/home/lakshy-sharma/Citadel/Workshop/vajra/workspace/src/internal/watcher/eventsink.go:198","message":"event sink: W^X memory mapping"}
{"level":"warn","pid":12254,"process":"Isolated Web Co","addr":4862725627904,"prot":7,"time":1791612185201,"caller":"/home/lakshy-sharma/Citadel/Workshop/vajra/workspace/src/internal/watcher/eventsink.go:198","message":"event sink: W^X memory mapping"}
{"level":"warn","pid":12254,"process":"Isolated Web Co","addr":4862725693440,"prot":7,"time":1791612185231,"caller":"/home/lakshy-sharma/Citadel/Workshop/vajra/workspace/src/internal/watcher/eventsink.go:198","message":"event sink: W^X memory mapping"}
{"level":"warn","pid":12254,"process":"DOM Worker","addr":4862725038080,"prot":7,"time":1791612188624,"caller":"/home/lakshy-sharma/Citadel/Workshop/vajra/workspace/src/internal/watcher/eventsink.go:198","message":"event sink: W^X memory mapping"}
{"level":"warn","pid":12254,"process":"DOM Worker","addr":4862725169152,"prot":7,"time":1791612188625,"caller":"/home/lakshy-sharma/Citadel/Workshop/vajra/workspace/src/internal/watcher/eventsink.go:198","message":"event sink: W^X memory mapping"}
{"level":"warn","pid":12254,"process":"DOM Worker","addr":4862725300224,"prot":7,"time":1791612188626,"caller":"/home/lakshy-sharma/Citadel/Workshop/vajra/workspace/src/internal/watcher/eventsink.go:198","message":"event sink: W^X memory mapping"}
{"level":"warn","pid":12240,"process":"Isolated Web Co","addr":2319470641152,"prot":7,"time":1791612191492,"caller":"/home/lakshy-sharma/Citadel/Workshop/vajra/workspace/src/internal/watcher/eventsink.go:198","message":"event sink: W^X memory mapping"}
{"level":"warn","pid":12240,"process":"Isolated Web Co","addr":2319470706688,"prot":7,"time":1791612191493,"caller":"/home/lakshy-sharma/Citadel/Workshop/vajra/workspace/src/internal/watcher/eventsink.go:198","message":"event sink: W^X memory mapping"}
{"level":"warn","pid":12240,"process":"Isolated Web Co","addr":2319470772224,"prot":7,"time":1791612192497,"caller":"/home/lakshy-sharma/Citadel/Workshop/vajra/workspace/src/internal/watcher/eventsink.go:198","message":"event sink: W^X memory mapping"}
{"level":"warn","pid":12240,"process":"Isolated Web Co","addr":2319470837760,"prot":7,"time":1791612192498,"caller":"/home/lakshy-sharma/Citadel/Workshop/vajra/workspace/src/internal/watcher/eventsink.go:198","message":"event sink: W^X memory mapping"}
{"level":"warn","pid":12240,"process":"Isolated Web Co","addr":2319470968832,"prot":7,"time":1791612192499,"caller":"/home/lakshy-sharma/Citadel/Workshop/vajra/workspace/src/internal/watcher/eventsink.go:198","message":"event sink: W^X memory mapping"}
{"level":"warn","pid":12240,"process":"Isolated Web Co","addr":2319471099904,"prot":7,"time":1791612193511,"caller":"/home/lakshy-sharma/Citadel/Workshop/vajra/workspace/src/internal/watcher/eventsink.go:198","message":"event sink: W^X memory mapping"}
{"level":"warn","pid":12254,"process":"Isolated Web Co","addr":4862725038080,"prot":7,"time":1791612194065,"caller":"/home/lakshy-sharma/Citadel/Workshop/vajra/workspace/src/internal/watcher/eventsink.go:198","message":"event sink: W^X memory mapping"}
{"level":"warn","pid":11309,"process":"Socket Thread","dst":"127.0.0.1","dst_port":0,"time":1791612194323,"caller":"/home/lakshy-sharma/Citadel/Workshop/vajra/workspace/src/internal/watcher/eventsink.go:127","message":"event sink: high-value network connection"}
{"level":"warn","pid":11309,"process":"Socket Thread","dst":"7f00:1::","dst_port":0,"time":1791612194323,"caller":"/home/lakshy-sharma/Citadel/Workshop/vajra/workspace/src/internal/watcher/eventsink.go:127","message":"event sink: high-value network connection"}
{"level":"warn","pid":11309,"process":"Socket Thread","dst":"7f00:1::","dst_port":0,"time":1791612194323,"caller":"/home/lakshy-sharma/Citadel/Workshop/vajra/workspace/src/internal/watcher/eventsink.go:127","message":"event sink: high-value network connection"}
{"level":"warn","pid":11309,"process":"DNS Res~r #3192","dst":"127.0.0.53","dst_port":53,"time":1791612194323,"caller":"/home/lakshy-sharma/Citadel/Workshop/vajra/workspace/src/internal/watcher/eventsink.go:127","message":"event sink: high-value network connection"}
{"level":"warn","pid":11309,"process":"Socket Thread","dst":"127.0.0.1","dst_port":0,"time":1791612194323,"caller":"/home/lakshy-sharma/Citadel/Workshop/vajra/workspace/src/internal/watcher/eventsink.go:127","message":"event sink: high-value network connection"}
{"level":"warn","pid":528,"process":"systemd-resolve","dst":"192.168.0.1","dst_port":53,"time":1791612194324,"caller":"/home/lakshy-sharma/Citadel/Workshop/vajra/workspace/src/internal/watcher/eventsink.go:127","message":"event sink: high-value network connection"}
{"level":"warn","pid":11309,"process":"DNS Res~r #3192","dst":"160.79.104.10","dst_port":0,"time":1791612194348,"caller":"/home/lakshy-sharma/Citadel/Workshop/vajra/workspace/src/internal/watcher/eventsink.go:127","message":"event sink: high-value network connection"}
{"level":"warn","pid":11309,"process":"DNS Res~r #3192","dst":"2607:6bc0::10","dst_port":0,"time":1791612194348,"caller":"/home/lakshy-sharma/Citadel/Workshop/vajra/workspace/src/internal/watcher/eventsink.go:127","message":"event sink: high-value network connection"}
{"level":"warn","pid":12254,"process":"DOM Worker","addr":4862725103616,"prot":7,"time":1791612194423,"caller":"/home/lakshy-sharma/Citadel/Workshop/vajra/workspace/src/internal/watcher/eventsink.go:198","message":"event sink: W^X memory mapping"}
{"level":"warn","pid":12254,"process":"DOM Worker","addr":4862725169152,"prot":7,"time":1791612194424,"caller":"/home/lakshy-sharma/Citadel/Workshop/vajra/workspace/src/internal/watcher/eventsink.go:198","message":"event sink: W^X memory mapping"}
{"level":"warn","pid":12254,"process":"DOM Worker","addr":4862725300224,"prot":7,"time":1791612194425,"caller":"/home/lakshy-sharma/Citadel/Workshop/vajra/workspace/src/internal/watcher/eventsink.go:198","message":"event sink: W^X memory mapping"}
{"level":"warn","pid":12254,"process":"DOM Worker","addr":4862725431296,"prot":7,"time":1791612194426,"caller":"/home/lakshy-sharma/Citadel/Workshop/vajra/workspace/src/internal/watcher/eventsink.go:198","message":"event sink: W^X memory mapping"}
{"level":"warn","pid":12254,"process":"DOM Worker","addr":4862725562368,"prot":7,"time":1791612194426,"caller":"/home/lakshy-sharma/Citadel/Workshop/vajra/workspace/src/internal/watcher/eventsink.go:198","message":"event sink: W^X memory mapping"}
{"level":"warn","pid":12254,"process":"DOM Worker","addr":4862725758976,"prot":7,"time":1791612194427,"caller":"/home/lakshy-sharma/Citadel/Workshop/vajra/workspace/src/internal/watcher/eventsink.go:198","message":"event sink: W^X memory mapping"}
{"level":"warn","pid":12240,"process":"Isolated Web Co","addr":2319471165440,"prot":7,"time":1791612194508,"caller":"/home/lakshy-sharma/Citadel/Workshop/vajra/workspace/src/internal/watcher/eventsink.go:198","message":"event sink: W^X memory mapping"}
{"level":"warn","pid":12240,"process":"Isolated Web Co","addr":2319471427584,"prot":7,"time":1791612194509,"caller":"/home/lakshy-sharma/Citadel/Workshop/vajra/workspace/src/internal/watcher/eventsink.go:198","message":"event sink: W^X memory mapping"}
{"level":"warn","pid":12240,"process":"Isolated Web Co","addr":2319471493120,"prot":7,"time":1791612194520,"caller":"/home/lakshy-sharma/Citadel/Workshop/vajra/workspace/src/internal/watcher/eventsink.go:198","message":"event sink: W^X memory mapping"}
{"level":"warn","pid":12240,"process":"Isolated Web Co","addr":2319471624192,"prot":7,"time":1791612194530,"caller":"/home/lakshy-sharma/Citadel/Workshop/vajra/workspace/src/internal/watcher/eventsink.go:198","message":"event sink: W^X memory mapping"}
{"level":"warn","pid":12254,"process":"Isolated Web Co","addr":4862725824512,"prot":7,"time":1791612195069,"caller":"/home/lakshy-sharma/Citadel/Workshop/vajra/workspace/src/internal/watcher/eventsink.go:198","message":"event sink: W^X memory mapping"}
{"level":"warn","pid":12240,"process":"Isolated Web Co","addr":2319470641152,"prot":7,"time":1791612195533,"caller":"/home/lakshy-sharma/Citadel/Workshop/vajra/workspace/src/internal/watcher/eventsink.go:198","message":"event sink: W^X memory mapping"}
{"level":"warn","pid":12240,"process":"Isolated Web Co","addr":2319470706688,"prot":7,"time":1791612195535,"caller":"/home/lakshy-sharma/Citadel/Workshop/vajra/workspace/src/internal/watcher/eventsink.go:198","message":"event sink: W^X memory mapping"}
{"level":"warn","pid":12240,"process":"Isolated Web Co","addr":2319470772224,"prot":7,"time":1791612195536,"caller":"/home/lakshy-sharma/Citadel/Workshop/vajra/workspace/src/internal/watcher/eventsink.go:198","message":"event sink: W^X memory mapping"}
{"level":"warn","pid":12240,"process":"Isolated Web Co","addr":2319470903296,"prot":7,"time":1791612196540,"caller":"/home/lakshy-sharma/Citadel/Workshop/vajra/workspace/src/internal/watcher/eventsink.go:198","message":"event sink: W^X memory mapping"}
{"level":"warn","pid":12254,"process":"Isolated Web Co","addr":4862725890048,"prot":7,"time":1791612197220,"caller":"/home/lakshy-sharma/Citadel/Workshop/vajra/workspace/src/internal/watcher/eventsink.go:198","message":"event sink: W^X memory mapping"}
{"level":"warn","pid":12240,"process":"Isolated Web Co","addr":2319471034368,"prot":7,"time":1791612197544,"caller":"/home/lakshy-sharma/Citadel/Workshop/vajra/workspace/src/internal/watcher/eventsink.go:198","message":"event sink: W^X memory mapping"}
{"level":"warn","pid":12240,"process":"Isolated Web Co","addr":2319471099904,"prot":7,"time":1791612197545,"caller":"/home/lakshy-sharma/Citadel/Workshop/vajra/workspace/src/internal/watcher/eventsink.go:198","message":"event sink: W^X memory mapping"}
{"level":"warn","pid":12240,"process":"Isolated Web Co","addr":2319471230976,"prot":7,"time":1791612198547,"caller":"/home/lakshy-sharma/Citadel/Workshop/vajra/workspace/src/internal/watcher/eventsink.go:198","message":"event sink: W^X memory mapping"}
{"level":"warn","pid":12240,"process":"Isolated Web Co","addr":2319471362048,"prot":7,"time":1791612199552,"caller":"/home/lakshy-sharma/Citadel/Workshop/vajra/workspace/src/internal/watcher/eventsink.go:198","message":"event sink: W^X memory mapping"}
{"level":"warn","pid":12240,"process":"Isolated Web Co","addr":2319471558656,"prot":7,"time":1791612199553,"caller":"/home/lakshy-sharma/Citadel/Workshop/vajra/workspace/src/internal/watcher/eventsink.go:198","message":"event sink: W^X memory mapping"}
{"level":"warn","pid":12240,"process":"Isolated Web Co","addr":2319471689728,"prot":7,"time":1791612199554,"caller":"/home/lakshy-sharma/Citadel/Workshop/vajra/workspace/src/internal/watcher/eventsink.go:198","message":"event sink: W^X memory mapping"}
{"level":"warn","pid":12254,"process":"DOM Worker","addr":4862725103616,"prot":7,"time":1791612200539,"caller":"/home/lakshy-sharma/Citadel/Workshop/vajra/workspace/src/internal/watcher/eventsink.go:198","message":"event sink: W^X memory mapping"}
{"level":"warn","pid":12254,"process":"DOM Worker","addr":4862725234688,"prot":7,"time":1791612200540,"caller":"/home/lakshy-sharma/Citadel/Workshop/vajra/workspace/src/internal/watcher/eventsink.go:198","message":"event sink: W^X memory mapping"}
{"level":"warn","pid":12254,"process":"DOM Worker","addr":4862725365760,"prot":7,"time":1791612200541,"caller":"/home/lakshy-sharma/Citadel/Workshop/vajra/workspace/src/internal/watcher/eventsink.go:198","message":"event sink: W^X memory mapping"}
{"level":"warn","pid":12240,"process":"Isolated Web Co","addr":2319471755264,"prot":7,"time":1791612201593,"caller":"/home/lakshy-sharma/Citadel/Workshop/vajra/workspace/src/internal/watcher/eventsink.go:198","message":"event sink: W^X memory mapping"}
{"level":"warn","pid":12240,"process":"Isolated Web Co","addr":2319471886336,"prot":7,"time":1791612201595,"caller":"/home/lakshy-sharma/Citadel/Workshop/vajra/workspace/src/internal/watcher/eventsink.go:198","message":"event sink: W^X memory mapping"}
{"level":"warn","pid":12240,"process":"Isolated Web Co","addr":2319471820800,"prot":7,"time":1791612201605,"caller":"/home/lakshy-sharma/Citadel/Workshop/vajra/workspace/src/internal/watcher/eventsink.go:198","message":"event sink: W^X memory mapping"}
{"level":"warn","pid":12240,"process":"Isolated Web Co","addr":2319472148480,"prot":7,"time":1791612201612,"caller":"/home/lakshy-sharma/Citadel/Workshop/vajra/workspace/src/internal/watcher/eventsink.go:198","message":"event sink: W^X memory mapping"}
{"level":"warn","pid":12240,"process":"Isolated Web Co","addr":2319472214016,"prot":7,"time":1791612203679,"caller":"/home/lakshy-sharma/Citadel/Workshop/vajra/workspace/src/internal/watcher/eventsink.go:198","message":"event sink: W^X memory mapping"}
{"level":"warn","pid":12254,"process":"Isolated Web Co","addr":4862725169152,"prot":7,"time":1791612205891,"caller":"/home/lakshy-sharma/Citadel/Workshop/vajra/workspace/src/internal/watcher/eventsink.go:198","message":"event sink: W^X memory mapping"}
{"level":"warn","pid":12254,"process":"DOM Worker","addr":4862725234688,"prot":7,"time":1791612206665,"caller":"/home/lakshy-sharma/Citadel/Workshop/vajra/workspace/src/internal/watcher/eventsink.go:198","message":"event sink: W^X memory mapping"}
{"level":"warn","pid":12254,"process":"DOM Worker","addr":4862725300224,"prot":7,"time":1791612206666,"caller":"/home/lakshy-sharma/Citadel/Workshop/vajra/workspace/src/internal/watcher/eventsink.go:198","message":"event sink: W^X memory mapping"}
{"level":"warn","pid":12254,"process":"DOM Worker","addr":4862725431296,"prot":7,"time":1791612206667,"caller":"/home/lakshy-sharma/Citadel/Workshop/vajra/workspace/src/internal/watcher/eventsink.go:198","message":"event sink: W^X memory mapping"}
{"level":"warn","pid":12240,"process":"Isolated Web Co","addr":2319472279552,"prot":7,"time":1791612206786,"caller":"/home/lakshy-sharma/Citadel/Workshop/vajra/workspace/src/internal/watcher/eventsink.go:198","message":"event sink: W^X memory mapping"}
{"level":"warn","pid":12254,"process":"Isolated Web Co","addr":4862725562368,"prot":7,"time":1791612208203,"caller":"/home/lakshy-sharma/Citadel/Workshop/vajra/workspace/src/internal/watcher/eventsink.go:198","message":"event sink: W^X memory mapping"}
{"level":"warn","pid":348896,"process":"runc:[1:CHILD]","event":"namespace_enter","time":1791612211264,"caller":"/home/lakshy-sharma/Citadel/Workshop/vajra/workspace/src/internal/watcher/eventsink.go:243","message":"event sink: high-severity security event"}
{"level":"warn","pid":348896,"process":"runc:[1:CHILD]","event":"namespace_enter","time":1791612211264,"caller":"/home/lakshy-sharma/Citadel/Workshop/vajra/workspace/src/internal/watcher/eventsink.go:243","message":"event sink: high-severity security event"}
{"level":"warn","pid":348896,"process":"runc:[1:CHILD]","event":"namespace_enter","time":1791612211264,"caller":"/home/lakshy-sharma/Citadel/Workshop/vajra/workspace/src/internal/watcher/eventsink.go:243","message":"event sink: high-severity security event"}
{"level":"warn","pid":348896,"process":"runc:[1:CHILD]","event":"namespace_enter","time":1791612211265,"caller":"/home/lakshy-sharma/Citadel/Workshop/vajra/workspace/src/internal/watcher/eventsink.go:243","message":"event sink: high-severity security event"}
{"level":"warn","pid":348896,"process":"runc:[1:CHILD]","event":"namespace_enter","time":1791612211265,"caller":"/home/lakshy-sharma/Citadel/Workshop/vajra/workspace/src/internal/watcher/eventsink.go:243","message":"event sink: high-severity security event"}
{"level":"warn","pid":348896,"process":"runc:[1:CHILD]","event":"namespace_enter","time":1791612211265,"caller":"/home/lakshy-sharma/Citadel/Workshop/vajra/workspace/src/internal/watcher/eventsink.go:243","message":"event sink: high-severity security event"}
{"level":"warn","pid":348896,"process":"runc:[1:CHILD]","event":"namespace_enter","time":1791612211265,"caller":"/home/lakshy-sharma/Citadel/Workshop/vajra/workspace/src/internal/watcher/eventsink.go:243","message":"event sink: high-severity security event"}
{"level":"warn","pid":348896,"process":"runc:[1:CHILD]","event":"namespace_create","time":1791612211265,"caller":"/home/lakshy-sharma/Citadel/Workshop/vajra/workspace/src/internal/watcher/eventsink.go:243","message":"event sink: high-severity security event"}
{"level":"warn","pid":348897,"process":"runc:[2:INIT]","event":"capset","time":1791612211282,"caller":"/home/lakshy-sharma/Citadel/Workshop/vajra/workspace/src/internal/watcher/eventsink.go:243","message":"event sink: high-severity security event"}
{"level":"warn","pid":348903,"process":"python","dst":"127.0.0.1","dst_port":8000,"time":1791612211334,"caller":"/home/lakshy-sharma/Citadel/Workshop/vajra/workspace/src/internal/watcher/eventsink.go:127","message":"event sink: high-value network connection"}
{"level":"warn","pid":12240,"process":"Isolated Web Co","addr":2319472345088,"prot":7,"time":1791612213911,"caller":"/home/lakshy-sharma/Citadel/Workshop/vajra/workspace/src/internal/watcher/eventsink.go:198","message":"event sink: W^X memory mapping"}
{"level":"warn","pid":6345,"process":"chronyd","dst":"185.125.190.123","dst_port":123,"time":1791612215049,"caller":"/home/lakshy-sharma/Citadel/Workshop/vajra/workspace/src/internal/watcher/eventsink.go:127","message":"event sink: high-value network connection"}
{"level":"warn","pid":12254,"process":"Isolated Web Co","addr":4862725300224,"prot":7,"time":1791612216029,"caller":"/home/lakshy-sharma/Citadel/Workshop/vajra/workspace/src/internal/watcher/eventsink.go:198","message":"event sink: W^X memory mapping"}
{"level":"warn","pid":12254,"process":"DOM Worker","addr":4862725365760,"prot":7,"time":1791612217295,"caller":"/home/lakshy-sharma/Citadel/Workshop/vajra/workspace/src/internal/watcher/eventsink.go:198","message":"event sink: W^X memory mapping"}
{"level":"warn","pid":12254,"process":"DOM Worker","addr":4862725431296,"prot":7,"time":1791612217296,"caller":"/home/lakshy-sharma/Citadel/Workshop/vajra/workspace/src/internal/watcher/eventsink.go:198","message":"event sink: W^X memory mapping"}
{"level":"warn","pid":12254,"process":"DOM Worker","addr":4862725758976,"prot":7,"time":1791612217297,"caller":"/home/lakshy-sharma/Citadel/Workshop/vajra/workspace/src/internal/watcher/eventsink.go:198","message":"event sink: W^X memory mapping"}
{"level":"warn","pid":12254,"process":"Isolated Web Co","addr":4862725955584,"prot":7,"time":1791612218864,"caller":"/home/lakshy-sharma/Citadel/Workshop/vajra/workspace/src/internal/watcher/eventsink.go:198","message":"event sink: W^X memory mapping"}
{"level":"warn","pid":12254,"process":"Isolated Web Co","addr":4862716256256,"prot":7,"time":1791612222374,"caller":"/home/lakshy-sharma/Citadel/Workshop/vajra/workspace/src/internal/watcher/eventsink.go:198","message":"event sink: W^X memory mapping"}
{"level":"warn","pid":12254,"process":"Isolated Web Co","addr":4862716387328,"prot":7,"time":1791612222375,"caller":"/home/lakshy-sharma/Citadel/Workshop/vajra/workspace/src/internal/watcher/eventsink.go:198","message":"event sink: W^X memory mapping"}
{"level":"warn","pid":12254,"process":"Isolated Web Co","addr":4862716518400,"prot":7,"time":1791612222376,"caller":"/home/lakshy-sharma/Citadel/Workshop/vajra/workspace/src/internal/watcher/eventsink.go:198","message":"event sink: W^X memory mapping"}
{"level":"warn","pid":12254,"process":"Isolated Web Co","addr":4862716649472,"prot":7,"time":1791612222377,"caller":"/home/lakshy-sharma/Citadel/Workshop/vajra/workspace/src/internal/watcher/eventsink.go:198","message":"event sink: W^X memory mapping"}
{"level":"warn","pid":12254,"process":"Isolated Web Co","addr":4862716715008,"prot":7,"time":1791612222378,"caller":"/home/lakshy-sharma/Citadel/Workshop/vajra/workspace/src/internal/watcher/eventsink.go:198","message":"event sink: W^X memory mapping"}
{"level":"warn","pid":12254,"process":"Isolated Web Co","addr":4862716846080,"prot":7,"time":1791612222379,"caller":"/home/lakshy-sharma/Citadel/Workshop/vajra/workspace/src/internal/watcher/eventsink.go:198","message":"event sink: W^X memory mapping"}
{"level":"warn","pid":12254,"process":"Isolated Web Co","addr":4862716911616,"prot":7,"time":1791612222382,"caller":"/home/lakshy-sharma/Citadel/Workshop/vajra/workspace/src/internal/watcher/eventsink.go:198","message":"event sink: W^X memory mapping"}
{"level":"warn","pid":12254,"process":"Isolated Web Co","addr":4862716977152,"prot":7,"time":1791612222383,"caller":"/home/lakshy-sharma/Citadel/Workshop/vajra/workspace/src/internal/watcher/eventsink.go:198","message":"event sink: W^X memory mapping"}
{"level":"warn","pid":12254,"process":"Isolated Web Co","addr":4862717042688,"prot":7,"time":1791612222392,"caller":"/home/lakshy-sharma/Citadel/Workshop/vajra/workspace/src/internal/watcher/eventsink.go:198","message":"event sink: W^X memory mapping"}
{"level":"warn","pid":12254,"process":"Isolated Web Co","addr":4862717108224,"prot":7,"time":1791612222632,"caller":"/home/lakshy-sharma/Citadel/Workshop/vajra/workspace/src/internal/watcher/eventsink.go:198","message":"event sink: W^X memory mapping"}
{"level":"warn","pid":12254,"process":"Isolated Web Co","addr":4862717239296,"prot":7,"time":1791612225386,"caller":"/home/lakshy-sharma/Citadel/Workshop/vajra/workspace/src/internal/watcher/eventsink.go:198","message":"event sink: W^X memory mapping"}
{"level":"warn","pid":12254,"process":"Isolated Web Co","addr":4862717370368,"prot":7,"time":1791612225389,"caller":"/home/lakshy-sharma/Citadel/Workshop/vajra/workspace/src/internal/watcher/eventsink.go:198","message":"event sink: W^X memory mapping"}
{"level":"warn","pid":12254,"process":"Isolated Web Co","addr":4862717435904,"prot":7,"time":1791612225390,"caller":"/home/lakshy-sharma/Citadel/Workshop/vajra/workspace/src/internal/watcher/eventsink.go:198","message":"event sink: W^X memory mapping"}
{"level":"warn","pid":12254,"process":"Isolated Web Co","addr":4862717566976,"prot":7,"time":1791612225392,"caller":"/home/lakshy-sharma/Citadel/Workshop/vajra/workspace/src/internal/watcher/eventsink.go:198","message":"event sink: W^X memory mapping"}
{"level":"warn","pid":12254,"process":"Isolated Web Co","addr":4862717632512,"prot":7,"time":1791612225394,"caller":"/home/lakshy-sharma/Citadel/Workshop/vajra/workspace/src/internal/watcher/eventsink.go:198","message":"event sink: W^X memory mapping"}
{"level":"warn","pid":12254,"process":"Isolated Web Co","addr":4862717698048,"prot":7,"time":1791612225395,"caller":"/home/lakshy-sharma/Citadel/Workshop/vajra/workspace/src/internal/watcher/eventsink.go:198","message":"event sink: W^X memory mapping"}
{"level":"warn","pid":12254,"process":"Isolated Web Co","addr":4862717829120,"prot":7,"time":1791612225396,"caller":"/home/lakshy-sharma/Citadel/Workshop/vajra/workspace/src/internal/watcher/eventsink.go:198","message":"event sink: W^X memory mapping"}
{"level":"warn","pid":12254,"process":"Isolated Web Co","addr":4862717894656,"prot":7,"time":1791612225397,"caller":"/home/lakshy-sharma/Citadel/Workshop/vajra/workspace/src/internal/watcher/eventsink.go:198","message":"event sink: W^X memory mapping"}
{"level":"warn","pid":12254,"process":"Isolated Web Co","addr":4862718025728,"prot":7,"time":1791612225400,"caller":"/home/lakshy-sharma/Citadel/Workshop/vajra/workspace/src/internal/watcher/eventsink.go:198","message":"event sink: W^X memory mapping"}
{"level":"warn","pid":12254,"process":"Isolated Web Co","addr":4862718156800,"prot":7,"time":1791612225400,"caller":"/home/lakshy-sharma/Citadel/Workshop/vajra/workspace/src/internal/watcher/eventsink.go:198","message":"event sink: W^X memory mapping"}
{"level":"warn","pid":12254,"process":"Isolated Web Co","addr":4862718222336,"prot":7,"time":1791612225401,"caller":"/home/lakshy-sharma/Citadel/Workshop/vajra/workspace/src/internal/watcher/eventsink.go:198","message":"event sink: W^X memory mapping"}
{"level":"warn","pid":12254,"process":"Isolated Web Co","addr":4862718353408,"prot":7,"time":1791612225403,"caller":"/home/lakshy-sharma/Citadel/Workshop/vajra/workspace/src/internal/watcher/eventsink.go:198","message":"event sink: W^X memory mapping"}
{"level":"warn","pid":12254,"process":"Isolated Web Co","addr":4862718484480,"prot":7,"time":1791612225404,"caller":"/home/lakshy-sharma/Citadel/Workshop/vajra/workspace/src/internal/watcher/eventsink.go:198","message":"event sink: W^X memory mapping"}
{"level":"warn","pid":12254,"process":"Isolated Web Co","addr":4862718550016,"prot":7,"time":1791612225404,"caller":"/home/lakshy-sharma/Citadel/Workshop/vajra/workspace/src/internal/watcher/eventsink.go:198","message":"event sink: W^X memory mapping"}
{"level":"warn","pid":12254,"process":"Isolated Web Co","addr":4862718615552,"prot":7,"time":1791612225405,"caller":"/home/lakshy-sharma/Citadel/Workshop/vajra/workspace/src/internal/watcher/eventsink.go:198","message":"event sink: W^X memory mapping"}
{"level":"warn","pid":12254,"process":"Isolated Web Co","addr":4862718681088,"prot":7,"time":1791612225407,"caller":"/home/lakshy-sharma/Citadel/Workshop/vajra/workspace/src/internal/watcher/eventsink.go:198","message":"event sink: W^X memory mapping"}
{"level":"warn","pid":12254,"process":"Isolated Web Co","addr":4862718746624,"prot":7,"time":1791612225408,"caller":"/home/lakshy-sharma/Citadel/Workshop/vajra/workspace/src/internal/watcher/eventsink.go:198","message":"event sink: W^X memory mapping"}
{"level":"warn","pid":12254,"process":"Isolated Web Co","addr":4862718877696,"prot":7,"time":1791612225409,"caller":"/home/lakshy-sharma/Citadel/Workshop/vajra/workspace/src/internal/watcher/eventsink.go:198","message":"event sink: W^X memory mapping"}
{"level":"warn","pid":12254,"process":"Isolated Web Co","addr":4862718943232,"prot":7,"time":1791612225411,"caller":"/home/lakshy-sharma/Citadel/Workshop/vajra/workspace/src/internal/watcher/eventsink.go:198","message":"event sink: W^X memory mapping"}
{"level":"warn","pid":12254,"process":"Isolated Web Co","addr":4862719008768,"prot":7,"time":1791612225415,"caller":"/home/lakshy-sharma/Citadel/Workshop/vajra/workspace/src/internal/watcher/eventsink.go:198","message":"event sink: W^X memory mapping"}
{"level":"warn","pid":12254,"process":"Isolated Web Co","addr":4862719664128,"prot":7,"time":1791612225416,"caller":"/home/lakshy-sharma/Citadel/Workshop/vajra/workspace/src/internal/watcher/eventsink.go:198","message":"event sink: W^X memory mapping"}
{"level":"warn","pid":12254,"process":"Isolated Web Co","addr":4862719729664,"prot":7,"time":1791612225417,"caller":"/home/lakshy-sharma/Citadel/Workshop/vajra/workspace/src/internal/watcher/eventsink.go:198","message":"event sink: W^X memory mapping"}
{"level":"warn","pid":12254,"process":"Isolated Web Co","addr":4862719795200,"prot":7,"time":1791612225418,"caller":"/home/lakshy-sharma/Citadel/Workshop/vajra/workspace/src/internal/watcher/eventsink.go:198","message":"event sink: W^X memory mapping"}
{"level":"warn","pid":12254,"process":"Isolated Web Co","addr":4862719860736,"prot":7,"time":1791612225420,"caller":"/home/lakshy-sharma/Citadel/Workshop/vajra/workspace/src/internal/watcher/eventsink.go:198","message":"event sink: W^X memory mapping"}
{"level":"warn","pid":12254,"process":"Isolated Web Co","addr":4862719991808,"prot":7,"time":1791612225422,"caller":"/home/lakshy-sharma/Citadel/Workshop/vajra/workspace/src/internal/watcher/eventsink.go:198","message":"event sink: W^X memory mapping"}
{"level":"warn","pid":12254,"process":"Isolated Web Co","addr":4862720057344,"prot":7,"time":1791612225424,"caller":"/home/lakshy-sharma/Citadel/Workshop/vajra/workspace/src/internal/watcher/eventsink.go:198","message":"event sink: W^X memory mapping"}
{"level":"warn","pid":12254,"process":"Isolated Web Co","addr":4862720188416,"prot":7,"time":1791612225424,"caller":"/home/lakshy-sharma/Citadel/Workshop/vajra/workspace/src/internal/watcher/eventsink.go:198","message":"event sink: W^X memory mapping"}
{"level":"warn","pid":12254,"process":"Isolated Web Co","addr":4862720319488,"prot":7,"time":1791612225427,"caller":"/home/lakshy-sharma/Citadel/Workshop/vajra/workspace/src/internal/watcher/eventsink.go:198","message":"event sink: W^X memory mapping"}
{"level":"warn","pid":12254,"process":"Isolated Web Co","addr":4862720450560,"prot":7,"time":1791612225429,"caller":"/home/lakshy-sharma/Citadel/Workshop/vajra/workspace/src/internal/watcher/eventsink.go:198","message":"event sink: W^X memory mapping"}
{"level":"warn","pid":12254,"process":"Isolated Web Co","addr":4862720581632,"prot":7,"time":1791612225437,"caller":"/home/lakshy-sharma/Citadel/Workshop/vajra/workspace/src/internal/watcher/eventsink.go:198","message":"event sink: W^X memory mapping"}
{"level":"warn","pid":12254,"process":"Isolated Web Co","addr":4862720647168,"prot":7,"time":1791612225443,"caller":"/home/lakshy-sharma/Citadel/Workshop/vajra/workspace/src/internal/watcher/eventsink.go:198","message":"event sink: W^X memory mapping"}
{"level":"warn","pid":12254,"process":"Isolated Web Co","addr":4862720712704,"prot":7,"time":1791612225451,"caller":"/home/lakshy-sharma/Citadel/Workshop/vajra/workspace/src/internal/watcher/eventsink.go:198","message":"event sink: W^X memory mapping"}
{"level":"warn","pid":12254,"process":"Isolated Web Co","addr":4862720843776,"prot":7,"time":1791612226395,"caller":"/home/lakshy-sharma/Citadel/Workshop/vajra/workspace/src/internal/watcher/eventsink.go:198","message":"event sink: W^X memory mapping"}
{"level":"warn","pid":12254,"process":"DOM Worker","addr":4862720974848,"prot":7,"time":1791612226397,"caller":"/home/lakshy-sharma/Citadel/Workshop/vajra/workspace/src/internal/watcher/eventsink.go:198","message":"event sink: W^X memory mapping"}
{"level":"warn","pid":12254,"process":"DOM Worker","addr":4862721105920,"prot":7,"time":1791612226399,"caller":"/home/lakshy-sharma/Citadel/Workshop/vajra/workspace/src/internal/watcher/eventsink.go:198","message":"event sink: W^X memory mapping"}
{"level":"warn","pid":12254,"process":"DOM Worker","addr":4862721171456,"prot":7,"time":1791612226400,"caller":"/home/lakshy-sharma/Citadel/Workshop/vajra/workspace/src/internal/watcher/eventsink.go:198","message":"event sink: W^X memory mapping"}
{"level":"warn","pid":12254,"process":"Isolated Web Co","addr":4862716321792,"prot":7,"time":1791612226714,"caller":"/home/lakshy-sharma/Citadel/Workshop/vajra/workspace/src/internal/watcher/eventsink.go:198","message":"event sink: W^X memory mapping"}
{"level":"warn","pid":12254,"process":"Isolated Web Co","addr":4862716452864,"prot":7,"time":1791612226715,"caller":"/home/lakshy-sharma/Citadel/Workshop/vajra/workspace/src/internal/watcher/eventsink.go:198","message":"event sink: W^X memory mapping"}
{"level":"warn","pid":149083,"process":"Isolated Web Co","addr":9408763191296,"prot":7,"time":1791612227549,"caller":"/home/lakshy-sharma/Citadel/Workshop/vajra/workspace/src/internal/watcher/eventsink.go:198","message":"event sink: W^X memory mapping"}
{"level":"warn","pid":12254,"process":"Isolated Web Co","addr":4862716583936,"prot":7,"time":1791612227715,"caller":"/home/lakshy-sharma/Citadel/Workshop/vajra/workspace/src/internal/watcher/eventsink.go:198","message":"event sink: W^X memory mapping"}
{"level":"warn","pid":12254,"process":"Isolated Web Co","addr":4862716715008,"prot":7,"time":1791612227750,"caller":"/home/lakshy-sharma/Citadel/Workshop/vajra/workspace/src/internal/watcher/eventsink.go:198","message":"event sink: W^X memory mapping"}
{"level":"warn","pid":12254,"process":"Isolated Web Co","addr":4862716780544,"prot":7,"time":1791612227750,"caller":"/home/lakshy-sharma/Citadel/Workshop/vajra/workspace/src/internal/watcher/eventsink.go:198","message":"event sink: W^X memory mapping"}
{"level":"warn","pid":12254,"process":"Isolated Web Co","addr":4862716911616,"prot":7,"time":1791612227750,"caller":"/home/lakshy-sharma/Citadel/Workshop/vajra/workspace/src/internal/watcher/eventsink.go:198","message":"event sink: W^X memory mapping"}
{"level":"warn","pid":12254,"process":"Isolated Web Co","addr":4862717042688,"prot":7,"time":1791612227750,"caller":"/home/lakshy-sharma/Citadel/Workshop/vajra/workspace/src/internal/watcher/eventsink.go:198","message":"event sink: W^X memory mapping"}
{"level":"warn","pid":12254,"process":"Isolated Web Co","addr":4862717173760,"prot":7,"time":1791612228722,"caller":"/home/lakshy-sharma/Citadel/Workshop/vajra/workspace/src/internal/watcher/eventsink.go:198","message":"event sink: W^X memory mapping"}
{"level":"warn","pid":12254,"process":"Isolated Web Co","addr":4862717239296,"prot":7,"time":1791612228722,"caller":"/home/lakshy-sharma/Citadel/Workshop/vajra/workspace/src/internal/watcher/eventsink.go:198","message":"event sink: W^X memory mapping"}
{"level":"warn","pid":12254,"process":"DOM Worker","addr":4862717304832,"prot":7,"time":1791612228723,"caller":"/home/lakshy-sharma/Citadel/Workshop/vajra/workspace/src/internal/watcher/eventsink.go:198","message":"event sink: W^X memory mapping"}
{"level":"warn","pid":12254,"process":"DOM Worker","addr":4862717435904,"prot":7,"time":1791612228724,"caller":"/home/lakshy-sharma/Citadel/Workshop/vajra/workspace/src/internal/watcher/eventsink.go:198","message":"event sink: W^X memory mapping"}
{"level":"warn","pid":12254,"process":"Isolated Web Co","addr":4862717566976,"prot":7,"time":1791612228725,"caller":"/home/lakshy-sharma/Citadel/Workshop/vajra/workspace/src/internal/watcher/eventsink.go:198","message":"event sink: W^X memory mapping"}
{"level":"warn","pid":12254,"process":"DOM Worker","addr":4862717698048,"prot":7,"time":1791612228725,"caller":"/home/lakshy-sharma/Citadel/Workshop/vajra/workspace/src/internal/watcher/eventsink.go:198","message":"event sink: W^X memory mapping"}
{"level":"warn","pid":12254,"process":"Isolated Web Co","addr":4862717763584,"prot":7,"time":1791612228726,"caller":"/home/lakshy-sharma/Citadel/Workshop/vajra/workspace/src/internal/watcher/eventsink.go:198","message":"event sink: W^X memory mapping"}
{"level":"warn","pid":12254,"process":"Isolated Web Co","addr":4862717829120,"prot":7,"time":1791612228734,"caller":"/home/lakshy-sharma/Citadel/Workshop/vajra/workspace/src/internal/watcher/eventsink.go:198","message":"event sink: W^X memory mapping"}
{"level":"warn","pid":12254,"process":"Isolated Web Co","addr":4862718156800,"prot":7,"time":1791612228735,"caller":"/home/lakshy-sharma/Citadel/Workshop/vajra/workspace/src/internal/watcher/eventsink.go:198","message":"event sink: W^X memory mapping"}
{"level":"warn","pid":12254,"process":"Isolated Web Co","addr":4862717960192,"prot":7,"time":1791612228736,"caller":"/home/lakshy-sharma/Citadel/Workshop/vajra/workspace/src/internal/watcher/eventsink.go:198","message":"event sink: W^X memory mapping"}
{"level":"warn","pid":12254,"process":"Isolated Web Co","addr":4862718877696,"prot":7,"time":1791612228736,"caller":"/home/lakshy-sharma/Citadel/Workshop/vajra/workspace/src/internal/watcher/eventsink.go:198","message":"event sink: W^X memory mapping"}
{"level":"warn","pid":12254,"process":"Isolated Web Co","addr":4862718943232,"prot":7,"time":1791612228737,"caller":"/home/lakshy-sharma/Citadel/Workshop/vajra/workspace/src/internal/watcher/eventsink.go:198","message":"event sink: W^X memory mapping"}
{"level":"warn","pid":12254,"process":"Isolated Web Co","addr":4862719074304,"prot":7,"time":1791612228738,"caller":"/home/lakshy-sharma/Citadel/Workshop/vajra/workspace/src/internal/watcher/eventsink.go:198","message":"event sink: W^X memory mapping"}
{"level":"warn","pid":12254,"process":"Isolated Web Co","addr":4862719205376,"prot":7,"time":1791612228738,"caller":"/home/lakshy-sharma/Citadel/Workshop/vajra/workspace/src/internal/watcher/eventsink.go:198","message":"event sink: W^X memory mapping"}
{"level":"warn","pid":12254,"process":"Isolated Web Co","addr":4862719270912,"prot":7,"time":1791612228738,"caller":"/home/lakshy-sharma/Citadel/Workshop/vajra/workspace/src/internal/watcher/eventsink.go:198","message":"event sink: W^X memory mapping"}
{"level":"warn","pid":12254,"process":"Isolated Web Co","addr":4862719401984,"prot":7,"time":1791612228738,"caller":"/home/lakshy-sharma/Citadel/Workshop/vajra/workspace/src/internal/watcher/eventsink.go:198","message":"event sink: W^X memory mapping"}
{"level":"warn","pid":12254,"process":"Isolated Web Co","addr":4862719533056,"prot":7,"time":1791612228739,"caller":"/home/lakshy-sharma/Citadel/Workshop/vajra/workspace/src/internal/watcher/eventsink.go:198","message":"event sink: W^X memory mapping"}
{"level":"warn","pid":12254,"process":"Isolated Web Co","addr":4862719598592,"prot":7,"time":1791612228741,"caller":"/home/lakshy-sharma/Citadel/Workshop/vajra/workspace/src/internal/watcher/eventsink.go:198","message":"event sink: W^X memory mapping"}
{"level":"warn","pid":12254,"process":"Isolated Web Co","addr":4862719729664,"prot":7,"time":1791612228742,"caller":"/home/lakshy-sharma/Citadel/Workshop/vajra/workspace/src/internal/watcher/eventsink.go:198","message":"event sink: W^X memory mapping"}
{"level":"warn","pid":12254,"process":"Isolated Web Co","addr":4862719795200,"prot":7,"time":1791612228744,"caller":"/home/lakshy-sharma/Citadel/Workshop/vajra/workspace/src/internal/watcher/eventsink.go:198","message":"event sink: W^X memory mapping"}
{"level":"warn","pid":12254,"process":"Isolated Web Co","addr":4862719860736,"prot":7,"time":1791612228744,"caller":"/home/lakshy-sharma/Citadel/Workshop/vajra/workspace/src/internal/watcher/eventsink.go:198","message":"event sink: W^X memory mapping"}
{"level":"warn","pid":12254,"process":"Isolated Web Co","addr":4862719926272,"prot":7,"time":1791612228748,"caller":"/home/lakshy-sharma/Citadel/Workshop/vajra/workspace/src/internal/watcher/eventsink.go:198","message":"event sink: W^X memory mapping"}
{"level":"warn","pid":12254,"process":"Isolated Web Co","addr":4862719991808,"prot":7,"time":1791612228749,"caller":"/home/lakshy-sharma/Citadel/Workshop/vajra/workspace/src/internal/watcher/eventsink.go:198","message":"event sink: W^X memory mapping"}
{"level":"warn","pid":12254,"process":"Isolated Web Co","addr":4862720122880,"prot":7,"time":1791612228751,"caller":"/home/lakshy-sharma/Citadel/Workshop/vajra/workspace/src/internal/watcher/eventsink.go:198","message":"event sink: W^X memory mapping"}
{"level":"warn","pid":12254,"process":"Isolated Web Co","addr":4862720253952,"prot":7,"time":1791612228752,"caller":"/home/lakshy-sharma/Citadel/Workshop/vajra/workspace/src/internal/watcher/eventsink.go:198","message":"event sink: W^X memory mapping"}
{"level":"warn","pid":12254,"process":"Isolated Web Co","addr":4862720319488,"prot":7,"time":1791612228754,"caller":"/home/lakshy-sharma/Citadel/Workshop/vajra/workspace/src/internal/watcher/eventsink.go:198","message":"event sink: W^X memory mapping"}
{"level":"warn","pid":12254,"process":"Isolated Web Co","addr":4862720385024,"prot":7,"time":1791612228754,"caller":"/home/lakshy-sharma/Citadel/Workshop/vajra/workspace/src/internal/watcher/eventsink.go:198","message":"event sink: W^X memory mapping"}
{"level":"warn","pid":12254,"process":"Isolated Web Co","addr":4862720516096,"prot":7,"time":1791612228761,"caller":"/home/lakshy-sharma/Citadel/Workshop/vajra/workspace/src/internal/watcher/eventsink.go:198","message":"event sink: W^X memory mapping"}
{"level":"warn","pid":12240,"process":"Isolated Web Co","addr":2319472476160,"prot":7,"time":1791612233196,"caller":"/home/lakshy-sharma/Citadel/Workshop/vajra/workspace/src/internal/watcher/eventsink.go:198","message":"event sink: W^X memory mapping"}
{"level":"warn","pid":12240,"process":"Isolated Web Co","addr":2319472541696,"prot":7,"time":1791612233200,"caller":"/home/lakshy-sharma/Citadel/Workshop/vajra/workspace/src/internal/watcher/eventsink.go:198","message":"event sink: W^X memory mapping"}
{"level":"warn","pid":12254,"process":"Isolated Web Co","addr":4862717370368,"prot":7,"time":1791612233226,"caller":"/home/lakshy-sharma/Citadel/Workshop/vajra/workspace/src/internal/watcher/eventsink.go:198","message":"event sink: W^X memory mapping"}
{"level":"warn","pid":12254,"process":"Isolated Web Co","addr":4862717501440,"prot":7,"time":1791612233227,"caller":"/home/lakshy-sharma/Citadel/Workshop/vajra/workspace/src/internal/watcher/eventsink.go:198","message":"event sink: W^X memory mapping"}
{"level":"warn","pid":12254,"process":"Isolated Web Co","addr":4862717632512,"prot":7,"time":1791612233229,"caller":"/home/lakshy-sharma/Citadel/Workshop/vajra/workspace/src/internal/watcher/eventsink.go:198","message":"event sink: W^X memory mapping"}
{"level":"warn","pid":12254,"process":"Isolated Web Co","addr":4862717698048,"prot":7,"time":1791612233230,"caller":"/home/lakshy-sharma/Citadel/Workshop/vajra/workspace/src/internal/watcher/eventsink.go:198","message":"event sink: W^X memory mapping"}
{"level":"warn","pid":12254,"process":"Isolated Web Co","addr":4862717894656,"prot":7,"time":1791612233241,"caller":"/home/lakshy-sharma/Citadel/Workshop/vajra/workspace/src/internal/watcher/eventsink.go:198","message":"event sink: W^X memory mapping"}
{"level":"warn","pid":12240,"process":"Isolated Web Co","addr":2319472607232,"prot":7,"time":1791612233245,"caller":"/home/lakshy-sharma/Citadel/Workshop/vajra/workspace/src/internal/watcher/eventsink.go:198","message":"event sink: W^X memory mapping"}
{"level":"warn","pid":12240,"process":"Isolated Web Co","addr":2319472738304,"prot":7,"time":1791612233249,"caller":"/home/lakshy-sharma/Citadel/Workshop/vajra/workspace/src/internal/watcher/eventsink.go:198","message":"event sink: W^X memory mapping"}
{"level":"warn","pid":12240,"process":"Isolated Web Co","addr":2319472869376,"prot":7,"time":1791612233250,"caller":"/home/lakshy-sharma/Citadel/Workshop/vajra/workspace/src/internal/watcher/eventsink.go:198","message":"event sink: W^X memory mapping"}
{"level":"warn","pid":12254,"process":"Isolated Web Co","addr":4862718025728,"prot":7,"time":1791612233254,"caller":"/home/lakshy-sharma/Citadel/Workshop/vajra/workspace/src/internal/watcher/eventsink.go:198","message":"event sink: W^X memory mapping"}
{"level":"warn","pid":12254,"process":"Isolated Web Co","addr":4862719008768,"prot":7,"time":1791612233260,"caller":"/home/lakshy-sharma/Citadel/Workshop/vajra/workspace/src/internal/watcher/eventsink.go:198","message":"event sink: W^X memory mapping"}
{"level":"warn","pid":12254,"process":"Isolated Web Co","addr":4862719139840,"prot":7,"time":1791612233263,"caller":"/home/lakshy-sharma/Citadel/Workshop/vajra/workspace/src/internal/watcher/eventsink.go:198","message":"event sink: W^X memory mapping"}
{"level":"warn","pid":12254,"process":"Isolated Web Co","addr":4862719336448,"prot":7,"time":1791612233277,"caller":"/home/lakshy-sharma/Citadel/Workshop/vajra/workspace/src/internal/watcher/eventsink.go:198","message":"event sink: W^X memory mapping"}
{"level":"warn","pid":12254,"process":"Isolated Web Co","addr":4862719467520,"prot":7,"time":1791612233464,"caller":"/home/lakshy-sharma/Citadel/Workshop/vajra/workspace/src/internal/watcher/eventsink.go:198","message":"event sink: W^X memory mapping"}
{"level":"warn","pid":12254,"process":"Isolated Web Co","addr":4862719664128,"prot":7,"time":1791612233798,"caller":"/home/lakshy-sharma/Citadel/Workshop/vajra/workspace/src/internal/watcher/eventsink.go:198","message":"event sink: W^X memory mapping"}
{"level":"warn","pid":12254,"process":"DOM Worker","addr":4862720188416,"prot":7,"time":1791612233890,"caller":"/home/lakshy-sharma/Citadel/Workshop/vajra/workspace/src/internal/watcher/eventsink.go:198","message":"event sink: W^X memory mapping"}
{"level":"warn","pid":12254,"process":"DOM Worker","addr":4862720450560,"prot":7,"time":1791612233891,"caller":"/home/lakshy-sharma/Citadel/Workshop/vajra/workspace/src/internal/watcher/eventsink.go:198","message":"event sink: W^X memory mapping"}
{"level":"warn","pid":12254,"process":"DOM Worker","addr":4862720647168,"prot":7,"time":1791612233893,"caller":"/home/lakshy-sharma/Citadel/Workshop/vajra/workspace/src/internal/watcher/eventsink.go:198","message":"event sink: W^X memory mapping"}
{"level":"warn","pid":12254,"process":"Isolated Web Co","addr":4862720778240,"prot":7,"time":1791612234113,"caller":"/home/lakshy-sharma/Citadel/Workshop/vajra/workspace/src/internal/watcher/eventsink.go:198","message":"event sink: W^X memory mapping"}
{"level":"warn","pid":12254,"process":"Isolated Web Co","addr":4862720909312,"prot":7,"time":1791612234322,"caller":"/home/lakshy-sharma/Citadel/Workshop/vajra/workspace/src/internal/watcher/eventsink.go:198","message":"event sink: W^X memory mapping"}
{"level":"warn","pid":12254,"process":"Isolated Web Co","addr":4862720974848,"prot":7,"time":1791612234343,"caller":"/home/lakshy-sharma/Citadel/Workshop/vajra/workspace/src/internal/watcher/eventsink.go:198","message":"event sink: W^X memory mapping"}
{"level":"warn","pid":12254,"process":"Isolated Web Co","addr":4862721040384,"prot":7,"time":1791612235553,"caller":"/home/lakshy-sharma/Citadel/Workshop/vajra/workspace/src/internal/watcher/eventsink.go:198","message":"event sink: W^X memory mapping"}
{"level":"warn","pid":12254,"process":"Isolated Web Co","addr":4862721105920,"prot":7,"time":1791612235554,"caller":"/home/lakshy-sharma/Citadel/Workshop/vajra/workspace/src/internal/watcher/eventsink.go:198","message":"event sink: W^X memory mapping"}
{"level":"warn","pid":12254,"process":"Isolated Web Co","addr":4862721236992,"prot":7,"time":1791612235554,"caller":"/home/lakshy-sharma/Citadel/Workshop/vajra/workspace/src/internal/watcher/eventsink.go:198","message":"event sink: W^X memory mapping"}
{"level":"warn","pid":12254,"process":"Isolated Web Co","addr":4862721302528,"prot":7,"time":1791612235555,"caller":"/home/lakshy-sharma/Citadel/Workshop/vajra/workspace/src/internal/watcher/eventsink.go:198","message":"event sink: W^X memory mapping"}
{"level":"warn","pid":12254,"process":"Isolated Web Co","addr":4862721368064,"prot":7,"time":1791612235725,"caller":"/home/lakshy-sharma/Citadel/Workshop/vajra/workspace/src/internal/watcher/eventsink.go:198","message":"event sink: W^X memory mapping"}
{"level":"warn","pid":12254,"process":"Isolated Web Co","addr":4862721433600,"prot":7,"time":1791612236721,"caller":"/home/lakshy-sharma/Citadel/Workshop/vajra/workspace/src/internal/watcher/eventsink.go:198","message":"event sink: W^X memory mapping"}
{"level":"warn","pid":12254,"process":"Isolated Web Co","addr":4862720188416,"prot":7,"time":1791612240391,"caller":"/home/lakshy-sharma/Citadel/Workshop/vajra/workspace/src/internal/watcher/eventsink.go:198","message":"event sink: W^X memory mapping"}
{"level":"warn","pid":12254,"process":"Isolated Web Co","addr":4862720450560,"prot":7,"time":1791612240395,"caller":"/home/lakshy-sharma/Citadel/Workshop/vajra/workspace/src/internal/watcher/eventsink.go:198","message":"event sink: W^X memory mapping"}
{"level":"warn","pid":12254,"process":"Isolated Web Co","addr":4862720647168,"prot":7,"time":1791612240397,"caller":"/home/lakshy-sharma/Citadel/Workshop/vajra/workspace/src/internal/watcher/eventsink.go:198","message":"event sink: W^X memory mapping"}
{"level":"warn","pid":12254,"process":"Isolated Web Co","addr":4862721499136,"prot":7,"time":1791612240433,"caller":"/home/lakshy-sharma/Citadel/Workshop/vajra/workspace/src/internal/watcher/eventsink.go:198","message":"event sink: W^X memory mapping"}
{"level":"warn","pid":11604,"process":"Privileged Cont","addr":15675233452032,"prot":7,"time":1791612240777,"caller":"/home/lakshy-sharma/Citadel/Workshop/vajra/workspace/src/internal/watcher/eventsink.go:198","message":"event sink: W^X memory mapping"}
{"level":"warn","pid":348923,"process":"runc:[1:CHILD]","event":"namespace_enter","time":1791612241384,"caller":"/home/lakshy-sharma/Citadel/Workshop/vajra/workspace/src/internal/watcher/eventsink.go:243","message":"event sink: high-severity security event"}
{"level":"warn","pid":348923,"process":"runc:[1:CHILD]","event":"namespace_enter","time":1791612241384,"caller":"/home/lakshy-sharma/Citadel/Workshop/vajra/workspace/src/internal/watcher/eventsink.go:243","message":"event sink: high-severity security event"}
{"level":"warn","pid":348923,"process":"runc:[1:CHILD]","event":"namespace_enter","time":1791612241384,"caller":"/home/lakshy-sharma/Citadel/Workshop/vajra/workspace/src/internal/watcher/eventsink.go:243","message":"event sink: high-severity security event"}
{"level":"warn","pid":348923,"process":"runc:[1:CHILD]","event":"namespace_enter","time":1791612241385,"caller":"/home/lakshy-sharma/Citadel/Workshop/vajra/workspace/src/internal/watcher/eventsink.go:243","message":"event sink: high-severity security event"}
{"level":"warn","pid":348923,"process":"runc:[1:CHILD]","event":"namespace_enter","time":1791612241389,"caller":"/home/lakshy-sharma/Citadel/Workshop/vajra/workspace/src/internal/watcher/eventsink.go:243","message":"event sink: high-severity security event"}
{"level":"warn","pid":348923,"process":"runc:[1:CHILD]","event":"namespace_enter","time":1791612241390,"caller":"/home/lakshy-sharma/Citadel/Workshop/vajra/workspace/src/internal/watcher/eventsink.go:243","message":"event sink: high-severity security event"}
{"level":"warn","pid":348923,"process":"runc:[1:CHILD]","event":"namespace_enter","time":1791612241390,"caller":"/home/lakshy-sharma/Citadel/Workshop/vajra/workspace/src/internal/watcher/eventsink.go:243","message":"event sink: high-severity security event"}
{"level":"warn","pid":348923,"process":"runc:[1:CHILD]","event":"namespace_create","time":1791612241390,"caller":"/home/lakshy-sharma/Citadel/Workshop/vajra/workspace/src/internal/watcher/eventsink.go:243","message":"event sink: high-severity security event"}
{"level":"warn","pid":348924,"process":"runc:[2:INIT]","event":"capset","time":1791612241390,"caller":"/home/lakshy-sharma/Citadel/Workshop/vajra/workspace/src/internal/watcher/eventsink.go:243","message":"event sink: high-severity security event"}
{"level":"warn","pid":12254,"process":"DOM Worker","addr":4862721564672,"prot":7,"time":1791612241391,"caller":"/home/lakshy-sharma/Citadel/Workshop/vajra/workspace/src/internal/watcher/eventsink.go:198","message":"event sink: W^X memory mapping"}
{"level":"warn","pid":12254,"process":"DOM Worker","addr":4862721695744,"prot":7,"time":1791612241391,"caller":"/home/lakshy-sharma/Citadel/Workshop/vajra/workspace/src/internal/watcher/eventsink.go:198","message":"event sink: W^X memory mapping"}
{"level":"warn","pid":12254,"process":"DOM Worker","addr":4862721761280,"prot":7,"time":1791612241392,"caller":"/home/lakshy-sharma/Citadel/Workshop/vajra/workspace/src/internal/watcher/eventsink.go:198","message":"event sink: W^X memory mapping"}
{"level":"warn","pid":348930,"process":"python","dst":"127.0.0.1","dst_port":8000,"time":1791612241433,"caller":"/home/lakshy-sharma/Citadel/Workshop/vajra/workspace/src/internal/watcher/eventsink.go:127","message":"event sink: high-value network connection"}
{"level":"warn","pid":12254,"process":"Isolated Web Co","addr":4862721826816,"prot":7,"time":1791612242449,"caller":"/home/lakshy-sharma/Citadel/Workshop/vajra/workspace/src/internal/watcher/eventsink.go:198","message":"event sink: W^X memory mapping"}
{"level":"warn","pid":12254,"process":"DOM Worker","addr":4862721630208,"prot":7,"time":1791612243474,"caller":"/home/lakshy-sharma/Citadel/Workshop/vajra/workspace/src/internal/watcher/eventsink.go:198","message":"event sink: W^X memory mapping"}
{"level":"warn","pid":12254,"process":"DOM Worker","addr":4862721695744,"prot":7,"time":1791612243475,"caller":"/home/lakshy-sharma/Citadel/Workshop/vajra/workspace/src/internal/watcher/eventsink.go:198","message":"event sink: W^X memory mapping"}
{"level":"warn","pid":12254,"process":"DOM Worker","addr":4862721761280,"prot":7,"time":1791612243476,"caller":"/home/lakshy-sharma/Citadel/Workshop/vajra/workspace/src/internal/watcher/eventsink.go:198","message":"event sink: W^X memory mapping"}
{"level":"warn","pid":12240,"process":"Isolated Web Co","addr":2319473000448,"prot":7,"time":1791612249560,"caller":"/home/lakshy-sharma/Citadel/Workshop/vajra/workspace/src/internal/watcher/eventsink.go:198","message":"event sink: W^X memory mapping"}
{"level":"warn","pid":12254,"process":"Isolated Web Co","addr":4862721695744,"prot":7,"time":1791612250557,"caller":"/home/lakshy-sharma/Citadel/Workshop/vajra/workspace/src/internal/watcher/eventsink.go:198","message":"event sink: W^X memory mapping"}
{"level":"warn","pid":12254,"process":"DOM Worker","addr":4862721892352,"prot":7,"time":1791612251162,"caller":"/home/lakshy-sharma/Citadel/Workshop/vajra/workspace/src/internal/watcher/eventsink.go:198","message":"event sink: W^X memory mapping"}
{"level":"warn","pid":12254,"process":"DOM Worker","addr":4862721957888,"prot":7,"time":1791612251164,"caller":"/home/lakshy-sharma/Citadel/Workshop/vajra/workspace/src/internal/watcher/eventsink.go:198","message":"event sink: W^X memory mapping"}
{"level":"warn","pid":12254,"process":"DOM Worker","addr":4862722220032,"prot":7,"time":1791612251165,"caller":"/home/lakshy-sharma/Citadel/Workshop/vajra/workspace/src/internal/watcher/eventsink.go:198","message":"event sink: W^X memory mapping"}
{"level":"warn","pid":12254,"process":"Isolated Web Co","addr":4862722285568,"prot":7,"time":1791612252034,"caller":"/home/lakshy-sharma/Citadel/Workshop/vajra/workspace/src/internal/watcher/eventsink.go:198","message":"event sink: W^X memory mapping"}
{"level":"warn","pid":12254,"process":"Isolated Web Co","addr":4862722416640,"prot":7,"time":1791612252513,"caller":"/home/lakshy-sharma/Citadel/Workshop/vajra/workspace/src/internal/watcher/eventsink.go:198","message":"event sink: W^X memory mapping"}
{"level":"warn","pid":12254,"process":"Isolated Web Co","addr":4862722482176,"prot":7,"time":1791612252623,"caller":"/home/lakshy-sharma/Citadel/Workshop/vajra/workspace/src/internal/watcher/eventsink.go:198","message":"event sink: W^X memory mapping"}
{"level":"warn","pid":12254,"process":"Isolated Web Co","addr":4862721957888,"prot":7,"time":1791612253465,"caller":"/home/lakshy-sharma/Citadel/Workshop/vajra/workspace/src/internal/watcher/eventsink.go:198","message":"event sink: W^X memory mapping"}
{"level":"warn","pid":12254,"process":"DOM Worker","addr":4862722220032,"prot":7,"time":1791612253513,"caller":"/home/lakshy-sharma/Citadel/Workshop/vajra/workspace/src/internal/watcher/eventsink.go:198","message":"event sink: W^X memory mapping"}
{"level":"warn","pid":12254,"process":"DOM Worker","addr":4862722351104,"prot":7,"time":1791612253514,"caller":"/home/lakshy-sharma/Citadel/Workshop/vajra/workspace/src/internal/watcher/eventsink.go:198","message":"event sink: W^X memory mapping"}
{"level":"warn","pid":12254,"process":"DOM Worker","addr":4862722547712,"prot":7,"time":1791612253515,"caller":"/home/lakshy-sharma/Citadel/Workshop/vajra/workspace/src/internal/watcher/eventsink.go:198","message":"event sink: W^X memory mapping"}
{"level":"warn","pid":12254,"process":"Isolated Web Co","addr":4862722613248,"prot":7,"time":1791612254670,"caller":"/home/lakshy-sharma/Citadel/Workshop/vajra/workspace/src/internal/watcher/eventsink.go:198","message":"event sink: W^X memory mapping"}
{"level":"warn","pid":12254,"process":"Isolated Web Co","addr":4862722744320,"prot":7,"time":1791612255075,"caller":"/home/lakshy-sharma/Citadel/Workshop/vajra/workspace/src/internal/watcher/eventsink.go:198","message":"event sink: W^X memory mapping"}
{"level":"warn","pid":12254,"process":"Isolated Web Co","addr":4862722875392,"prot":7,"time":1791612255092,"caller":"/home/lakshy-sharma/Citadel/Workshop/vajra/workspace/src/internal/watcher/eventsink.go:198","message":"event sink: W^X memory mapping"}
{"level":"warn","pid":12240,"process":"Isolated Web Co","addr":2319470706688,"prot":7,"time":1791612256660,"caller":"/home/lakshy-sharma/Citadel/Workshop/vajra/workspace/src/internal/watcher/eventsink.go:198","message":"event sink: W^X memory mapping"}
{"level":"warn","pid":12240,"process":"Isolated Web Co","addr":2319470641152,"prot":7,"time":1791612256660,"caller":"/home/lakshy-sharma/Citadel/Workshop/vajra/workspace/src/internal/watcher/eventsink.go:198","message":"event sink: W^X memory mapping"}
{"level":"warn","pid":12240,"process":"Isolated Web Co","addr":2319470968832,"prot":7,"time":1791612256665,"caller":"/home/lakshy-sharma/Citadel/Workshop/vajra/workspace/src/internal/watcher/eventsink.go:198","message":"event sink: W^X memory mapping"}
{"level":"warn","pid":12240,"process":"Isolated Web Co","addr":2319471099904,"prot":7,"time":1791612256672,"caller":"/home/lakshy-sharma/Citadel/Workshop/vajra/workspace/src/internal/watcher/eventsink.go:198","message":"event sink: W^X memory mapping"}
{"level":"warn","pid":12240,"process":"Isolated Web Co","addr":2319471165440,"prot":7,"time":1791612256683,"caller":"/home/lakshy-sharma/Citadel/Workshop/vajra/workspace/src/internal/watcher/eventsink.go:198","message":"event sink: W^X memory mapping"}
{"level":"warn","pid":12240,"process":"Isolated Web Co","addr":2319471230976,"prot":7,"time":1791612257688,"caller":"/home/lakshy-sharma/Citadel/Workshop/vajra/workspace/src/internal/watcher/eventsink.go:198","message":"event sink: W^X memory mapping"}
{"level":"warn","pid":12240,"process":"Isolated Web Co","addr":2319471296512,"prot":7,"time":1791612257690,"caller":"/home/lakshy-sharma/Citadel/Workshop/vajra/workspace/src/internal/watcher/eventsink.go:198","message":"event sink: W^X memory mapping"}
{"level":"warn","pid":12240,"process":"Isolated Web Co","addr":2319471362048,"prot":7,"time":1791612258692,"caller":"/home/lakshy-sharma/Citadel/Workshop/vajra/workspace/src/internal/watcher/eventsink.go:198","message":"event sink: W^X memory mapping"}
{"level":"warn","pid":12240,"process":"Isolated Web Co","addr":2319471427584,"prot":7,"time":1791612258693,"caller":"/home/lakshy-sharma/Citadel/Workshop/vajra/workspace/src/internal/watcher/eventsink.go:198","message":"event sink: W^X memory mapping"}
{"level":"warn","pid":12240,"process":"Isolated Web Co","addr":2319471558656,"prot":7,"time":1791612258694,"caller":"/home/lakshy-sharma/Citadel/Workshop/vajra/workspace/src/internal/watcher/eventsink.go:198","message":"event sink: W^X memory mapping"}
{"level":"warn","pid":12240,"process":"Isolated Web Co","addr":2319471689728,"prot":7,"time":1791612258695,"caller":"/home/lakshy-sharma/Citadel/Workshop/vajra/workspace/src/internal/watcher/eventsink.go:198","message":"event sink: W^X memory mapping"}
{"level":"warn","pid":12254,"process":"DOM Worker","addr":4862722351104,"prot":7,"time":1791612259392,"caller":"/home/lakshy-sharma/Citadel/Workshop/vajra/workspace/src/internal/watcher/eventsink.go:198","message":"event sink: W^X memory mapping"}
{"level":"warn","pid":12254,"process":"DOM Worker","addr":4862722547712,"prot":7,"time":1791612259393,"caller":"/home/lakshy-sharma/Citadel/Workshop/vajra/workspace/src/internal/watcher/eventsink.go:198","message":"event sink: W^X memory mapping"}
{"level":"warn","pid":12254,"process":"DOM Worker","addr":4862722678784,"prot":7,"time":1791612259394,"caller":"/home/lakshy-sharma/Citadel/Workshop/vajra/workspace/src/internal/watcher/eventsink.go:198","message":"event sink: W^X memory mapping"}
{"level":"warn","pid":12240,"process":"Isolated Web Co","addr":2319471820800,"prot":7,"time":1791612259696,"caller":"/home/lakshy-sharma/Citadel/Workshop/vajra/workspace/src/internal/watcher/eventsink.go:198","message":"event sink: W^X memory mapping"}
{"level":"warn","pid":12240,"process":"Isolated Web Co","addr":2319471886336,"prot":7,"time":1791612259698,"caller":"/home/lakshy-sharma/Citadel/Workshop/vajra/workspace/src/internal/watcher/eventsink.go:198","message":"event sink: W^X memory mapping"}
{"level":"warn","pid":12240,"process":"Isolated Web Co","addr":2319470641152,"prot":7,"time":1791612260701,"caller":"/home/lakshy-sharma/Citadel/Workshop/vajra/workspace/src/internal/watcher/eventsink.go:198","message":"event sink: W^X memory mapping"}
{"level":"warn","pid":12240,"process":"Isolated Web Co","addr":2319470772224,"prot":7,"time":1791612260702,"caller":"/home/lakshy-sharma/Citadel/Workshop/vajra/workspace/src/internal/watcher/eventsink.go:198","message":"event sink: W^X memory mapping"}
{"level":"warn","pid":12240,"process":"Isolated Web Co","addr":2319470837760,"prot":7,"time":1791612260703,"caller":"/home/lakshy-sharma/Citadel/Workshop/vajra/workspace/src/internal/watcher/eventsink.go:198","message":"event sink: W^X memory mapping"}
{"level":"warn","pid":12240,"process":"Isolated Web Co","addr":2319470903296,"prot":7,"time":1791612260705,"caller":"/home/lakshy-sharma/Citadel/Workshop/vajra/workspace/src/internal/watcher/eventsink.go:198","message":"event sink: W^X memory mapping"}
{"level":"warn","pid":12254,"process":"Isolated Web Co","addr":4862722809856,"prot":7,"time":1791612260805,"caller":"/home/lakshy-sharma/Citadel/Workshop/vajra/workspace/src/internal/watcher/eventsink.go:198","message":"event sink: W^X memory mapping"}
{"level":"warn","pid":11309,"process":"DNS Res~r #3194","dst":"127.0.0.53","dst_port":53,"time":1791612261392,"caller":"/home/lakshy-sharma/Citadel/Workshop/vajra/workspace/src/internal/watcher/eventsink.go:127","message":"event sink: high-value network connection"}
{"level":"warn","pid":528,"process":"systemd-resolve","dst":"192.168.0.1","dst_port":53,"time":1791612261392,"caller":"/home/lakshy-sharma/Citadel/Workshop/vajra/workspace/src/internal/watcher/eventsink.go:127","message":"event sink: high-value network connection"}
{"level":"warn","pid":528,"process":"systemd-resolve","dst":"192.168.0.1","dst_port":53,"time":1791612261392,"caller":"/home/lakshy-sharma/Citadel/Workshop/vajra/workspace/src/internal/watcher/eventsink.go:127","message":"event sink: high-value network connection"}
{"level":"warn","pid":11309,"process":"Socket Thread","dst":"34.107.243.93","dst_port":443,"time":1791612261393,"caller":"/home/lakshy-sharma/Citadel/Workshop/vajra/workspace/src/internal/watcher/eventsink.go:127","message":"event sink: high-value network connection"}
{"level":"warn","pid":11309,"process":"Socket Thread","dst":"34.107.243.93","dst_port":443,"time":1791612261437,"caller":"/home/lakshy-sharma/Citadel/Workshop/vajra/workspace/src/internal/watcher/eventsink.go:127","message":"event sink: high-value network connection"}
{"level":"warn","pid":12254,"process":"DOM Worker","addr":4862722940928,"prot":7,"time":1791612261486,"caller":"/home/lakshy-sharma/Citadel/Workshop/vajra/workspace/src/internal/watcher/eventsink.go:198","message":"event sink: W^X memory mapping"}
{"level":"warn","pid":12254,"process":"DOM Worker","addr":4862723006464,"prot":7,"time":1791612261487,"caller":"/home/lakshy-sharma/Citadel/Workshop/vajra/workspace/src/internal/watcher/eventsink.go:198","message":"event sink: W^X memory mapping"}
{"level":"warn","pid":12254,"process":"Isolated Web Co","addr":4862723072000,"prot":7,"time":1791612261490,"caller":"/home/lakshy-sharma/Citadel/Workshop/vajra/workspace/src/internal/watcher/eventsink.go:198","message":"event sink: W^X memory mapping"}
{"level":"warn","pid":528,"process":"systemd-resolve","dst":"192.168.0.1","dst_port":53,"time":1791612261639,"caller":"/home/lakshy-sharma/Citadel/Workshop/vajra/workspace/src/internal/watcher/eventsink.go:127","message":"event sink: high-value network connection"}
{"level":"warn","pid":6393,"process":"NetworkManager","dst":"2620:2d:4002:1::1061","dst_port":80,"time":1791612261656,"caller":"/home/lakshy-sharma/Citadel/Workshop/vajra/workspace/src/internal/watcher/eventsink.go:127","message":"event sink: high-value network connection"}
{"level":"warn","pid":6393,"process":"NetworkManager","dst":"2620:2d:4002:1::1062","dst_port":80,"time":1791612261656,"caller":"/home/lakshy-sharma/Citadel/Workshop/vajra/workspace/src/internal/watcher/eventsink.go:127","message":"event sink: high-value network connection"}
{"level":"warn","pid":6393,"process":"NetworkManager","dst":"2620:2d:4002:1::1064","dst_port":80,"time":1791612261656,"caller":"/home/lakshy-sharma/Citadel/Workshop/vajra/workspace/src/internal/watcher/eventsink.go:127","message":"event sink: high-value network connection"}
{"level":"warn","pid":6393,"process":"NetworkManager","dst":"2620:2d:4000:1::1099","dst_port":80,"time":1791612261657,"caller":"/home/lakshy-sharma/Citadel/Workshop/vajra/workspace/src/internal/watcher/eventsink.go:127","message":"event sink: high-value network connection"}
{"level":"warn","pid":6393,"process":"NetworkManager","dst":"2620:2d:4000:1::1100","dst_port":80,"time":1791612261657,"caller":"/home/lakshy-sharma/Citadel/Workshop/vajra/workspace/src/internal/watcher/eventsink.go:127","message":"event sink: high-value network connection"}
{"level":"warn","pid":6393,"process":"NetworkManager","dst":"2620:2d:4000:1::1101","dst_port":80,"time":1791612261657,"caller":"/home/lakshy-sharma/Citadel/Workshop/vajra/workspace/src/internal/watcher/eventsink.go:127","message":"event sink: high-value network connection"}
{"level":"warn","pid":6393,"process":"NetworkManager","dst":"2620:2d:4002:1::196","dst_port":80,"time":1791612261657,"caller":"/home/lakshy-sharma/Citadel/Workshop/vajra/workspace/src/internal/watcher/eventsink.go:127","message":"event sink: high-value network connection"}
{"level":"warn","pid":6393,"process":"NetworkManager","dst":"2620:2d:4002:1::197","dst_port":80,"time":1791612261657,"caller":"/home/lakshy-sharma/Citadel/Workshop/vajra/workspace/src/internal/watcher/eventsink.go:127","message":"event sink: high-value network connection"}
{"level":"warn","pid":6393,"process":"NetworkManager","dst":"2620:2d:4002:1::198","dst_port":80,"time":1791612261657,"caller":"/home/lakshy-sharma/Citadel/Workshop/vajra/workspace/src/internal/watcher/eventsink.go:127","message":"event sink: high-value network connection"}
{"level":"warn","pid":6393,"process":"NetworkManager","dst":"2620:2d:4002:1::1057","dst_port":80,"time":1791612261657,"caller":"/home/lakshy-sharma/Citadel/Workshop/vajra/workspace/src/internal/watcher/eventsink.go:127","message":"event sink: high-value network connection"}
{"level":"warn","pid":6393,"process":"NetworkManager","dst":"2620:2d:4002:1::1058","dst_port":80,"time":1791612261658,"caller":"/home/lakshy-sharma/Citadel/Workshop/vajra/workspace/src/internal/watcher/eventsink.go:127","message":"event sink: high-value network connection"}
{"level":"warn","pid":6393,"process":"NetworkManager","dst":"2620:2d:4002:1::1060","dst_port":80,"time":1791612261658,"caller":"/home/lakshy-sharma/Citadel/Workshop/vajra/workspace/src/internal/watcher/eventsink.go:127","message":"event sink: high-value network connection"}
{"level":"warn","pid":12240,"process":"Isolated Web Co","addr":2319471034368,"prot":7,"time":1791612261708,"caller":"/home/lakshy-sharma/Citadel/Workshop/vajra/workspace/src/internal/watcher/eventsink.go:198","message":"event sink: W^X memory mapping"}
{"level":"warn","pid":12240,"process":"Isolated Web Co","addr":2319471165440,"prot":7,"time":1791612261710,"caller":"/home/lakshy-sharma/Citadel/Workshop/vajra/workspace/src/internal/watcher/eventsink.go:198","message":"event sink: W^X memory mapping"}
{"level":"warn","pid":345340,"process":"DOM Worker","addr":3651077451776,"prot":7,"time":1791612262010,"caller":"/home/lakshy-sharma/Citadel/Workshop/vajra/workspace/src/internal/watcher/eventsink.go:198","message":"event sink: W^X memory mapping"}
{"level":"warn","pid":345340,"process":"DOM Worker","addr":3651077582848,"prot":7,"time":1791612262019,"caller":"/home/lakshy-sharma/Citadel/Workshop/vajra/workspace/src/internal/watcher/eventsink.go:198","message":"event sink: W^X memory mapping"}
{"level":"warn","pid":12254,"process":"Isolated Web Co","addr":4862723203072,"prot":7,"time":1791612262696,"caller":"/home/lakshy-sharma/Citadel/Workshop/vajra/workspace/src/internal/watcher/eventsink.go:198","message":"event sink: W^X memory mapping"}
{"level":"warn","pid":12240,"process":"Isolated Web Co","addr":2319471230976,"prot":7,"time":1791612262717,"caller":"/home/lakshy-sharma/Citadel/Workshop/vajra/workspace/src/internal/watcher/eventsink.go:198","message":"event sink: W^X memory mapping"}
{"level":"warn","pid":12240,"process":"Isolated Web Co","addr":2319471296512,"prot":7,"time":1791612262718,"caller":"/home/lakshy-sharma/Citadel/Workshop/vajra/workspace/src/internal/watcher/eventsink.go:198","message":"event sink: W^X memory mapping"}
{"level":"warn","pid":12240,"process":"Isolated Web Co","addr":2319471558656,"prot":7,"time":1791612262725,"caller":"/home/lakshy-sharma/Citadel/Workshop/vajra/workspace/src/internal/watcher/eventsink.go:198","message":"event sink: W^X memory mapping"}
{"level":"warn","pid":12240,"process":"Isolated Web Co","addr":2319471624192,"prot":7,"time":1791612262732,"caller":"/home/lakshy-sharma/Citadel/Workshop/vajra/workspace/src/internal/watcher/eventsink.go:198","message":"event sink: W^X memory mapping"}
{"level":"warn","pid":12240,"process":"Isolated Web Co","addr":2319471755264,"prot":7,"time":1791612262741,"caller":"/home/lakshy-sharma/Citadel/Workshop/vajra/workspace/src/internal/watcher/eventsink.go:198","message":"event sink: W^X memory mapping"}
{"level":"warn","pid":12254,"process":"Isolated Web Co","addr":4862722547712,"prot":7,"time":1791612262856,"caller":"/home/lakshy-sharma/Citadel/Workshop/vajra/workspace/src/internal/watcher/eventsink.go:198","message":"event sink: W^X memory mapping"}
{"level":"warn","pid":348950,"process":"Sandbox Forked","event":"capset","time":1791612263014,"caller":"/home/lakshy-sharma/Citadel/Workshop/vajra/workspace/src/internal/watcher/eventsink.go:243","message":"event sink: high-severity security event"}
{"level":"warn","pid":348952,"process":"Chroot Helper","event":"capset","time":1791612263014,"caller":"/home/lakshy-sharma/Citadel/Workshop/vajra/workspace/src/internal/watcher/eventsink.go:243","message":"event sink: high-severity security event"}
{"level":"warn","pid":348950,"process":"Web Content","addr":14057523056640,"prot":7,"time":1791612263029,"caller":"/home/lakshy-sharma/Citadel/Workshop/vajra/workspace/src/internal/watcher/eventsink.go:198","message":"event sink: W^X memory mapping"}
{"level":"warn","pid":348950,"process":"Web Content","addr":14057523187712,"prot":7,"time":1791612263049,"caller":"/home/lakshy-sharma/Citadel/Workshop/vajra/workspace/src/internal/watcher/eventsink.go:198","message":"event sink: W^X memory mapping"}
{"level":"warn","pid":348952,"process":"Chroot Helper","event":"capset","time":1791612263052,"caller":"/home/lakshy-sharma/Citadel/Workshop/vajra/workspace/src/internal/watcher/eventsink.go:243","message":"event sink: high-severity security event"}
{"level":"warn","pid":12254,"process":"Isolated Web Co","addr":4862722678784,"prot":7,"time":1791612264396,"caller":"/home/lakshy-sharma/Citadel/Workshop/vajra/workspace/src/internal/watcher/eventsink.go:198","message":"event sink: W^X memory mapping"}
{"level":"warn","pid":12254,"process":"Isolated Web Co","addr":4862722940928,"prot":7,"time":1791612264397,"caller":"/home/lakshy-sharma/Citadel/Workshop/vajra/workspace/src/internal/watcher/eventsink.go:198","message":"event sink: W^X memory mapping"}
{"level":"warn","pid":12254,"process":"Isolated Web Co","addr":4862723137536,"prot":7,"time":1791612264398,"caller":"/home/lakshy-sharma/Citadel/Workshop/vajra/workspace/src/internal/watcher/eventsink.go:198","message":"event sink: W^X memory mapping"}
{"level":"warn","pid":12240,"process":"Isolated Web Co","addr":2319471951872,"prot":7,"time":1791612264766,"caller":"/home/lakshy-sharma/Citadel/Workshop/vajra/workspace/src/internal/watcher/eventsink.go:198","message":"event sink: W^X memory mapping"}
{"level":"warn","pid":12254,"process":"Isolated Web Co","addr":4862723268608,"prot":7,"time":1791612264774,"caller":"/home/lakshy-sharma/Citadel/Workshop/vajra/workspace/src/internal/watcher/eventsink.go:198","message":"event sink: W^X memory mapping"}
{"level":"warn","pid":12254,"process":"Isolated Web Co","addr":4862723399680,"prot":7,"time":1791612265018,"caller":"/home/lakshy-sharma/Citadel/Workshop/vajra/workspace/src/internal/watcher/eventsink.go:198","message":"event sink: W^X memory mapping"}
{"level":"warn","pid":12254,"process":"Isolated Web Co","addr":4862723465216,"prot":7,"time":1791612265022,"caller":"/home/lakshy-sharma/Citadel/Workshop/vajra/workspace/src/internal/watcher/eventsink.go:198","message":"event sink: W^X memory mapping"}
{"level":"warn","pid":12254,"process":"Isolated Web Co","addr":4862723596288,"prot":7,"time":1791612265022,"caller":"/home/lakshy-sharma/Citadel/Workshop/vajra/workspace/src/internal/watcher/eventsink.go:198","message":"event sink: W^X memory mapping"}
{"level":"warn","pid":12254,"process":"Isolated Web Co","addr":4862723727360,"prot":7,"time":1791612265023,"caller":"/home/lakshy-sharma/Citadel/Workshop/vajra/workspace/src/internal/watcher/eventsink.go:198","message":"event sink: W^X memory mapping"}
{"level":"warn","pid":12254,"process":"Isolated Web Co","addr":4862723858432,"prot":7,"time":1791612265024,"caller":"/home/lakshy-sharma/Citadel/Workshop/vajra/workspace/src/internal/watcher/eventsink.go:198","message":"event sink: W^X memory mapping"}
{"level":"warn","pid":12254,"process":"Isolated Web Co","addr":4862723923968,"prot":7,"time":1791612265026,"caller":"/home/lakshy-sharma/Citadel/Workshop/vajra/workspace/src/internal/watcher/eventsink.go:198","message":"event sink: W^X memory mapping"}
{"level":"warn","pid":12254,"process":"Isolated Web Co","addr":4862723989504,"prot":7,"time":1791612265027,"caller":"/home/lakshy-sharma/Citadel/Workshop/vajra/workspace/src/internal/watcher/eventsink.go:198","message":"event sink: W^X memory mapping"}
{"level":"warn","pid":12254,"process":"Isolated Web Co","addr":4862724055040,"prot":7,"time":1791612265028,"caller":"/home/lakshy-sharma/Citadel/Workshop/vajra/workspace/src/internal/watcher/eventsink.go:198","message":"event sink: W^X memory mapping"}
{"level":"warn","pid":12254,"process":"Isolated Web Co","addr":4862724186112,"prot":7,"time":1791612265036,"caller":"/home/lakshy-sharma/Citadel/Workshop/vajra/workspace/src/internal/watcher/eventsink.go:198","message":"event sink: W^X memory mapping"}
{"level":"warn","pid":12254,"process":"Isolated Web Co","addr":4862724251648,"prot":7,"time":1791612265117,"caller":"/home/lakshy-sharma/Citadel/Workshop/vajra/workspace/src/internal/watcher/eventsink.go:198","message":"event sink: W^X memory mapping"}
{"level":"warn","pid":12254,"process":"Isolated Web Co","addr":4862724317184,"prot":7,"time":1791612265419,"caller":"/home/lakshy-sharma/Citadel/Workshop/vajra/workspace/src/internal/watcher/eventsink.go:198","message":"event sink: W^X memory mapping"}
{"level":"warn","pid":12254,"process":"DOM Worker","addr":4862724448256,"prot":7,"time":1791612265459,"caller":"/home/lakshy-sharma/Citadel/Workshop/vajra/workspace/src/internal/watcher/eventsink.go:198","message":"event sink: W^X memory mapping"}
{"level":"warn","pid":12254,"process":"DOM Worker","addr":4862724513792,"prot":7,"time":1791612265461,"caller":"/home/lakshy-sharma/Citadel/Workshop/vajra/workspace/src/internal/watcher/eventsink.go:198","message":"event sink: W^X memory mapping"}
{"level":"warn","pid":12254,"process":"DOM Worker","addr":4862724644864,"prot":7,"time":1791612265462,"caller":"/home/lakshy-sharma/Citadel/Workshop/vajra/workspace/src/internal/watcher/eventsink.go:198","message":"event sink: W^X memory mapping"}
{"level":"warn","pid":12240,"process":"Isolated Web Co","addr":2319470772224,"prot":7,"time":1791612265770,"caller":"/home/lakshy-sharma/Citadel/Workshop/vajra/workspace/src/internal/watcher/eventsink.go:198","message":"event sink: W^X memory mapping"}
{"level":"warn","pid":12240,"process":"Isolated Web Co","addr":2319470903296,"prot":7,"time":1791612265771,"caller":"/home/lakshy-sharma/Citadel/Workshop/vajra/workspace/src/internal/watcher/eventsink.go:198","message":"event sink: W^X memory mapping"}
{"level":"warn","pid":12254,"process":"Isolated Web Co","addr":4862724775936,"prot":7,"time":1791612266199,"caller":"/home/lakshy-sharma/Citadel/Workshop/vajra/workspace/src/internal/watcher/eventsink.go:198","message":"event sink: W^X memory mapping"}
{"level":"warn","pid":12240,"process":"Isolated Web Co","addr":2319471034368,"prot":7,"time":1791612266775,"caller":"/home/lakshy-sharma/Citadel/Workshop/vajra/workspace/src/internal/watcher/eventsink.go:198","message":"event sink: W^X memory mapping"}
{"level":"warn","pid":12240,"process":"Isolated Web Co","addr":2319471099904,"prot":7,"time":1791612266777,"caller":"/home/lakshy-sharma/Citadel/Workshop/vajra/workspace/src/internal/watcher/eventsink.go:198","message":"event sink: W^X memory mapping"}
{"level":"warn","pid":12240,"process":"Isolated Web Co","addr":2319471165440,"prot":7,"time":1791612266778,"caller":"/home/lakshy-sharma/Citadel/Workshop/vajra/workspace/src/internal/watcher/eventsink.go:198","message":"event sink: W^X memory mapping"}
{"level":"warn","pid":12240,"process":"Isolated Web Co","addr":2319471230976,"prot":7,"time":1791612267782,"caller":"/home/lakshy-sharma/Citadel/Workshop/vajra/workspace/src/internal/watcher/eventsink.go:198","message":"event sink: W^X memory mapping"}
{"level":"warn","pid":12254,"process":"Isolated Web Co","addr":4862724448256,"prot":7,"time":1791612267946,"caller":"/home/lakshy-sharma/Citadel/Workshop/vajra/workspace/src/internal/watcher/eventsink.go:198","message":"event sink: W^X memory mapping"}
{"level":"warn","pid":12254,"process":"Isolated Web Co","addr":4862724513792,"prot":7,"time":1791612268382,"caller":"/home/lakshy-sharma/Citadel/Workshop/vajra/workspace/src/internal/watcher/eventsink.go:198","message":"event sink: W^X memory mapping"}
{"level":"warn","pid":12254,"process":"Isolated Web Co","addr":4862724644864,"prot":7,"time":1791612268394,"caller":"/home/lakshy-sharma/Citadel/Workshop/vajra/workspace/src/internal/watcher/eventsink.go:198","message":"event sink: W^X memory mapping"}
{"level":"warn","pid":12254,"process":"Isolated Web Co","addr":4862724710400,"prot":7,"time":1791612268396,"caller":"/home/lakshy-sharma/Citadel/Workshop/vajra/workspace/src/internal/watcher/eventsink.go:198","message":"event sink: W^X memory mapping"}
{"level":"warn","pid":12240,"process":"Isolated Web Co","addr":2319471296512,"prot":7,"time":1791612268785,"caller":"/home/lakshy-sharma/Citadel/Workshop/vajra/workspace/src/internal/watcher/eventsink.go:198","message":"event sink: W^X memory mapping"}
{"level":"warn","pid":12240,"process":"Isolated Web Co","addr":2319471558656,"prot":7,"time":1791612268787,"caller":"/home/lakshy-sharma/Citadel/Workshop/vajra/workspace/src/internal/watcher/eventsink.go:198","message":"event sink: W^X memory mapping"}
{"level":"warn","pid":12240,"process":"Isolated Web Co","addr":2319471624192,"prot":7,"time":1791612268798,"caller":"/home/lakshy-sharma/Citadel/Workshop/vajra/workspace/src/internal/watcher/eventsink.go:198","message":"event sink: W^X memory mapping"}
{"level":"warn","pid":12240,"process":"Isolated Web Co","addr":2319471689728,"prot":7,"time":1791612268809,"caller":"/home/lakshy-sharma/Citadel/Workshop/vajra/workspace/src/internal/watcher/eventsink.go:198","message":"event sink: W^X memory mapping"}
{"level":"warn","pid":12254,"process":"Isolated Web Co","addr":4862724841472,"prot":7,"time":1791612269352,"caller":"/home/lakshy-sharma/Citadel/Workshop/vajra/workspace/src/internal/watcher/eventsink.go:198","message":"event sink: W^X memory mapping"}
{"level":"warn","pid":12254,"process":"Isolated Web Co","addr":4862724907008,"prot":7,"time":1791612269584,"caller":"/home/lakshy-sharma/Citadel/Workshop/vajra/workspace/src/internal/watcher/eventsink.go:198","message":"event sink: W^X memory mapping"}
{"level":"warn","pid":12240,"process":"Isolated Web Co","addr":2319470706688,"prot":7,"time":1791612269812,"caller":"/home/lakshy-sharma/Citadel/Workshop/vajra/workspace/src/internal/watcher/eventsink.go:198","message":"event sink: W^X memory mapping"}
{"level":"warn","pid":12240,"process":"Isolated Web Co","addr":2319470772224,"prot":7,"time":1791612269814,"caller":"/home/lakshy-sharma/Citadel/Workshop/vajra/workspace/src/internal/watcher/eventsink.go:198","message":"event sink: W^X memory mapping"}
{"level":"warn","pid":12240,"process":"Isolated Web Co","addr":2319470837760,"prot":7,"time":1791612269816,"caller":"/home/lakshy-sharma/Citadel/Workshop/vajra/workspace/src/internal/watcher/eventsink.go:198","message":"event sink: W^X memory mapping"}
{"level":"warn","pid":12240,"process":"Isolated Web Co","addr":2319470968832,"prot":7,"time":1791612270820,"caller":"/home/lakshy-sharma/Citadel/Workshop/vajra/workspace/src/internal/watcher/eventsink.go:198","message":"event sink: W^X memory mapping"}
{"level":"warn","pid":12240,"process":"Isolated Web Co","addr":2319471034368,"prot":7,"time":1791612270821,"caller":"/home/lakshy-sharma/Citadel/Workshop/vajra/workspace/src/internal/watcher/eventsink.go:198","message":"event sink: W^X memory mapping"}
{"level":"warn","pid":348995,"process":"runc:[1:CHILD]","event":"namespace_enter","time":1791612271457,"caller":"/home/lakshy-sharma/Citadel/Workshop/vajra/workspace/src/internal/watcher/eventsink.go:243","message":"event sink: high-severity security event"}
{"level":"warn","pid":348995,"process":"runc:[1:CHILD]","event":"namespace_enter","time":1791612271468,"caller":"/home/lakshy-sharma/Citadel/Workshop/vajra/workspace/src/internal/watcher/eventsink.go:243","message":"event sink: high-severity security event"}
{"level":"warn","pid":348995,"process":"runc:[1:CHILD]","event":"namespace_enter","time":1791612271469,"caller":"/home/lakshy-sharma/Citadel/Workshop/vajra/workspace/src/internal/watcher/eventsink.go:243","message":"event sink: high-severity security event"}
{"level":"warn","pid":348995,"process":"runc:[1:CHILD]","event":"namespace_enter","time":1791612271469,"caller":"/home/lakshy-sharma/Citadel/Workshop/vajra/workspace/src/internal/watcher/eventsink.go:243","message":"event sink: high-severity security event"}
{"level":"warn","pid":348995,"process":"runc:[1:CHILD]","event":"namespace_enter","time":1791612271469,"caller":"/home/lakshy-sharma/Citadel/Workshop/vajra/workspace/src/internal/watcher/eventsink.go:243","message":"event sink: high-severity security event"}
{"level":"warn","pid":348995,"process":"runc:[1:CHILD]","event":"namespace_enter","time":1791612271470,"caller":"/home/lakshy-sharma/Citadel/Workshop/vajra/workspace/src/internal/watcher/eventsink.go:243","message":"event sink: high-severity security event"}
{"level":"warn","pid":348995,"process":"runc:[1:CHILD]","event":"namespace_enter","time":1791612271470,"caller":"/home/lakshy-sharma/Citadel/Workshop/vajra/workspace/src/internal/watcher/eventsink.go:243","message":"event sink: high-severity security event"}
{"level":"warn","pid":348995,"process":"runc:[1:CHILD]","event":"namespace_create","time":1791612271470,"caller":"/home/lakshy-sharma/Citadel/Workshop/vajra/workspace/src/internal/watcher/eventsink.go:243","message":"event sink: high-severity security event"}
{"level":"warn","pid":348996,"process":"runc:[2:INIT]","event":"capset","time":1791612271476,"caller":"/home/lakshy-sharma/Citadel/Workshop/vajra/workspace/src/internal/watcher/eventsink.go:243","message":"event sink: high-severity security event"}
{"level":"warn","pid":349002,"process":"python","dst":"127.0.0.1","dst_port":8000,"time":1791612271529,"caller":"/home/lakshy-sharma/Citadel/Workshop/vajra/workspace/src/internal/watcher/eventsink.go:127","message":"event sink: high-value network connection"}
{"level":"warn","pid":12240,"process":"Isolated Web Co","addr":2319471099904,"prot":7,"time":1791612271822,"caller":"/home/lakshy-sharma/Citadel/Workshop/vajra/workspace/src/internal/watcher/eventsink.go:198","message":"event sink: W^X memory mapping"}
{"level":"warn","pid":12240,"process":"Isolated Web Co","addr":2319471165440,"prot":7,"time":1791612271825,"caller":"/home/lakshy-sharma/Citadel/Workshop/vajra/workspace/src/internal/watcher/eventsink.go:198","message":"event sink: W^X memory mapping"}
{"level":"warn","pid":12254,"process":"Isolated Web Co","addr":4862724972544,"prot":7,"time":1791612272134,"caller":"/home/lakshy-sharma/Citadel/Workshop/vajra/workspace/src/internal/watcher/eventsink.go:198","message":"event sink: W^X memory mapping"}
{"level":"warn","pid":12254,"process":"DOM Worker","addr":4862725038080,"prot":7,"time":1791612272176,"caller":"/home/lakshy-sharma/Citadel/Workshop/vajra/workspace/src/internal/watcher/eventsink.go:198","message":"event sink: W^X memory mapping"}
{"level":"warn","pid":12254,"process":"DOM Worker","addr":4862725169152,"prot":7,"time":1791612272177,"caller":"/home/lakshy-sharma/Citadel/Workshop/vajra/workspace/src/internal/watcher/eventsink.go:198","message":"event sink: W^X memory mapping"}
{"level":"warn","pid":12254,"process":"DOM Worker","addr":4862725300224,"prot":7,"time":1791612272178,"caller":"/home/lakshy-sharma/Citadel/Workshop/vajra/workspace/src/internal/watcher/eventsink.go:198","message":"event sink: W^X memory mapping"}
{"level":"warn","pid":12254,"process":"DOM Worker","addr":4862725365760,"prot":7,"time":1791612272497,"caller":"/home/lakshy-sharma/Citadel/Workshop/vajra/workspace/src/internal/watcher/eventsink.go:198","message":"event sink: W^X memory mapping"}
{"level":"warn","pid":12254,"process":"DOM Worker","addr":4862725431296,"prot":7,"time":1791612272497,"caller":"/home/lakshy-sharma/Citadel/Workshop/vajra/workspace/src/internal/watcher/eventsink.go:198","message":"event sink: W^X memory mapping"}
{"level":"warn","pid":12240,"process":"Isolated Web Co","addr":2319470772224,"prot":7,"time":1791612274830,"caller":"/home/lakshy-sharma/Citadel/Workshop/vajra/workspace/src/internal/watcher/eventsink.go:198","message":"event sink: W^X memory mapping"}
{"level":"warn","pid":12240,"process":"Isolated Web Co","addr":2319470903296,"prot":7,"time":1791612274831,"caller":"/home/lakshy-sharma/Citadel/Workshop/vajra/workspace/src/internal/watcher/eventsink.go:198","message":"event sink: W^X memory mapping"}
{"level":"warn","pid":12240,"process":"Isolated Web Co","addr":2319470968832,"prot":7,"time":1791612274833,"caller":"/home/lakshy-sharma/Citadel/Workshop/vajra/workspace/src/internal/watcher/eventsink.go:198","message":"event sink: W^X memory mapping"}
{"level":"warn","pid":12240,"process":"Isolated Web Co","addr":2319471099904,"prot":7,"time":1791612274834,"caller":"/home/lakshy-sharma/Citadel/Workshop/vajra/workspace/src/internal/watcher/eventsink.go:198","message":"event sink: W^X memory mapping"}
{"level":"warn","pid":12240,"process":"Isolated Web Co","addr":2319471230976,"prot":7,"time":1791612275836,"caller":"/home/lakshy-sharma/Citadel/Workshop/vajra/workspace/src/internal/watcher/eventsink.go:198","message":"event sink: W^X memory mapping"}
{"level":"warn","pid":12240,"process":"Isolated Web Co","addr":2319471296512,"prot":7,"time":1791612275838,"caller":"/home/lakshy-sharma/Citadel/Workshop/vajra/workspace/src/internal/watcher/eventsink.go:198","message":"event sink: W^X memory mapping"}
{"level":"warn","pid":12240,"process":"Isolated Web Co","addr":2319471558656,"prot":7,"time":1791612275843,"caller":"/home/lakshy-sharma/Citadel/Workshop/vajra/workspace/src/internal/watcher/eventsink.go:198","message":"event sink: W^X memory mapping"}
{"level":"warn","pid":12240,"process":"Isolated Web Co","addr":2319471689728,"prot":7,"time":1791612275851,"caller":"/home/lakshy-sharma/Citadel/Workshop/vajra/workspace/src/internal/watcher/eventsink.go:198","message":"event sink: W^X memory mapping"}
{"level":"warn","pid":12240,"process":"Isolated Web Co","addr":2319471820800,"prot":7,"time":1791612275863,"caller":"/home/lakshy-sharma/Citadel/Workshop/vajra/workspace/src/internal/watcher/eventsink.go:198","message":"event sink: W^X memory mapping"}
{"level":"warn","pid":12240,"process":"Isolated Web Co","addr":2319471886336,"prot":7,"time":1791612276900,"caller":"/home/lakshy-sharma/Citadel/Workshop/vajra/workspace/src/internal/watcher/eventsink.go:198","message":"event sink: W^X memory mapping"}
{"level":"warn","pid":12254,"process":"Isolated Web Co","addr":4862725103616,"prot":7,"time":1791612277401,"caller":"/home/lakshy-sharma/Citadel/Workshop/vajra/workspace/src/internal/watcher/eventsink.go:198","message":"event sink: W^X memory mapping"}
{"level":"warn","pid":12240,"process":"Isolated Web Co","addr":2319471951872,"prot":7,"time":1791612277904,"caller":"/home/lakshy-sharma/Citadel/Workshop/vajra/workspace/src/internal/watcher/eventsink.go:198","message":"event sink: W^X memory mapping"}
{"level":"warn","pid":12254,"process":"DOM Worker","addr":4862725234688,"prot":7,"time":1791612278388,"caller":"/home/lakshy-sharma/Citadel/Workshop/vajra/workspace/src/internal/watcher/eventsink.go:198","message":"event sink: W^X memory mapping"}
{"level":"warn","pid":12254,"process":"DOM Worker","addr":4862725365760,"prot":7,"time":1791612278389,"caller":"/home/lakshy-sharma/Citadel/Workshop/vajra/workspace/src/internal/watcher/eventsink.go:198","message":"event sink: W^X memory mapping"}
{"level":"warn","pid":12254,"process":"DOM Worker","addr":4862725431296,"prot":7,"time":1791612278390,"caller":"/home/lakshy-sharma/Citadel/Workshop/vajra/workspace/src/internal/watcher/eventsink.go:198","message":"event sink: W^X memory mapping"}
{"level":"warn","pid":12254,"process":"Isolated Web Co","addr":4862725496832,"prot":7,"time":1791612279703,"caller":"/home/lakshy-sharma/Citadel/Workshop/vajra/workspace/src/internal/watcher/eventsink.go:198","message":"event sink: W^X memory mapping"}
{"level":"warn","pid":12240,"process":"Isolated Web Co","addr":2319471624192,"prot":7,"time":1791612279912,"caller":"/home/lakshy-sharma/Citadel/Workshop/vajra/workspace/src/internal/watcher/eventsink.go:198","message":"event sink: W^X memory mapping"}
{"level":"warn","pid":12240,"process":"Isolated Web Co","addr":2319471755264,"prot":7,"time":1791612281969,"caller":"/home/lakshy-sharma/Citadel/Workshop/vajra/workspace/src/internal/watcher/eventsink.go:198","message":"event sink: W^X memory mapping"}
{"level":"warn","pid":12240,"process":"Isolated Web Co","addr":2319472017408,"prot":7,"time":1791612282989,"caller":"/home/lakshy-sharma/Citadel/Workshop/vajra/workspace/src/internal/watcher/eventsink.go:198","message":"event sink: W^X memory mapping"}
{"level":"warn","pid":12254,"process":"Isolated Web Co","addr":4862716387328,"prot":7,"time":1791612287858,"caller":"/home/lakshy-sharma/Citadel/Workshop/vajra/workspace/src/internal/watcher/eventsink.go:198","message":"event sink: W^X memory mapping"}
{"level":"warn","pid":12240,"process":"Isolated Web Co","addr":2319472148480,"prot":7,"time":1791612288039,"caller":"/home/lakshy-sharma/Citadel/Workshop/vajra/workspace/src/internal/watcher/eventsink.go:198","message":"event sink: W^X memory mapping"}
{"level":"warn","pid":12254,"process":"Isolated Web Co","addr":4862716452864,"prot":7,"time":1791612291879,"caller":"/home/lakshy-sharma/Citadel/Workshop/vajra/workspace/src/internal/watcher/eventsink.go:198","message":"event sink: W^X memory mapping"}
{"level":"warn","pid":12254,"process":"Isolated Web Co","addr":4862716518400,"prot":7,"time":1791612291880,"caller":"/home/lakshy-sharma/Citadel/Workshop/vajra/workspace/src/internal/watcher/eventsink.go:198","message":"event sink: W^X memory mapping"}
{"level":"warn","pid":12240,"process":"Isolated Web Co","addr":2319472214016,"prot":7,"time":1791612293141,"caller":"/home/lakshy-sharma/Citadel/Workshop/vajra/workspace/src/internal/watcher/eventsink.go:198","message":"event sink: W^X memory mapping"}
{"level":"warn","pid":12240,"process":"Isolated Web Co","addr":2319472345088,"prot":7,"time":1791612293143,"caller":"/home/lakshy-sharma/Citadel/Workshop/vajra/workspace/src/internal/watcher/eventsink.go:198","message":"event sink: W^X memory mapping"}
{"level":"warn","pid":12254,"process":"Isolated Web Co","addr":4862716649472,"prot":7,"time":1791612295456,"caller":"/home/lakshy-sharma/Citadel/Workshop/vajra/workspace/src/internal/watcher/eventsink.go:198","message":"event sink: W^X memory mapping"}
{"level":"warn","pid":12254,"process":"Isolated Web Co","addr":4862716780544,"prot":7,"time":1791612295457,"caller":"/home/lakshy-sharma/Citadel/Workshop/vajra/workspace/src/internal/watcher/eventsink.go:198","message":"event sink: W^X memory mapping"}
{"level":"warn","pid":12254,"process":"Isolated Web Co","addr":4862716846080,"prot":7,"time":1791612295458,"caller":"/home/lakshy-sharma/Citadel/Workshop/vajra/workspace/src/internal/watcher/eventsink.go:198","message":"event sink: W^X memory mapping"}
{"level":"warn","pid":12254,"process":"Isolated Web Co","addr":4862716977152,"prot":7,"time":1791612295459,"caller":"/home/lakshy-sharma/Citadel/Workshop/vajra/workspace/src/internal/watcher/eventsink.go:198","message":"event sink: W^X memory mapping"}
{"level":"warn","pid":12254,"process":"Isolated Web Co","addr":4862717108224,"prot":7,"time":1791612295459,"caller":"/home/lakshy-sharma/Citadel/Workshop/vajra/workspace/src/internal/watcher/eventsink.go:198","message":"event sink: W^X memory mapping"}
{"level":"warn","pid":12254,"process":"Isolated Web Co","addr":4862717239296,"prot":7,"time":1791612295460,"caller":"/home/lakshy-sharma/Citadel/Workshop/vajra/workspace/src/internal/watcher/eventsink.go:198","message":"event sink: W^X memory mapping"}
{"level":"warn","pid":12254,"process":"Isolated Web Co","addr":4862717304832,"prot":7,"time":1791612295461,"caller":"/home/lakshy-sharma/Citadel/Workshop/vajra/workspace/src/internal/watcher/eventsink.go:198","message":"event sink: W^X memory mapping"}
{"level":"warn","pid":12254,"process":"Isolated Web Co","addr":4862717435904,"prot":7,"time":1791612300241,"caller":"/home/lakshy-sharma/Citadel/Workshop/vajra/workspace/src/internal/watcher/eventsink.go:198","message":"event sink: W^X memory mapping"}
{"level":"warn","pid":12254,"process":"Isolated Web Co","addr":4862717566976,"prot":7,"time":1791612300242,"caller":"/home/lakshy-sharma/Citadel/Workshop/vajra/workspace/src/internal/watcher/eventsink.go:198","message":"event sink: W^X memory mapping"}
{"level":"warn","pid":12254,"process":"Isolated Web Co","addr":4862717632512,"prot":7,"time":1791612300243,"caller":"/home/lakshy-sharma/Citadel/Workshop/vajra/workspace/src/internal/watcher/eventsink.go:198","message":"event sink: W^X memory mapping"}
{"level":"warn","pid":12254,"process":"Isolated Web Co","addr":4862717698048,"prot":7,"time":1791612300244,"caller":"/home/lakshy-sharma/Citadel/Workshop/vajra/workspace/src/internal/watcher/eventsink.go:198","message":"event sink: W^X memory mapping"}
{"level":"warn","pid":12254,"process":"Isolated Web Co","addr":4862717763584,"prot":7,"time":1791612300245,"caller":"/home/lakshy-sharma/Citadel/Workshop/vajra/workspace/src/internal/watcher/eventsink.go:198","message":"event sink: W^X memory mapping"}
{"level":"warn","pid":12254,"process":"Isolated Web Co","addr":4862717894656,"prot":7,"time":1791612300247,"caller":"/home/lakshy-sharma/Citadel/Workshop/vajra/workspace/src/internal/watcher/eventsink.go:198","message":"event sink: W^X memory mapping"}
{"level":"warn","pid":12254,"process":"Isolated Web Co","addr":4862717960192,"prot":7,"time":1791612300249,"caller":"/home/lakshy-sharma/Citadel/Workshop/vajra/workspace/src/internal/watcher/eventsink.go:198","message":"event sink: W^X memory mapping"}
{"level":"warn","pid":12254,"process":"Isolated Web Co","addr":4862718156800,"prot":7,"time":1791612300250,"caller":"/home/lakshy-sharma/Citadel/Workshop/vajra/workspace/src/internal/watcher/eventsink.go:198","message":"event sink: W^X memory mapping"}
{"level":"warn","pid":12254,"process":"Isolated Web Co","addr":4862718353408,"prot":7,"time":1791612300251,"caller":"/home/lakshy-sharma/Citadel/Workshop/vajra/workspace/src/internal/watcher/eventsink.go:198","message":"event sink: W^X memory mapping"}
{"level":"warn","pid":12254,"process":"Isolated Web Co","addr":4862718484480,"prot":7,"time":1791612300252,"caller":"/home/lakshy-sharma/Citadel/Workshop/vajra/workspace/src/internal/watcher/eventsink.go:198","message":"event sink: W^X memory mapping"}
{"level":"warn","pid":12254,"process":"Isolated Web Co","addr":4862718615552,"prot":7,"time":1791612300253,"caller":"/home/lakshy-sharma/Citadel/Workshop/vajra/workspace/src/internal/watcher/eventsink.go:198","message":"event sink: W^X memory mapping"}
{"level":"warn","pid":12254,"process":"Isolated Web Co","addr":4862718681088,"prot":7,"time":1791612300254,"caller":"/home/lakshy-sharma/Citadel/Workshop/vajra/workspace/src/internal/watcher/eventsink.go:198","message":"event sink: W^X memory mapping"}
{"level":"warn","pid":12254,"process":"Isolated Web Co","addr":4862718746624,"prot":7,"time":1791612300255,"caller":"/home/lakshy-sharma/Citadel/Workshop/vajra/workspace/src/internal/watcher/eventsink.go:198","message":"event sink: W^X memory mapping"}
{"level":"warn","pid":12254,"process":"Isolated Web Co","addr":4862718877696,"prot":7,"time":1791612300257,"caller":"/home/lakshy-sharma/Citadel/Workshop/vajra/workspace/src/internal/watcher/eventsink.go:198","message":"event sink: W^X memory mapping"}
{"level":"warn","pid":12254,"process":"Isolated Web Co","addr":4862718943232,"prot":7,"time":1791612300258,"caller":"/home/lakshy-sharma/Citadel/Workshop/vajra/workspace/src/internal/watcher/eventsink.go:198","message":"event sink: W^X memory mapping"}
{"level":"warn","pid":12254,"process":"Isolated Web Co","addr":4862719074304,"prot":7,"time":1791612300260,"caller":"/home/lakshy-sharma/Citadel/Workshop/vajra/workspace/src/internal/watcher/eventsink.go:198","message":"event sink: W^X memory mapping"}
{"level":"warn","pid":12254,"process":"Isolated Web Co","addr":4862719139840,"prot":7,"time":1791612300261,"caller":"/home/lakshy-sharma/Citadel/Workshop/vajra/workspace/src/internal/watcher/eventsink.go:198","message":"event sink: W^X memory mapping"}
{"level":"warn","pid":12254,"process":"Isolated Web Co","addr":4862719205376,"prot":7,"time":1791612300265,"caller":"/home/lakshy-sharma/Citadel/Workshop/vajra/workspace/src/internal/watcher/eventsink.go:198","message":"event sink: W^X memory mapping"}
{"level":"warn","pid":12254,"process":"Isolated Web Co","addr":4862719860736,"prot":7,"time":1791612300267,"caller":"/home/lakshy-sharma/Citadel/Workshop/vajra/workspace/src/internal/watcher/eventsink.go:198","message":"event sink: W^X memory mapping"}
{"level":"warn","pid":12254,"process":"Isolated Web Co","addr":4862719926272,"prot":7,"time":1791612300268,"caller":"/home/lakshy-sharma/Citadel/Workshop/vajra/workspace/src/internal/watcher/eventsink.go:198","message":"event sink: W^X memory mapping"}
{"level":"warn","pid":12254,"process":"Isolated Web Co","addr":4862719991808,"prot":7,"time":1791612300270,"caller":"/home/lakshy-sharma/Citadel/Workshop/vajra/workspace/src/internal/watcher/eventsink.go:198","message":"event sink: W^X memory mapping"}
{"level":"warn","pid":12254,"process":"Isolated Web Co","addr":4862720057344,"prot":7,"time":1791612300271,"caller":"/home/lakshy-sharma/Citadel/Workshop/vajra/workspace/src/internal/watcher/eventsink.go:198","message":"event sink: W^X memory mapping"}
{"level":"warn","pid":12254,"process":"Isolated Web Co","addr":4862720188416,"prot":7,"time":1791612300273,"caller":"/home/lakshy-sharma/Citadel/Workshop/vajra/workspace/src/internal/watcher/eventsink.go:198","message":"event sink: W^X memory mapping"}
{"level":"warn","pid":12254,"process":"Isolated Web Co","addr":4862720319488,"prot":7,"time":1791612300274,"caller":"/home/lakshy-sharma/Citadel/Workshop/vajra/workspace/src/internal/watcher/eventsink.go:198","message":"event sink: W^X memory mapping"}
{"level":"warn","pid":12254,"process":"Isolated Web Co","addr":4862720450560,"prot":7,"time":1791612300279,"caller":"/home/lakshy-sharma/Citadel/Workshop/vajra/workspace/src/internal/watcher/eventsink.go:198","message":"event sink: W^X memory mapping"}
{"level":"warn","pid":12254,"process":"Isolated Web Co","addr":4862720581632,"prot":7,"time":1791612300286,"caller":"/home/lakshy-sharma/Citadel/Workshop/vajra/workspace/src/internal/watcher/eventsink.go:198","message":"event sink: W^X memory mapping"}
{"level":"warn","pid":12254,"process":"Isolated Web Co","addr":4862720647168,"prot":7,"time":1791612300288,"caller":"/home/lakshy-sharma/Citadel/Workshop/vajra/workspace/src/internal/watcher/eventsink.go:198","message":"event sink: W^X memory mapping"}
{"level":"warn","pid":12254,"process":"Isolated Web Co","addr":4862720778240,"prot":7,"time":1791612300293,"caller":"/home/lakshy-sharma/Citadel/Workshop/vajra/workspace/src/internal/watcher/eventsink.go:198","message":"event sink: W^X memory mapping"}
{"level":"warn","pid":12254,"process":"Isolated Web Co","addr":4862720843776,"prot":7,"time":1791612300302,"caller":"/home/lakshy-sharma/Citadel/Workshop/vajra/workspace/src/internal/watcher/eventsink.go:198","message":"event sink: W^X memory mapping"}
{"level":"warn","pid":12254,"process":"Isolated Web Co","addr":4862720909312,"prot":7,"time":1791612300308,"caller":"/home/lakshy-sharma/Citadel/Workshop/vajra/workspace/src/internal/watcher/eventsink.go:198","message":"event sink: W^X memory mapping"}
{"level":"warn","pid":12254,"process":"Isolated Web Co","addr":4862720974848,"prot":7,"time":1791612300316,"caller":"/home/lakshy-sharma/Citadel/Workshop/vajra/workspace/src/internal/watcher/eventsink.go:198","message":"event sink: W^X memory mapping"}
{"level":"warn","pid":12254,"process":"Isolated Web Co","addr":4862721105920,"prot":7,"time":1791612300473,"caller":"/home/lakshy-sharma/Citadel/Workshop/vajra/workspace/src/internal/watcher/eventsink.go:198","message":"event sink: W^X memory mapping"}
{"level":"warn","pid":12254,"process":"Isolated Web Co","addr":4862721171456,"prot":7,"time":1791612300473,"caller":"/home/lakshy-sharma/Citadel/Workshop/vajra/workspace/src/internal/watcher/eventsink.go:198","message":"event sink: W^X memory mapping"}
{"level":"warn","pid":12254,"process":"Isolated Web Co","addr":4862721236992,"prot":7,"time":1791612300480,"caller":"/home/lakshy-sharma/Citadel/Workshop/vajra/workspace/src/internal/watcher/eventsink.go:198","message":"event sink: W^X memory mapping"}
{"level":"warn","pid":12254,"process":"Isolated Web Co","addr":4862721302528,"prot":7,"time":1791612300481,"caller":"/home/lakshy-sharma/Citadel/Workshop/vajra/workspace/src/internal/watcher/eventsink.go:198","message":"event sink: W^X memory mapping"}
{"level":"warn","pid":12254,"process":"Isolated Web Co","addr":4862721433600,"prot":7,"time":1791612300859,"caller":"/home/lakshy-sharma/Citadel/Workshop/vajra/workspace/src/internal/watcher/eventsink.go:198","message":"event sink: W^X memory mapping"}
{"level":"warn","pid":12254,"process":"Isolated Web Co","addr":4862721499136,"prot":7,"time":1791612300861,"caller":"/home/lakshy-sharma/Citadel/Workshop/vajra/workspace/src/internal/watcher/eventsink.go:198","message":"event sink: W^X memory mapping"}
{"level":"warn","pid":12254,"process":"Isolated Web Co","addr":4862721564672,"prot":7,"time":1791612300862,"caller":"/home/lakshy-sharma/Citadel/Workshop/vajra/workspace/src/internal/watcher/eventsink.go:198","message":"event sink: W^X memory mapping"}
{"level":"warn","pid":12254,"process":"Isolated Web Co","addr":4862721695744,"prot":7,"time":1791612300864,"caller":"/home/lakshy-sharma/Citadel/Workshop/vajra/workspace/src/internal/watcher/eventsink.go:198","message":"event sink: W^X memory mapping"}
{"level":"warn","pid":12254,"process":"DOM Worker","addr":4862721826816,"prot":7,"time":1791612300904,"caller":"/home/lakshy-sharma/Citadel/Workshop/vajra/workspace/src/internal/watcher/eventsink.go:198","message":"event sink: W^X memory mapping"}
{"level":"warn","pid":12254,"process":"DOM Worker","addr":4862721957888,"prot":7,"time":1791612300905,"caller":"/home/lakshy-sharma/Citadel/Workshop/vajra/workspace/src/internal/watcher/eventsink.go:198","message":"event sink: W^X memory mapping"}
{"level":"warn","pid":12254,"process":"DOM Worker","addr":4862722088960,"prot":7,"time":1791612300906,"caller":"/home/lakshy-sharma/Citadel/Workshop/vajra/workspace/src/internal/watcher/eventsink.go:198","message":"event sink: W^X memory mapping"}
{"level":"warn","pid":349031,"process":"runc:[1:CHILD]","event":"namespace_enter","time":1791612301552,"caller":"/home/lakshy-sharma/Citadel/Workshop/vajra/workspace/src/internal/watcher/eventsink.go:243","message":"event sink: high-severity security event"}
{"level":"warn","pid":349031,"process":"runc:[1:CHILD]","event":"namespace_enter","time":1791612301553,"caller":"/home/lakshy-sharma/Citadel/Workshop/vajra/workspace/src/internal/watcher/eventsink.go:243","message":"event sink: high-severity security event"}
{"level":"warn","pid":349031,"process":"runc:[1:CHILD]","event":"namespace_enter","time":1791612301553,"caller":"/home/lakshy-sharma/Citadel/Workshop/vajra/workspace/src/internal/watcher/eventsink.go:243","message":"event sink: high-severity security event"}
{"level":"warn","pid":349031,"process":"runc:[1:CHILD]","event":"namespace_enter","time":1791612301553,"caller":"/home/lakshy-sharma/Citadel/Workshop/vajra/workspace/src/internal/watcher/eventsink.go:243","message":"event sink: high-severity security event"}
{"level":"warn","pid":349031,"process":"runc:[1:CHILD]","event":"namespace_enter","time":1791612301553,"caller":"/home/lakshy-sharma/Citadel/Workshop/vajra/workspace/src/internal/watcher/eventsink.go:243","message":"event sink: high-severity security event"}
{"level":"warn","pid":349031,"process":"runc:[1:CHILD]","event":"namespace_enter","time":1791612301553,"caller":"/home/lakshy-sharma/Citadel/Workshop/vajra/workspace/src/internal/watcher/eventsink.go:243","message":"event sink: high-severity security event"}
{"level":"warn","pid":349031,"process":"runc:[1:CHILD]","event":"namespace_enter","time":1791612301554,"caller":"/home/lakshy-sharma/Citadel/Workshop/vajra/workspace/src/internal/watcher/eventsink.go:243","message":"event sink: high-severity security event"}
{"level":"warn","pid":349031,"process":"runc:[1:CHILD]","event":"namespace_create","time":1791612301554,"caller":"/home/lakshy-sharma/Citadel/Workshop/vajra/workspace/src/internal/watcher/eventsink.go:243","message":"event sink: high-severity security event"}
{"level":"warn","pid":349032,"process":"runc:[2:INIT]","event":"capset","time":1791612301572,"caller":"/home/lakshy-sharma/Citadel/Workshop/vajra/workspace/src/internal/watcher/eventsink.go:243","message":"event sink: high-severity security event"}
{"level":"warn","pid":349038,"process":"python","dst":"127.0.0.1","dst_port":8000,"time":1791612301623,"caller":"/home/lakshy-sharma/Citadel/Workshop/vajra/workspace/src/internal/watcher/eventsink.go:127","message":"event sink: high-value network connection"}
{"level":"warn","pid":12254,"process":"Isolated Web Co","addr":4862722220032,"prot":7,"time":1791612305281,"caller":"/home/lakshy-sharma/Citadel/Workshop/vajra/workspace/src/internal/watcher/eventsink.go:198","message":"event sink: W^X memory mapping"}
{"level":"warn","pid":12254,"process":"Isolated Web Co","addr":4862722351104,"prot":7,"time":1791612305334,"caller":"/home/lakshy-sharma/Citadel/Workshop/vajra/workspace/src/internal/watcher/eventsink.go:198","message":"event sink: W^X memory mapping"}
{"level":"warn","pid":12254,"process":"Isolated Web Co","addr":4862722416640,"prot":7,"time":1791612305704,"caller":"/home/lakshy-sharma/Citadel/Workshop/vajra/workspace/src/internal/watcher/eventsink.go:198","message":"event sink: W^X memory mapping"}
{"level":"warn","pid":12254,"process":"Isolated Web Co","addr":4862722547712,"prot":7,"time":1791612305753,"caller":"/home/lakshy-sharma/Citadel/Workshop/vajra/workspace/src/internal/watcher/eventsink.go:198","message":"event sink: W^X memory mapping"}
{"level":"warn","pid":12254,"process":"Isolated Web Co","addr":4862722613248,"prot":7,"time":1791612305799,"caller":"/home/lakshy-sharma/Citadel/Workshop/vajra/workspace/src/internal/watcher/eventsink.go:198","message":"event sink: W^X memory mapping"}
{"level":"warn","pid":12254,"process":"Isolated Web Co","addr":4862721826816,"prot":7,"time":1791612306969,"caller":"/home/lakshy-sharma/Citadel/Workshop/vajra/workspace/src/internal/watcher/eventsink.go:198","message":"event sink: W^X memory mapping"}
{"level":"warn","pid":12254,"process":"DOM Worker","addr":4862721892352,"prot":7,"time":1791612307390,"caller":"/home/lakshy-sharma/Citadel/Workshop/vajra/workspace/src/internal/watcher/eventsink.go:198","message":"event sink: W^X memory mapping"}
{"level":"warn","pid":12254,"process":"DOM Worker","addr":4862722023424,"prot":7,"time":1791612307391,"caller":"/home/lakshy-sharma/Citadel/Workshop/vajra/workspace/src/internal/watcher/eventsink.go:198","message":"event sink: W^X memory mapping"}
{"level":"warn","pid":12254,"process":"DOM Worker","addr":4862722285568,"prot":7,"time":1791612307392,"caller":"/home/lakshy-sharma/Citadel/Workshop/vajra/workspace/src/internal/watcher/eventsink.go:198","message":"event sink: W^X memory mapping"}
{"level":"warn","pid":12254,"process":"DOM Worker","addr":4862722482176,"prot":7,"time":1791612307394,"caller":"/home/lakshy-sharma/Citadel/Workshop/vajra/workspace/src/internal/watcher/eventsink.go:198","message":"event sink: W^X memory mapping"}
{"level":"warn","pid":12254,"process":"DOM Worker","addr":4862722678784,"prot":7,"time":1791612307395,"caller":"/home/lakshy-sharma/Citadel/Workshop/vajra/workspace/src/internal/watcher/eventsink.go:198","message":"event sink: W^X memory mapping"}
{"level":"warn","pid":12254,"process":"Isolated Web Co","addr":4862722744320,"prot":7,"time":1791612307797,"caller":"/home/lakshy-sharma/Citadel/Workshop/vajra/workspace/src/internal/watcher/eventsink.go:198","message":"event sink: W^X memory mapping"}
{"level":"warn","pid":12254,"process":"Isolated Web Co","addr":4862722875392,"prot":7,"time":1791612307801,"caller":"/home/lakshy-sharma/Citadel/Workshop/vajra/workspace/src/internal/watcher/eventsink.go:198","message":"event sink: W^X memory mapping"}
{"level":"warn","pid":12254,"process":"Isolated Web Co","addr":4862723006464,"prot":7,"time":1791612307808,"caller":"/home/lakshy-sharma/Citadel/Workshop/vajra/workspace/src/internal/watcher/eventsink.go:198","message":"event sink: W^X memory mapping"}
{"level":"warn","pid":12254,"process":"Isolated Web Co","addr":4862723072000,"prot":7,"time":1791612307868,"caller":"/home/lakshy-sharma/Citadel/Workshop/vajra/workspace/src/internal/watcher/eventsink.go:198","message":"event sink: W^X memory mapping"}
{"level":"warn","pid":12254,"process":"Isolated Web Co","addr":4862723137536,"prot":7,"time":1791612308323,"caller":"/home/lakshy-sharma/Citadel/Workshop/vajra/workspace/src/internal/watcher/eventsink.go:198","message":"event sink: W^X memory mapping"}
{"level":"warn","pid":12254,"process":"Isolated Web Co","addr":4862723203072,"prot":7,"time":1791612308566,"caller":"/home/lakshy-sharma/Citadel/Workshop/vajra/workspace/src/internal/watcher/eventsink.go:198","message":"event sink: W^X memory mapping"}
{"level":"warn","pid":12254,"process":"Isolated Web Co","addr":4862723399680,"prot":7,"time":1791612308649,"caller":"/home/lakshy-sharma/Citadel/Workshop/vajra/workspace/src/internal/watcher/eventsink.go:198","message":"event sink: W^X memory mapping"}
{"level":"warn","pid":12254,"process":"Isolated Web Co","addr":4862723530752,"prot":7,"time":1791612310363,"caller":"/home/lakshy-sharma/Citadel/Workshop/vajra/workspace/src/internal/watcher/eventsink.go:198","message":"event sink: W^X memory mapping"}
{"level":"warn","pid":12254,"process":"Isolated Web Co","addr":4862721892352,"prot":7,"time":1791612312394,"caller":"/home/lakshy-sharma/Citadel/Workshop/vajra/workspace/src/internal/watcher/eventsink.go:198","message":"event sink: W^X memory mapping"}
{"level":"warn","pid":12254,"process":"Isolated Web Co","addr":4862722023424,"prot":7,"time":1791612312424,"caller":"/home/lakshy-sharma/Citadel/Workshop/vajra/workspace/src/internal/watcher/eventsink.go:198","message":"event sink: W^X memory mapping"}
{"level":"warn","pid":12254,"process":"DOM Worker","addr":4862722285568,"prot":7,"time":1791612313400,"caller":"/home/lakshy-sharma/Citadel/Workshop/vajra/workspace/src/internal/watcher/eventsink.go:198","message":"event sink: W^X memory mapping"}
{"level":"warn","pid":12254,"process":"DOM Worker","addr":4862722482176,"prot":7,"time":1791612313407,"caller":"/home/lakshy-sharma/Citadel/Workshop/vajra/workspace/src/internal/watcher/eventsink.go:198","message":"event sink: W^X memory mapping"}
{"level":"warn","pid":12254,"process":"DOM Worker","addr":4862722678784,"prot":7,"time":1791612313408,"caller":"/home/lakshy-sharma/Citadel/Workshop/vajra/workspace/src/internal/watcher/eventsink.go:198","message":"event sink: W^X memory mapping"}
{"level":"warn","pid":12254,"process":"DOM Worker","addr":4862722482176,"prot":7,"time":1791612316534,"caller":"/home/lakshy-sharma/Citadel/Workshop/vajra/workspace/src/internal/watcher/eventsink.go:198","message":"event sink: W^X memory mapping"}
{"level":"warn","pid":12254,"process":"DOM Worker","addr":4862722678784,"prot":7,"time":1791612316535,"caller":"/home/lakshy-sharma/Citadel/Workshop/vajra/workspace/src/internal/watcher/eventsink.go:198","message":"event sink: W^X memory mapping"}
{"level":"warn","pid":12254,"process":"DOM Worker","addr":4862722809856,"prot":7,"time":1791612316536,"caller":"/home/lakshy-sharma/Citadel/Workshop/vajra/workspace/src/internal/watcher/eventsink.go:198","message":"event sink: W^X memory mapping"}
{"level":"warn","pid":12240,"process":"Isolated Web Co","addr":2319472476160,"prot":7,"time":1791612320624,"caller":"/home/lakshy-sharma/Citadel/Workshop/vajra/workspace/src/internal/watcher/eventsink.go:198","message":"event sink: W^X memory mapping"}
{"level":"warn","pid":12240,"process":"Isolated Web Co","addr":2319472607232,"prot":7,"time":1791612320641,"caller":"/home/lakshy-sharma/Citadel/Workshop/vajra/workspace/src/internal/watcher/eventsink.go:198","message":"event sink: W^X memory mapping"}
{"level":"warn","pid":12240,"process":"Isolated Web Co","addr":2319472803840,"prot":7,"time":1791612320643,"caller":"/home/lakshy-sharma/Citadel/Workshop/vajra/workspace/src/internal/watcher/eventsink.go:198","message":"event sink: W^X memory mapping"}
{"level":"warn","pid":12240,"process":"Isolated Web Co","addr":2319472934912,"prot":7,"time":1791612320648,"caller":"/home/lakshy-sharma/Citadel/Workshop/vajra/workspace/src/internal/watcher/eventsink.go:198","message":"event sink: W^X memory mapping"}
{"level":"warn","pid":12240,"process":"Isolated Web Co","addr":2319470772224,"prot":7,"time":1791612321628,"caller":"/home/lakshy-sharma/Citadel/Workshop/vajra/workspace/src/internal/watcher/eventsink.go:198","message":"event sink: W^X memory mapping"}
{"level":"warn","pid":12240,"process":"Isolated Web Co","addr":2319470903296,"prot":7,"time":1791612321630,"caller":"/home/lakshy-sharma/Citadel/Workshop/vajra/workspace/src/internal/watcher/eventsink.go:198","message":"event sink: W^X memory mapping"}
{"level":"warn","pid":12254,"process":"Isolated Web Co","addr":4862722678784,"prot":7,"time":1791612322212,"caller":"/home/lakshy-sharma/Citadel/Workshop/vajra/workspace/src/internal/watcher/eventsink.go:198","message":"event sink: W^X memory mapping"}
{"level":"warn","pid":12240,"process":"Isolated Web Co","addr":2319471034368,"prot":7,"time":1791612322634,"caller":"/home/lakshy-sharma/Citadel/Workshop/vajra/workspace/src/internal/watcher/eventsink.go:198","message":"event sink: W^X memory mapping"}
{"level":"warn","pid":12240,"process":"Isolated Web Co","addr":2319471099904,"prot":7,"time":1791612322636,"caller":"/home/lakshy-sharma/Citadel/Workshop/vajra/workspace/src/internal/watcher/eventsink.go:198","message":"event sink: W^X memory mapping"}
{"level":"warn","pid":12254,"process":"DOM Worker","addr":4862722809856,"prot":7,"time":1791612322857,"caller":"/home/lakshy-sharma/Citadel/Workshop/vajra/workspace/src/internal/watcher/eventsink.go:198","message":"event sink: W^X memory mapping"}
{"level":"warn","pid":12254,"process":"DOM Worker","addr":4862722940928,"prot":7,"time":1791612322859,"caller":"/home/lakshy-sharma/Citadel/Workshop/vajra/workspace/src/internal/watcher/eventsink.go:198","message":"event sink: W^X memory mapping"}
{"level":"warn","pid":12254,"process":"DOM Worker","addr":4862723268608,"prot":7,"time":1791612322860,"caller":"/home/lakshy-sharma/Citadel/Workshop/vajra/workspace/src/internal/watcher/eventsink.go:198","message":"event sink: W^X memory mapping"}
{"level":"warn","pid":12254,"process":"Isolated Web Co","addr":4862723465216,"prot":7,"time":1791612323074,"caller":"/home/lakshy-sharma/Citadel/Workshop/vajra/workspace/src/internal/watcher/eventsink.go:198","message":"event sink: W^X memory mapping"}
{"level":"warn","pid":12254,"process":"Isolated Web Co","addr":4862723596288,"prot":7,"time":1791612323174,"caller":"/home/lakshy-sharma/Citadel/Workshop/vajra/workspace/src/internal/watcher/eventsink.go:198","message":"event sink: W^X memory mapping"}
{"level":"warn","pid":12240,"process":"Isolated Web Co","addr":2319471230976,"prot":7,"time":1791612323639,"caller":"/home/lakshy-sharma/Citadel/Workshop/vajra/workspace/src/internal/watcher/eventsink.go:198","message":"event sink: W^X memory mapping"}
{"level":"warn","pid":12240,"process":"Isolated Web Co","addr":2319471362048,"prot":7,"time":1791612323640,"caller":"/home/lakshy-sharma/Citadel/Workshop/vajra/workspace/src/internal/watcher/eventsink.go:198","message":"event sink: W^X memory mapping"}
{"level":"warn","pid":12254,"process":"Isolated Web Co","addr":4862723727360,"prot":7,"time":1791612324124,"caller":"/home/lakshy-sharma/Citadel/Workshop/vajra/workspace/src/internal/watcher/eventsink.go:198","message":"event sink: W^X memory mapping"}
{"level":"warn","pid":12240,"process":"Isolated Web Co","addr":2319471427584,"prot":7,"time":1791612324645,"caller":"/home/lakshy-sharma/Citadel/Workshop/vajra/workspace/src/internal/watcher/eventsink.go:198","message":"event sink: W^X memory mapping"}
{"level":"warn","pid":12240,"process":"Isolated Web Co","addr":2319471624192,"prot":7,"time":1791612324646,"caller":"/home/lakshy-sharma/Citadel/Workshop/vajra/workspace/src/internal/watcher/eventsink.go:198","message":"event sink: W^X memory mapping"}
{"level":"warn","pid":12240,"process":"Isolated Web Co","addr":2319471755264,"prot":7,"time":1791612324648,"caller":"/home/lakshy-sharma/Citadel/Workshop/vajra/workspace/src/internal/watcher/eventsink.go:198","message":"event sink: W^X memory mapping"}
{"level":"warn","pid":12240,"process":"Isolated Web Co","addr":2319471886336,"prot":7,"time":1791612326664,"caller":"/home/lakshy-sharma/Citadel/Workshop/vajra/workspace/src/internal/watcher/eventsink.go:198","message":"event sink: W^X memory mapping"}
{"level":"warn","pid":12240,"process":"Isolated Web Co","addr":2319472017408,"prot":7,"time":1791612326666,"caller":"/home/lakshy-sharma/Citadel/Workshop/vajra/workspace/src/internal/watcher/eventsink.go:198","message":"event sink: W^X memory mapping"}
{"level":"warn","pid":12240,"process":"Isolated Web Co","addr":2319472279552,"prot":7,"time":1791612326671,"caller":"/home/lakshy-sharma/Citadel/Workshop/vajra/workspace/src/internal/watcher/eventsink.go:198","message":"event sink: W^X memory mapping"}
{"level":"warn","pid":12240,"process":"Isolated Web Co","addr":2319472345088,"prot":7,"time":1791612326679,"caller":"/home/lakshy-sharma/Citadel/Workshop/vajra/workspace/src/internal/watcher/eventsink.go:198","message":"event sink: W^X memory mapping"}
{"level":"warn","pid":12240,"process":"Isolated Web Co","addr":2319472410624,"prot":7,"time":1791612326690,"caller":"/home/lakshy-sharma/Citadel/Workshop/vajra/workspace/src/internal/watcher/eventsink.go:198","message":"event sink: W^X memory mapping"}
{"level":"warn","pid":12254,"process":"Isolated Web Co","addr":4862722809856,"prot":7,"time":1791612327606,"caller":"/home/lakshy-sharma/Citadel/Workshop/vajra/workspace/src/internal/watcher/eventsink.go:198","message":"event sink: W^X memory mapping"}
{"level":"warn","pid":12254,"process":"Isolated Web Co","addr":4862722940928,"prot":7,"time":1791612327606,"caller":"/home/lakshy-sharma/Citadel/Workshop/vajra/workspace/src/internal/watcher/eventsink.go:198","message":"event sink: W^X memory mapping"}
{"level":"warn","pid":12254,"process":"DOM Worker","addr":4862723268608,"prot":7,"time":1791612328603,"caller":"/home/lakshy-sharma/Citadel/Workshop/vajra/workspace/src/internal/watcher/eventsink.go:198","message":"event sink: W^X memory mapping"}
{"level":"warn","pid":12254,"process":"DOM Worker","addr":4862723661824,"prot":7,"time":1791612328604,"caller":"/home/lakshy-sharma/Citadel/Workshop/vajra/workspace/src/internal/watcher/eventsink.go:198","message":"event sink: W^X memory mapping"}
{"level":"warn","pid":12254,"process":"DOM Worker","addr":4862723792896,"prot":7,"time":1791612328606,"caller":"/home/lakshy-sharma/Citadel/Workshop/vajra/workspace/src/internal/watcher/eventsink.go:198","message":"event sink: W^X memory mapping"}
{"level":"warn","pid":12240,"process":"Isolated Web Co","addr":2319472476160,"prot":7,"time":1791612328715,"caller":"/home/lakshy-sharma/Citadel/Workshop/vajra/workspace/src/internal/watcher/eventsink.go:198","message":"event sink: W^X memory mapping"}
{"level":"warn","pid":12254,"process":"Isolated Web Co","addr":4862723858432,"prot":7,"time":1791612330921,"caller":"/home/lakshy-sharma/Citadel/Workshop/vajra/workspace/src/internal/watcher/eventsink.go:198","message":"event sink: W^X memory mapping"}
{"level":"warn","pid":349068,"process":"runc:[1:CHILD]","event":"namespace_enter","time":1791612331643,"caller":"/home/lakshy-sharma/Citadel/Workshop/vajra/workspace/src/internal/watcher/eventsink.go:243","message":"event sink: high-severity security event"}
{"level":"warn","pid":349068,"process":"runc:[1:CHILD]","event":"namespace_enter","time":1791612331644,"caller":"/home/lakshy-sharma/Citadel/Workshop/vajra/workspace/src/internal/watcher/eventsink.go:243","message":"event sink: high-severity security event"}
{"level":"warn","pid":349068,"process":"runc:[1:CHILD]","event":"namespace_enter","time":1791612331644,"caller":"/home/lakshy-sharma/Citadel/Workshop/vajra/workspace/src/internal/watcher/eventsink.go:243","message":"event sink: high-severity security event"}
{"level":"warn","pid":349068,"process":"runc:[1:CHILD]","event":"namespace_enter","time":1791612331644,"caller":"/home/lakshy-sharma/Citadel/Workshop/vajra/workspace/src/internal/watcher/eventsink.go:243","message":"event sink: high-severity security event"}
{"level":"warn","pid":349068,"process":"runc:[1:CHILD]","event":"namespace_enter","time":1791612331644,"caller":"/home/lakshy-sharma/Citadel/Workshop/vajra/workspace/src/internal/watcher/eventsink.go:243","message":"event sink: high-severity security event"}
{"level":"warn","pid":349068,"process":"runc:[1:CHILD]","event":"namespace_enter","time":1791612331644,"caller":"/home/lakshy-sharma/Citadel/Workshop/vajra/workspace/src/internal/watcher/eventsink.go:243","message":"event sink: high-severity security event"}
{"level":"warn","pid":349068,"process":"runc:[1:CHILD]","event":"namespace_enter","time":1791612331644,"caller":"/home/lakshy-sharma/Citadel/Workshop/vajra/workspace/src/internal/watcher/eventsink.go:243","message":"event sink: high-severity security event"}
{"level":"warn","pid":349068,"process":"runc:[1:CHILD]","event":"namespace_create","time":1791612331644,"caller":"/home/lakshy-sharma/Citadel/Workshop/vajra/workspace/src/internal/watcher/eventsink.go:243","message":"event sink: high-severity security event"}
{"level":"warn","pid":349069,"process":"runc:[2:INIT]","event":"capset","time":1791612331662,"caller":"/home/lakshy-sharma/Citadel/Workshop/vajra/workspace/src/internal/watcher/eventsink.go:243","message":"event sink: high-severity security event"}
{"level":"warn","pid":349075,"process":"python","dst":"127.0.0.1","dst_port":8000,"time":1791612331723,"caller":"/home/lakshy-sharma/Citadel/Workshop/vajra/workspace/src/internal/watcher/eventsink.go:127","message":"event sink: high-value network connection"}
{"level":"warn","pid":12240,"process":"Isolated Web Co","addr":2319472672768,"prot":7,"time":1791612331737,"caller":"/home/lakshy-sharma/Citadel/Workshop/vajra/workspace/src/internal/watcher/eventsink.go:198","message":"event sink: W^X memory mapping"}
{"level":"warn","pid":149083,"process":"Isolated Web Co","addr":9408763322368,"prot":7,"time":1791612332735,"caller":"/home/lakshy-sharma/Citadel/Workshop/vajra/workspace/src/internal/watcher/eventsink.go:198","message":"event sink: W^X memory mapping"}
{"level":"warn","pid":11309,"process":"DNS Res~r #3195","dst":"127.0.0.53","dst_port":53,"time":1791612332739,"caller":"/home/lakshy-sharma/Citadel/Workshop/vajra/workspace/src/internal/watcher/eventsink.go:127","message":"event sink: high-value network connection"}
{"level":"warn","pid":528,"process":"systemd-resolve","dst":"192.168.0.1","dst_port":53,"time":1791612332739,"caller":"/home/lakshy-sharma/Citadel/Workshop/vajra/workspace/src/internal/watcher/eventsink.go:127","message":"event sink: high-value network connection"}
{"level":"warn","pid":528,"process":"systemd-resolve","dst":"192.168.0.1","dst_port":53,"time":1791612332739,"caller":"/home/lakshy-sharma/Citadel/Workshop/vajra/workspace/src/internal/watcher/eventsink.go:127","message":"event sink: high-value network connection"}
{"level":"warn","pid":11309,"process":"DNS Res~r #3196","dst":"127.0.0.53","dst_port":53,"time":1791612332739,"caller":"/home/lakshy-sharma/Citadel/Workshop/vajra/workspace/src/internal/watcher/eventsink.go:127","message":"event sink: high-value network connection"}
{"level":"warn","pid":11309,"process":"Socket Thread","dst":"127.0.0.53","dst_port":0,"time":1791612332741,"caller":"/home/lakshy-sharma/Citadel/Workshop/vajra/workspace/src/internal/watcher/eventsink.go:127","message":"event sink: high-value network connection"}
{"level":"warn","pid":11309,"process":"Socket Thread","dst":"7f00:35:4002:1::1060","dst_port":0,"time":1791612332741,"caller":"/home/lakshy-sharma/Citadel/Workshop/vajra/workspace/src/internal/watcher/eventsink.go:127","message":"event sink: high-value network connection"}
{"level":"warn","pid":11309,"process":"Socket Thread","dst":"7f00:35:4002:1::1060","dst_port":0,"time":1791612332742,"caller":"/home/lakshy-sharma/Citadel/Workshop/vajra/workspace/src/internal/watcher/eventsink.go:127","message":"event sink: high-value network connection"}
{"level":"warn","pid":11309,"process":"Socket Thread","dst":"127.0.0.53","dst_port":0,"time":1791612332742,"caller":"/home/lakshy-sharma/Citadel/Workshop/vajra/workspace/src/internal/watcher/eventsink.go:127","message":"event sink: high-value network connection"}
{"level":"warn","pid":11309,"process":"DNS Res~r #3195","dst":"2404:6800:4013:813::5f","dst_port":0,"time":1791612332762,"caller":"/home/lakshy-sharma/Citadel/Workshop/vajra/workspace/src/internal/watcher/eventsink.go:127","message":"event sink: high-value network connection"}
{"level":"warn","pid":11309,"process":"DNS Res~r #3196","dst":"2404:6800:4013:813::5f","dst_port":0,"time":1791612332762,"caller":"/home/lakshy-sharma/Citadel/Workshop/vajra/workspace/src/internal/watcher/eventsink.go:127","message":"event sink: high-value network connection"}
{"level":"warn","pid":11309,"process":"DNS Res~r #3195","dst":"142.250.182.42","dst_port":0,"time":1791612332762,"caller":"/home/lakshy-sharma/Citadel/Workshop/vajra/workspace/src/internal/watcher/eventsink.go:127","message":"event sink: high-value network connection"}
{"level":"warn","pid":11309,"process":"DNS Res~r #3196","dst":"142.250.182.42","dst_port":0,"time":1791612332762,"caller":"/home/lakshy-sharma/Citadel/Workshop/vajra/workspace/src/internal/watcher/eventsink.go:127","message":"event sink: high-value network connection"}
{"level":"warn","pid":11309,"process":"Socket Thread","dst":"127.0.0.1","dst_port":0,"time":1791612332838,"caller":"/home/lakshy-sharma/Citadel/Workshop/vajra/workspace/src/internal/watcher/eventsink.go:127","message":"event sink: high-value network connection"}
{"level":"warn","pid":11309,"process":"Socket Thread","dst":"7f00:1::","dst_port":0,"time":1791612332849,"caller":"/home/lakshy-sharma/Citadel/Workshop/vajra/workspace/src/internal/watcher/eventsink.go:127","message":"event sink: high-value network connection"}
{"level":"warn","pid":11309,"process":"Socket Thread","dst":"7f00:1::","dst_port":0,"time":1791612332849,"caller":"/home/lakshy-sharma/Citadel/Workshop/vajra/workspace/src/internal/watcher/eventsink.go:127","message":"event sink: high-value network connection"}
{"level":"warn","pid":11309,"process":"Socket Thread","dst":"127.0.0.1","dst_port":0,"time":1791612332850,"caller":"/home/lakshy-sharma/Citadel/Workshop/vajra/workspace/src/internal/watcher/eventsink.go:127","message":"event sink: high-value network connection"}
{"level":"warn","pid":12240,"process":"Isolated Web Co","addr":2319472738304,"prot":7,"time":1791612333810,"caller":"/home/lakshy-sharma/Citadel/Workshop/vajra/workspace/src/internal/watcher/eventsink.go:198","message":"event sink: W^X memory mapping"}
{"level":"warn","pid":528,"process":"systemd-resolve","dst":"192.168.0.1","dst_port":53,"time":1791612337207,"caller":"/home/lakshy-sharma/Citadel/Workshop/vajra/workspace/src/internal/watcher/eventsink.go:127","message":"event sink: high-value network connection"}
{"level":"warn","pid":6393,"process":"NetworkManager","dst":"2620:2d:4002:1::1057","dst_port":80,"time":1791612337231,"caller":"/home/lakshy-sharma/Citadel/Workshop/vajra/workspace/src/internal/watcher/eventsink.go:127","message":"event sink: high-value network connection"}
{"level":"warn","pid":6393,"process":"NetworkManager","dst":"2620:2d:4002:1::1058","dst_port":80,"time":1791612337231,"caller":"/home/lakshy-sharma/Citadel/Workshop/vajra/workspace/src/internal/watcher/eventsink.go:127","message":"event sink: high-value network connection"}
{"level":"warn","pid":6393,"process":"NetworkManager","dst":"2620:2d:4002:1::1060","dst_port":80,"time":1791612337231,"caller":"/home/lakshy-sharma/Citadel/Workshop/vajra/workspace/src/internal/watcher/eventsink.go:127","message":"event sink: high-value network connection"}
{"level":"warn","pid":6393,"process":"NetworkManager","dst":"2620:2d:4002:1::1061","dst_port":80,"time":1791612337231,"caller":"/home/lakshy-sharma/Citadel/Workshop/vajra/workspace/src/internal/watcher/eventsink.go:127","message":"event sink: high-value network connection"}
{"level":"warn","pid":6393,"process":"NetworkManager","dst":"2620:2d:4002:1::1062","dst_port":80,"time":1791612337232,"caller":"/home/lakshy-sharma/Citadel/Workshop/vajra/workspace/src/internal/watcher/eventsink.go:127","message":"event sink: high-value network connection"}
{"level":"warn","pid":6393,"process":"NetworkManager","dst":"2620:2d:4002:1::1064","dst_port":80,"time":1791612337232,"caller":"/home/lakshy-sharma/Citadel/Workshop/vajra/workspace/src/internal/watcher/eventsink.go:127","message":"event sink: high-value network connection"}
{"level":"warn","pid":6393,"process":"NetworkManager","dst":"2620:2d:4000:1::1099","dst_port":80,"time":1791612337232,"caller":"/home/lakshy-sharma/Citadel/Workshop/vajra/workspace/src/internal/watcher/eventsink.go:127","message":"event sink: high-value network connection"}
{"level":"warn","pid":6393,"process":"NetworkManager","dst":"2620:2d:4000:1::1100","dst_port":80,"time":1791612337232,"caller":"/home/lakshy-sharma/Citadel/Workshop/vajra/workspace/src/internal/watcher/eventsink.go:127","message":"event sink: high-value network connection"}
{"level":"warn","pid":6393,"process":"NetworkManager","dst":"2620:2d:4000:1::1101","dst_port":80,"time":1791612337232,"caller":"/home/lakshy-sharma/Citadel/Workshop/vajra/workspace/src/internal/watcher/eventsink.go:127","message":"event sink: high-value network connection"}
{"level":"warn","pid":6393,"process":"NetworkManager","dst":"2620:2d:4002:1::196","dst_port":80,"time":1791612337232,"caller":"/home/lakshy-sharma/Citadel/Workshop/vajra/workspace/src/internal/watcher/eventsink.go:127","message":"event sink: high-value network connection"}
{"level":"warn","pid":6393,"process":"NetworkManager","dst":"2620:2d:4002:1::197","dst_port":80,"time":1791612337232,"caller":"/home/lakshy-sharma/Citadel/Workshop/vajra/workspace/src/internal/watcher/eventsink.go:127","message":"event sink: high-value network connection"}
{"level":"warn","pid":6393,"process":"NetworkManager","dst":"2620:2d:4002:1::198","dst_port":80,"time":1791612337232,"caller":"/home/lakshy-sharma/Citadel/Workshop/vajra/workspace/src/internal/watcher/eventsink.go:127","message":"event sink: high-value network connection"}
{"level":"warn","pid":12254,"process":"Isolated Web Co","addr":4862723268608,"prot":7,"time":1791612339695,"caller":"/home/lakshy-sharma/Citadel/Workshop/vajra/workspace/src/internal/watcher/eventsink.go:198","message":"event sink: W^X memory mapping"}
{"level":"warn","pid":12254,"process":"DOM Worker","addr":4862723661824,"prot":7,"time":1791612340012,"caller":"/home/lakshy-sharma/Citadel/Workshop/vajra/workspace/src/internal/watcher/eventsink.go:198","message":"event sink: W^X memory mapping"}
{"level":"warn","pid":12254,"process":"DOM Worker","addr":4862723792896,"prot":7,"time":1791612340014,"caller":"/home/lakshy-sharma/Citadel/Workshop/vajra/workspace/src/internal/watcher/eventsink.go:198","message":"event sink: W^X memory mapping"}
{"level":"warn","pid":12254,"process":"DOM Worker","addr":4862723923968,"prot":7,"time":1791612340015,"caller":"/home/lakshy-sharma/Citadel/Workshop/vajra/workspace/src/internal/watcher/eventsink.go:198","message":"event sink: W^X memory mapping"}
{"level":"warn","pid":12254,"process":"Isolated Web Co","addr":4862723989504,"prot":7,"time":1791612340530,"caller":"/home/lakshy-sharma/Citadel/Workshop/vajra/workspace/src/internal/watcher/eventsink.go:198","message":"event sink: W^X memory mapping"}
{"level":"warn","pid":12254,"process":"DOM Worker","addr":4862723792896,"prot":7,"time":1791612345419,"caller":"/home/lakshy-sharma/Citadel/Workshop/vajra/workspace/src/internal/watcher/eventsink.go:198","message":"event sink: W^X memory mapping"}
{"level":"warn","pid":12254,"process":"DOM Worker","addr":4862723923968,"prot":7,"time":1791612345420,"caller":"/home/lakshy-sharma/Citadel/Workshop/vajra/workspace/src/internal/watcher/eventsink.go:198","message":"event sink: W^X memory mapping"}
{"level":"warn","pid":12254,"process":"DOM Worker","addr":4862724055040,"prot":7,"time":1791612345421,"caller":"/home/lakshy-sharma/Citadel/Workshop/vajra/workspace/src/internal/watcher/eventsink.go:198","message":"event sink: W^X memory mapping"}
{"level":"warn","pid":12254,"process":"Isolated Web Co","addr":4862724186112,"prot":7,"time":1791612347809,"caller":"/home/lakshy-sharma/Citadel/Workshop/vajra/workspace/src/internal/watcher/eventsink.go:198","message":"event sink: W^X memory mapping"}
{"level":"warn","pid":12254,"process":"Isolated Web Co","addr":4862724317184,"prot":7,"time":1791612350116,"caller":"/home/lakshy-sharma/Citadel/Workshop/vajra/workspace/src/internal/watcher/eventsink.go:198","message":"event sink: W^X memory mapping"}
{"level":"warn","pid":12254,"process":"Isolated Web Co","addr":4862724448256,"prot":7,"time":1791612350268,"caller":"/home/lakshy-sharma/Citadel/Workshop/vajra/workspace/src/internal/watcher/eventsink.go:198","message":"event sink: W^X memory mapping"}
{"level":"warn","pid":12254,"process":"Isolated Web Co","addr":4862723792896,"prot":7,"time":1791612351718,"caller":"/home/lakshy-sharma/Citadel/Workshop/vajra/workspace/src/internal/watcher/eventsink.go:198","message":"event sink: W^X memory mapping"}
{"level":"warn","pid":12254,"process":"Isolated Web Co","addr":4862723923968,"prot":7,"time":1791612351719,"caller":"/home/lakshy-sharma/Citadel/Workshop/vajra/workspace/src/internal/watcher/eventsink.go:198","message":"event sink: W^X memory mapping"}
{"level":"warn","pid":12254,"process":"Isolated Web Co","addr":4862716911616,"prot":7,"time":1791612351812,"caller":"/home/lakshy-sharma/Citadel/Workshop/vajra/workspace/src/internal/watcher/eventsink.go:198","message":"event sink: W^X memory mapping"}
{"level":"warn","pid":12254,"process":"Isolated Web Co","addr":4862717042688,"prot":7,"time":1791612352617,"caller":"/home/lakshy-sharma/Citadel/Workshop/vajra/workspace/src/internal/watcher/eventsink.go:198","message":"event sink: W^X memory mapping"}
{"level":"warn","pid":12254,"process":"Isolated Web Co","addr":4862717173760,"prot":7,"time":1791612352841,"caller":"/home/lakshy-sharma/Citadel/Workshop/vajra/workspace/src/internal/watcher/eventsink.go:198","message":"event sink: W^X memory mapping"}
{"level":"warn","pid":12254,"process":"Isolated Web Co","addr":4862717370368,"prot":7,"time":1791612352843,"caller":"/home/lakshy-sharma/Citadel/Workshop/vajra/workspace/src/internal/watcher/eventsink.go:198","message":"event sink: W^X memory mapping"}
{"level":"warn","pid":12254,"process":"Isolated Web Co","addr":4862717501440,"prot":7,"time":1791612352844,"caller":"/home/lakshy-sharma/Citadel/Workshop/vajra/workspace/src/internal/watcher/eventsink.go:198","message":"event sink: W^X memory mapping"}
{"level":"warn","pid":12254,"process":"Isolated Web Co","addr":4862717698048,"prot":7,"time":1791612353682,"caller":"/home/lakshy-sharma/Citadel/Workshop/vajra/workspace/src/internal/watcher/eventsink.go:198","message":"event sink: W^X memory mapping"}
{"level":"warn","pid":12254,"process":"Isolated Web Co","addr":4862717829120,"prot":7,"time":1791612353682,"caller":"/home/lakshy-sharma/Citadel/Workshop/vajra/workspace/src/internal/watcher/eventsink.go:198","message":"event sink: W^X memory mapping"}
{"level":"warn","pid":12254,"process":"Isolated Web Co","addr":4862718025728,"prot":7,"time":1791612353683,"caller":"/home/lakshy-sharma/Citadel/Workshop/vajra/workspace/src/internal/watcher/eventsink.go:198","message":"event sink: W^X memory mapping"}
{"level":"warn","pid":12254,"process":"Isolated Web Co","addr":4862718156800,"prot":7,"time":1791612353684,"caller":"/home/lakshy-sharma/Citadel/Workshop/vajra/workspace/src/internal/watcher/eventsink.go:198","message":"event sink: W^X memory mapping"}
{"level":"warn","pid":12254,"process":"Isolated Web Co","addr":4862718287872,"prot":7,"time":1791612353694,"caller":"/home/lakshy-sharma/Citadel/Workshop/vajra/workspace/src/internal/watcher/eventsink.go:198","message":"event sink: W^X memory mapping"}
{"level":"warn","pid":12254,"process":"Isolated Web Co","addr":4862718418944,"prot":7,"time":1791612354882,"caller":"/home/lakshy-sharma/Citadel/Workshop/vajra/workspace/src/internal/watcher/eventsink.go:198","message":"event sink: W^X memory mapping"}
{"level":"warn","pid":12254,"process":"Isolated Web Co","addr":4862718550016,"prot":7,"time":1791612355024,"caller":"/home/lakshy-sharma/Citadel/Workshop/vajra/workspace/src/internal/watcher/eventsink.go:198","message":"event sink: W^X memory mapping"}
{"level":"warn","pid":12254,"process":"Isolated Web Co","addr":4862718746624,"prot":7,"time":1791612355025,"caller":"/home/lakshy-sharma/Citadel/Workshop/vajra/workspace/src/internal/watcher/eventsink.go:198","message":"event sink: W^X memory mapping"}
{"level":"warn","pid":11309,"process":"DNS Res~r #3196","dst":"127.0.0.53","dst_port":53,"time":1791612355029,"caller":"/home/lakshy-sharma/Citadel/Workshop/vajra/workspace/src/internal/watcher/eventsink.go:127","message":"event sink: high-value network connection"}
{"level":"warn","pid":528,"process":"systemd-resolve","dst":"192.168.0.1","dst_port":53,"time":1791612355029,"caller":"/home/lakshy-sharma/Citadel/Workshop/vajra/workspace/src/internal/watcher/eventsink.go:127","message":"event sink: high-value network connection"}
{"level":"warn","pid":528,"process":"systemd-resolve","dst":"192.168.0.1","dst_port":53,"time":1791612355029,"caller":"/home/lakshy-sharma/Citadel/Workshop/vajra/workspace/src/internal/watcher/eventsink.go:127","message":"event sink: high-value network connection"}
{"level":"warn","pid":11309,"process":"DNS Res~r #3196","dst":"160.79.104.10","dst_port":0,"time":1791612355048,"caller":"/home/lakshy-sharma/Citadel/Workshop/vajra/workspace/src/internal/watcher/eventsink.go:127","message":"event sink: high-value network connection"}
{"level":"warn","pid":11309,"process":"DNS Res~r #3196","dst":"2607:6bc0::10","dst_port":0,"time":1791612355048,"caller":"/home/lakshy-sharma/Citadel/Workshop/vajra/workspace/src/internal/watcher/eventsink.go:127","message":"event sink: high-value network connection"}
{"level":"warn","pid":12254,"process":"Isolated Web Co","addr":4862718877696,"prot":7,"time":1791612355391,"caller":"/home/lakshy-sharma/Citadel/Workshop/vajra/workspace/src/internal/watcher/eventsink.go:198","message":"event sink: W^X memory mapping"}
{"level":"warn","pid":12254,"process":"Isolated Web Co","addr":4862718943232,"prot":7,"time":1791612355393,"caller":"/home/lakshy-sharma/Citadel/Workshop/vajra/workspace/src/internal/watcher/eventsink.go:198","message":"event sink: W^X memory mapping"}
{"level":"warn","pid":12254,"process":"Isolated Web Co","addr":4862719074304,"prot":7,"time":1791612355401,"caller":"/home/lakshy-sharma/Citadel/Workshop/vajra/workspace/src/internal/watcher/eventsink.go:198","message":"event sink: W^X memory mapping"}
{"level":"warn","pid":12254,"process":"Isolated Web Co","addr":4862719205376,"prot":7,"time":1791612355402,"caller":"/home/lakshy-sharma/Citadel/Workshop/vajra/workspace/src/internal/watcher/eventsink.go:198","message":"event sink: W^X memory mapping"}
{"level":"warn","pid":12254,"process":"Isolated Web Co","addr":4862719270912,"prot":7,"time":1791612355403,"caller":"/home/lakshy-sharma/Citadel/Workshop/vajra/workspace/src/internal/watcher/eventsink.go:198","message":"event sink: W^X memory mapping"}
{"level":"warn","pid":12254,"process":"Isolated Web Co","addr":4862719401984,"prot":7,"time":1791612355403,"caller":"/home/lakshy-sharma/Citadel/Workshop/vajra/workspace/src/internal/watcher/eventsink.go:198","message":"event sink: W^X memory mapping"}
{"level":"warn","pid":12254,"process":"Isolated Web Co","addr":4862719467520,"prot":7,"time":1791612355404,"caller":"/home/lakshy-sharma/Citadel/Workshop/vajra/workspace/src/internal/watcher/eventsink.go:198","message":"event sink: W^X memory mapping"}
{"level":"warn","pid":12254,"process":"DOM Worker","addr":4862719533056,"prot":7,"time":1791612355437,"caller":"/home/lakshy-sharma/Citadel/Workshop/vajra/workspace/src/internal/watcher/eventsink.go:198","message":"event sink: W^X memory mapping"}
{"level":"warn","pid":12254,"process":"DOM Worker","addr":4862719598592,"prot":7,"time":1791612355438,"caller":"/home/lakshy-sharma/Citadel/Workshop/vajra/workspace/src/internal/watcher/eventsink.go:198","message":"event sink: W^X memory mapping"}
{"level":"warn","pid":12254,"process":"DOM Worker","addr":4862719729664,"prot":7,"time":1791612355439,"caller":"/home/lakshy-sharma/Citadel/Workshop/vajra/workspace/src/internal/watcher/eventsink.go:198","message":"event sink: W^X memory mapping"}
{"level":"warn","pid":12254,"process":"Isolated Web Co","addr":4862719860736,"prot":7,"time":1791612357281,"caller":"/home/lakshy-sharma/Citadel/Workshop/vajra/workspace/src/internal/watcher/eventsink.go:198","message":"event sink: W^X memory mapping"}
{"level":"warn","pid":12254,"process":"Isolated Web Co","addr":4862719926272,"prot":7,"time":1791612357289,"caller":"/home/lakshy-sharma/Citadel/Workshop/vajra/workspace/src/internal/watcher/eventsink.go:198","message":"event sink: W^X memory mapping"}
{"level":"warn","pid":528,"process":"systemd-resolve","dst":"192.168.0.1","dst_port":53,"time":1791612357650,"caller":"/home/lakshy-sharma/Citadel/Workshop/vajra/workspace/src/internal/watcher/eventsink.go:127","message":"event sink: high-value network connection"}
{"level":"warn","pid":6393,"process":"NetworkManager","dst":"91.189.91.61","dst_port":80,"time":1791612357680,"caller":"/home/lakshy-sharma/Citadel/Workshop/vajra/workspace/src/internal/watcher/eventsink.go:127","message":"event sink: high-value network connection"}
{"level":"warn","pid":6393,"process":"NetworkManager","dst":"91.189.91.62","dst_port":80,"time":1791612357882,"caller":"/home/lakshy-sharma/Citadel/Workshop/vajra/workspace/src/internal/watcher/eventsink.go:127","message":"event sink: high-value network connection"}
{"level":"warn","pid":12240,"process":"Isolated Web Co","addr":2319473000448,"prot":7,"time":1791612358058,"caller":"/home/lakshy-sharma/Citadel/Workshop/vajra/workspace/src/internal/watcher/eventsink.go:198","message":"event sink: W^X memory mapping"}
{"level":"warn","pid":12254,"process":"Isolated Web Co","addr":4862719991808,"prot":7,"time":1791612359198,"caller":"/home/lakshy-sharma/Citadel/Workshop/vajra/workspace/src/internal/watcher/eventsink.go:198","message":"event sink: W^X memory mapping"}
{"level":"warn","pid":12254,"process":"Isolated Web Co","addr":4862720057344,"prot":7,"time":1791612359262,"caller":"/home/lakshy-sharma/Citadel/Workshop/vajra/workspace/src/internal/watcher/eventsink.go:198","message":"event sink: W^X memory mapping"}
{"level":"warn","pid":12254,"process":"Isolated Web Co","addr":4862720122880,"prot":7,"time":1791612359263,"caller":"/home/lakshy-sharma/Citadel/Workshop/vajra/workspace/src/internal/watcher/eventsink.go:198","message":"event sink: W^X memory mapping"}
{"level":"warn","pid":12254,"process":"Isolated Web Co","addr":4862720253952,"prot":7,"time":1791612359328,"caller":"/home/lakshy-sharma/Citadel/Workshop/vajra/workspace/src/internal/watcher/eventsink.go:198","message":"event sink: W^X memory mapping"}
{"level":"warn","pid":12254,"process":"Isolated Web Co","addr":4862720385024,"prot":7,"time":1791612359406,"caller":"/home/lakshy-sharma/Citadel/Workshop/vajra/workspace/src/internal/watcher/eventsink.go:198","message":"event sink: W^X memory mapping"}
{"level":"warn","pid":12254,"process":"Isolated Web Co","addr":4862720516096,"prot":7,"time":1791612359416,"caller":"/home/lakshy-sharma/Citadel/Workshop/vajra/workspace/src/internal/watcher/eventsink.go:198","message":"event sink: W^X memory mapping"}
{"level":"warn","pid":12254,"process":"Isolated Web Co","addr":4862720647168,"prot":7,"time":1791612359748,"caller":"/home/lakshy-sharma/Citadel/Workshop/vajra/workspace/src/internal/watcher/eventsink.go:198","message":"event sink: W^X memory mapping"}
{"level":"warn","pid":12254,"process":"Isolated Web Co","addr":4862720778240,"prot":7,"time":1791612359751,"caller":"/home/lakshy-sharma/Citadel/Workshop/vajra/workspace/src/internal/watcher/eventsink.go:198","message":"event sink: W^X memory mapping"}
{"level":"warn","pid":12254,"process":"Isolated Web Co","addr":4862720843776,"prot":7,"time":1791612359752,"caller":"/home/lakshy-sharma/Citadel/Workshop/vajra/workspace/src/internal/watcher/eventsink.go:198","message":"event sink: W^X memory mapping"}
{"level":"warn","pid":12254,"process":"Isolated Web Co","addr":4862721040384,"prot":7,"time":1791612359753,"caller":"/home/lakshy-sharma/Citadel/Workshop/vajra/workspace/src/internal/watcher/eventsink.go:198","message":"event sink: W^X memory mapping"}
{"level":"warn","pid":12254,"process":"Isolated Web Co","addr":4862721236992,"prot":7,"time":1791612359762,"caller":"/home/lakshy-sharma/Citadel/Workshop/vajra/workspace/src/internal/watcher/eventsink.go:198","message":"event sink: W^X memory mapping"}
{"level":"warn","pid":12254,"process":"Isolated Web Co","addr":4862721302528,"prot":7,"time":1791612359834,"caller":"/home/lakshy-sharma/Citadel/Workshop/vajra/workspace/src/internal/watcher/eventsink.go:198","message":"event sink: W^X memory mapping"}
{"level":"warn","pid":12254,"process":"Isolated Web Co","addr":4862721368064,"prot":7,"time":1791612360003,"caller":"/home/lakshy-sharma/Citadel/Workshop/vajra/workspace/src/internal/watcher/eventsink.go:198","message":"event sink: W^X memory mapping"}
{"level":"warn","pid":12254,"process":"Isolated Web Co","addr":4862721499136,"prot":7,"time":1791612360043,"caller":"/home/lakshy-sharma/Citadel/Workshop/vajra/workspace/src/internal/watcher/eventsink.go:198","message":"event sink: W^X memory mapping"}
{"level":"warn","pid":12254,"process":"Isolated Web Co","addr":4862721564672,"prot":7,"time":1791612360462,"caller":"/home/lakshy-sharma/Citadel/Workshop/vajra/workspace/src/internal/watcher/eventsink.go:198","message":"event sink: W^X memory mapping"}
{"level":"warn","pid":12254,"process":"Isolated Web Co","addr":4862721630208,"prot":7,"time":1791612360464,"caller":"/home/lakshy-sharma/Citadel/Workshop/vajra/workspace/src/internal/watcher/eventsink.go:198","message":"event sink: W^X memory mapping"}
{"level":"warn","pid":12254,"process":"Isolated Web Co","addr":4862721761280,"prot":7,"time":1791612360465,"caller":"/home/lakshy-sharma/Citadel/Workshop/vajra/workspace/src/internal/watcher/eventsink.go:198","message":"event sink: W^X memory mapping"}
{"level":"warn","pid":12254,"process":"Isolated Web Co","addr":4862721892352,"prot":7,"time":1791612360466,"caller":"/home/lakshy-sharma/Citadel/Workshop/vajra/workspace/src/internal/watcher/eventsink.go:198","message":"event sink: W^X memory mapping"}
{"level":"warn","pid":12254,"process":"Isolated Web Co","addr":4862722023424,"prot":7,"time":1791612360467,"caller":"/home/lakshy-sharma/Citadel/Workshop/vajra/workspace/src/internal/watcher/eventsink.go:198","message":"event sink: W^X memory mapping"}
{"level":"warn","pid":12254,"process":"Isolated Web Co","addr":4862722220032,"prot":7,"time":1791612360469,"caller":"/home/lakshy-sharma/Citadel/Workshop/vajra/workspace/src/internal/watcher/eventsink.go:198","message":"event sink: W^X memory mapping"}
{"level":"warn","pid":12254,"process":"Isolated Web Co","addr":4862722351104,"prot":7,"time":1791612360470,"caller":"/home/lakshy-sharma/Citadel/Workshop/vajra/workspace/src/internal/watcher/eventsink.go:198","message":"event sink: W^X memory mapping"}
{"level":"warn","pid":12254,"process":"Isolated Web Co","addr":4862722482176,"prot":7,"time":1791612360472,"caller":"/home/lakshy-sharma/Citadel/Workshop/vajra/workspace/src/internal/watcher/eventsink.go:198","message":"event sink: W^X memory mapping"}
{"level":"warn","pid":12254,"process":"Isolated Web Co","addr":4862722547712,"prot":7,"time":1791612360476,"caller":"/home/lakshy-sharma/Citadel/Workshop/vajra/workspace/src/internal/watcher/eventsink.go:198","message":"event sink: W^X memory mapping"}
{"level":"warn","pid":12254,"process":"Isolated Web Co","addr":4862722809856,"prot":7,"time":1791612360476,"caller":"/home/lakshy-sharma/Citadel/Workshop/vajra/workspace/src/internal/watcher/eventsink.go:198","message":"event sink: W^X memory mapping"}
{"level":"warn","pid":12254,"process":"Isolated Web Co","addr":4862722875392,"prot":7,"time":1791612360478,"caller":"/home/lakshy-sharma/Citadel/Workshop/vajra/workspace/src/internal/watcher/eventsink.go:198","message":"event sink: W^X memory mapping"}
{"level":"warn","pid":12254,"process":"Isolated Web Co","addr":4862723006464,"prot":7,"time":1791612360480,"caller":"/home/lakshy-sharma/Citadel/Workshop/vajra/workspace/src/internal/watcher/eventsink.go:198","message":"event sink: W^X memory mapping"}
{"level":"warn","pid":12254,"process":"Isolated Web Co","addr":4862723137536,"prot":7,"time":1791612360482,"caller":"/home/lakshy-sharma/Citadel/Workshop/vajra/workspace/src/internal/watcher/eventsink.go:198","message":"event sink: W^X memory mapping"}
{"level":"warn","pid":12254,"process":"Isolated Web Co","addr":4862723203072,"prot":7,"time":1791612360484,"caller":"/home/lakshy-sharma/Citadel/Workshop/vajra/workspace/src/internal/watcher/eventsink.go:198","message":"event sink: W^X memory mapping"}
{"level":"warn","pid":12254,"process":"Isolated Web Co","addr":4862723399680,"prot":7,"time":1791612360486,"caller":"/home/lakshy-sharma/Citadel/Workshop/vajra/workspace/src/internal/watcher/eventsink.go:198","message":"event sink: W^X memory mapping"}
{"level":"warn","pid":12254,"process":"Isolated Web Co","addr":4862723530752,"prot":7,"time":1791612360488,"caller":"/home/lakshy-sharma/Citadel/Workshop/vajra/workspace/src/internal/watcher/eventsink.go:198","message":"event sink: W^X memory mapping"}
{"level":"warn","pid":12254,"process":"Isolated Web Co","addr":4862723596288,"prot":7,"time":1791612360492,"caller":"/home/lakshy-sharma/Citadel/Workshop/vajra/workspace/src/internal/watcher/eventsink.go:198","message":"event sink: W^X memory mapping"}
{"level":"warn","pid":12254,"process":"Isolated Web Co","addr":4862723661824,"prot":7,"time":1791612360494,"caller":"/home/lakshy-sharma/Citadel/Workshop/vajra/workspace/src/internal/watcher/eventsink.go:198","message":"event sink: W^X memory mapping"}
{"level":"warn","pid":12254,"process":"Isolated Web Co","addr":4862723727360,"prot":7,"time":1791612360494,"caller":"/home/lakshy-sharma/Citadel/Workshop/vajra/workspace/src/internal/watcher/eventsink.go:198","message":"event sink: W^X memory mapping"}
{"level":"warn","pid":12254,"process":"Isolated Web Co","addr":4862723858432,"prot":7,"time":1791612360497,"caller":"/home/lakshy-sharma/Citadel/Workshop/vajra/workspace/src/internal/watcher/eventsink.go:198","message":"event sink: W^X memory mapping"}
{"level":"warn","pid":12254,"process":"Isolated Web Co","addr":4862719598592,"prot":7,"time":1791612360504,"caller":"/home/lakshy-sharma/Citadel/Workshop/vajra/workspace/src/internal/watcher/eventsink.go:198","message":"event sink: W^X memory mapping"}
{"level":"warn","pid":12254,"process":"Isolated Web Co","addr":4862719729664,"prot":7,"time":1791612361263,"caller":"/home/lakshy-sharma/Citadel/Workshop/vajra/workspace/src/internal/watcher/eventsink.go:198","message":"event sink: W^X memory mapping"}
{"level":"warn","pid":12254,"process":"Isolated Web Co","addr":4862719795200,"prot":7,"time":1791612361264,"caller":"/home/lakshy-sharma/Citadel/Workshop/vajra/workspace/src/internal/watcher/eventsink.go:198","message":"event sink: W^X memory mapping"}
{"level":"warn","pid":12254,"process":"Isolated Web Co","addr":4862720188416,"prot":7,"time":1791612361265,"caller":"/home/lakshy-sharma/Citadel/Workshop/vajra/workspace/src/internal/watcher/eventsink.go:198","message":"event sink: W^X memory mapping"}
{"level":"warn","pid":12254,"process":"Isolated Web Co","addr":4862720319488,"prot":7,"time":1791612361267,"caller":"/home/lakshy-sharma/Citadel/Workshop/vajra/workspace/src/internal/watcher/eventsink.go:198","message":"event sink: W^X memory mapping"}
{"level":"warn","pid":12254,"process":"Isolated Web Co","addr":4862720450560,"prot":7,"time":1791612361268,"caller":"/home/lakshy-sharma/Citadel/Workshop/vajra/workspace/src/internal/watcher/eventsink.go:198","message":"event sink: W^X memory mapping"}
{"level":"warn","pid":12254,"process":"Isolated Web Co","addr":4862720712704,"prot":7,"time":1791612361274,"caller":"/home/lakshy-sharma/Citadel/Workshop/vajra/workspace/src/internal/watcher/eventsink.go:198","message":"event sink: W^X memory mapping"}
{"level":"warn","pid":12254,"process":"Isolated Web Co","addr":4862720909312,"prot":7,"time":1791612361416,"caller":"/home/lakshy-sharma/Citadel/Workshop/vajra/workspace/src/internal/watcher/eventsink.go:198","message":"event sink: W^X memory mapping"}
{"level":"warn","pid":12254,"process":"Isolated Web Co","addr":4862721433600,"prot":7,"time":1791612361496,"caller":"/home/lakshy-sharma/Citadel/Workshop/vajra/workspace/src/internal/watcher/eventsink.go:198","message":"event sink: W^X memory mapping"}
{"level":"warn","pid":349125,"process":"runc:[1:CHILD]","event":"namespace_enter","time":1791612361748,"caller":"/home/lakshy-sharma/Citadel/Workshop/vajra/workspace/src/internal/watcher/eventsink.go:243","message":"event sink: high-severity security event"}
{"level":"warn","pid":349125,"process":"runc:[1:CHILD]","event":"namespace_enter","time":1791612361748,"caller":"/home/lakshy-sharma/Citadel/Workshop/vajra/workspace/src/internal/watcher/eventsink.go:243","message":"event sink: high-severity security event"}
{"level":"warn","pid":349125,"process":"runc:[1:CHILD]","event":"namespace_enter","time":1791612361748,"caller":"/home/lakshy-sharma/Citadel/Workshop/vajra/workspace/src/internal/watcher/eventsink.go:243","message":"event sink: high-severity security event"}
{"level":"warn","pid":349125,"process":"runc:[1:CHILD]","event":"namespace_enter","time":1791612361748,"caller":"/home/lakshy-sharma/Citadel/Workshop/vajra/workspace/src/internal/watcher/eventsink.go:243","message":"event sink: high-severity security event"}
{"level":"warn","pid":349125,"process":"runc:[1:CHILD]","event":"namespace_enter","time":1791612361749,"caller":"/home/lakshy-sharma/Citadel/Workshop/vajra/workspace/src/internal/watcher/eventsink.go:243","message":"event sink: high-severity security event"}
{"level":"warn","pid":349125,"process":"runc:[1:CHILD]","event":"namespace_enter","time":1791612361749,"caller":"/home/lakshy-sharma/Citadel/Workshop/vajra/workspace/src/internal/watcher/eventsink.go:243","message":"event sink: high-severity security event"}
{"level":"warn","pid":349125,"process":"runc:[1:CHILD]","event":"namespace_enter","time":1791612361749,"caller":"/home/lakshy-sharma/Citadel/Workshop/vajra/workspace/src/internal/watcher/eventsink.go:243","message":"event sink: high-severity security event"}
{"level":"warn","pid":349125,"process":"runc:[1:CHILD]","event":"namespace_create","time":1791612361749,"caller":"/home/lakshy-sharma/Citadel/Workshop/vajra/workspace/src/internal/watcher/eventsink.go:243","message":"event sink: high-severity security event"}
{"level":"warn","pid":349126,"process":"runc:[2:INIT]","event":"capset","time":1791612361766,"caller":"/home/lakshy-sharma/Citadel/Workshop/vajra/workspace/src/internal/watcher/eventsink.go:243","message":"event sink: high-severity security event"}
{"level":"warn","pid":349132,"process":"python","dst":"127.0.0.1","dst_port":8000,"time":1791612361818,"caller":"/home/lakshy-sharma/Citadel/Workshop/vajra/workspace/src/internal/watcher/eventsink.go:127","message":"event sink: high-value network connection"}
{"level":"warn","pid":12254,"process":"Isolated Web Co","addr":4862721695744,"prot":7,"time":1791612362936,"caller":"/home/lakshy-sharma/Citadel/Workshop/vajra/workspace/src/internal/watcher/eventsink.go:198","message":"event sink: W^X memory mapping"}
{"level":"warn","pid":12254,"process":"Isolated Web Co","addr":4862721826816,"prot":7,"time":1791612362937,"caller":"/home/lakshy-sharma/Citadel/Workshop/vajra/workspace/src/internal/watcher/eventsink.go:198","message":"event sink: W^X memory mapping"}
{"level":"warn","pid":12254,"process":"DOM Worker","addr":4862721957888,"prot":7,"time":1791612362977,"caller":"/home/lakshy-sharma/Citadel/Workshop/vajra/workspace/src/internal/watcher/eventsink.go:198","message":"event sink: W^X memory mapping"}
{"level":"warn","pid":12254,"process":"DOM Worker","addr":4862722088960,"prot":7,"time":1791612362978,"caller":"/home/lakshy-sharma/Citadel/Workshop/vajra/workspace/src/internal/watcher/eventsink.go:198","message":"event sink: W^X memory mapping"}
{"level":"warn","pid":12254,"process":"DOM Worker","addr":4862722285568,"prot":7,"time":1791612362979,"caller":"/home/lakshy-sharma/Citadel/Workshop/vajra/workspace/src/internal/watcher/eventsink.go:198","message":"event sink: W^X memory mapping"}
{"level":"warn","pid":12254,"process":"Isolated Web Co","addr":4862722416640,"prot":7,"time":1791612363067,"caller":"/home/lakshy-sharma/Citadel/Workshop/vajra/workspace/src/internal/watcher/eventsink.go:198","message":"event sink: W^X memory mapping"}
{"level":"warn","pid":12254,"process":"DOM Worker","addr":4862722088960,"prot":7,"time":1791612374393,"caller":"/home/lakshy-sharma/Citadel/Workshop/vajra/workspace/src/internal/watcher/eventsink.go:198","message":"event sink: W^X memory mapping"}
{"level":"warn","pid":12254,"process":"DOM Worker","addr":4862722285568,"prot":7,"time":1791612374394,"caller":"/home/lakshy-sharma/Citadel/Workshop/vajra/workspace/src/internal/watcher/eventsink.go:198","message":"event sink: W^X memory mapping"}
{"level":"warn","pid":12254,"process":"DOM Worker","addr":4862722678784,"prot":7,"time":1791612374395,"caller":"/home/lakshy-sharma/Citadel/Workshop/vajra/workspace/src/internal/watcher/eventsink.go:198","message":"event sink: W^X memory mapping"}
{"level":"warn","pid":12254,"process":"Isolated Web Co","addr":4862723072000,"prot":7,"time":1791612374396,"caller":"/home/lakshy-sharma/Citadel/Workshop/vajra/workspace/src/internal/watcher/eventsink.go:198","message":"event sink: W^X memory mapping"}
{"level":"warn","pid":12254,"process":"Isolated Web Co","addr":4862723268608,"prot":7,"time":1791612375342,"caller":"/home/lakshy-sharma/Citadel/Workshop/vajra/workspace/src/internal/watcher/eventsink.go:198","message":"event sink: W^X memory mapping"}
{"level":"warn","pid":12254,"process":"Isolated Web Co","addr":4862723465216,"prot":7,"time":1791612376723,"caller":"/home/lakshy-sharma/Citadel/Workshop/vajra/workspace/src/internal/watcher/eventsink.go:198","message":"event sink: W^X memory mapping"}
{"level":"warn","pid":12254,"process":"Isolated Web Co","addr":4862723989504,"prot":7,"time":1791612376730,"caller":"/home/lakshy-sharma/Citadel/Workshop/vajra/workspace/src/internal/watcher/eventsink.go:198","message":"event sink: W^X memory mapping"}
{"level":"warn","pid":12254,"process":"Isolated Web Co","addr":4862724055040,"prot":7,"time":1791612376735,"caller":"/home/lakshy-sharma/Citadel/Workshop/vajra/workspace/src/internal/watcher/eventsink.go:198","message":"event sink: W^X memory mapping"}
{"level":"warn","pid":12254,"process":"Isolated Web Co","addr":4862724120576,"prot":7,"time":1791612378745,"caller":"/home/lakshy-sharma/Citadel/Workshop/vajra/workspace/src/internal/watcher/eventsink.go:198","message":"event sink: W^X memory mapping"}
{"level":"warn","pid":12254,"process":"Isolated Web Co","addr":4862724513792,"prot":7,"time":1791612378755,"caller":"/home/lakshy-sharma/Citadel/Workshop/vajra/workspace/src/internal/watcher/eventsink.go:198","message":"event sink: W^X memory mapping"}
{"level":"warn","pid":12254,"process":"Isolated Web Co","addr":4862724251648,"prot":7,"time":1791612378757,"caller":"/home/lakshy-sharma/Citadel/Workshop/vajra/workspace/src/internal/watcher/eventsink.go:198","message":"event sink: W^X memory mapping"}
{"level":"warn","pid":12254,"process":"Isolated Web Co","addr":4862724382720,"prot":7,"time":1791612378759,"caller":"/home/lakshy-sharma/Citadel/Workshop/vajra/workspace/src/internal/watcher/eventsink.go:198","message":"event sink: W^X memory mapping"}
{"level":"warn","pid":12254,"process":"Isolated Web Co","addr":4862725169152,"prot":7,"time":1791612378762,"caller":"/home/lakshy-sharma/Citadel/Workshop/vajra/workspace/src/internal/watcher/eventsink.go:198","message":"event sink: W^X memory mapping"}
{"level":"warn","pid":12254,"process":"Isolated Web Co","addr":4862725234688,"prot":7,"time":1791612378764,"caller":"/home/lakshy-sharma/Citadel/Workshop/vajra/workspace/src/internal/watcher/eventsink.go:198","message":"event sink: W^X memory mapping"}
{"level":"warn","pid":12254,"process":"Isolated Web Co","addr":4862725365760,"prot":7,"time":1791612378772,"caller":"/home/lakshy-sharma/Citadel/Workshop/vajra/workspace/src/internal/watcher/eventsink.go:198","message":"event sink: W^X memory mapping"}
{"level":"warn","pid":12254,"process":"Isolated Web Co","addr":4862725431296,"prot":7,"time":1791612378783,"caller":"/home/lakshy-sharma/Citadel/Workshop/vajra/workspace/src/internal/watcher/eventsink.go:198","message":"event sink: W^X memory mapping"}
{"level":"warn","pid":12254,"process":"Isolated Web Co","addr":4862725562368,"prot":7,"time":1791612378791,"caller":"/home/lakshy-sharma/Citadel/Workshop/vajra/workspace/src/internal/watcher/eventsink.go:198","message":"event sink: W^X memory mapping"}
{"level":"warn","pid":12254,"process":"DOM Worker","addr":4862722285568,"prot":7,"time":1791612379835,"caller":"/home/lakshy-sharma/Citadel/Workshop/vajra/workspace/src/internal/watcher/eventsink.go:198","message":"event sink: W^X memory mapping"}
{"level":"warn","pid":12254,"process":"DOM Worker","addr":4862722678784,"prot":7,"time":1791612379836,"caller":"/home/lakshy-sharma/Citadel/Workshop/vajra/workspace/src/internal/watcher/eventsink.go:198","message":"event sink: W^X memory mapping"}
{"level":"warn","pid":12254,"process":"DOM Worker","addr":4862725300224,"prot":7,"time":1791612379837,"caller":"/home/lakshy-sharma/Citadel/Workshop/vajra/workspace/src/internal/watcher/eventsink.go:198","message":"event sink: W^X memory mapping"}
{"level":"warn","pid":11309,"process":"DNS Res~r #3196","dst":"127.0.0.53","dst_port":53,"time":1791612380170,"caller":"/home/lakshy-sharma/Citadel/Workshop/vajra/workspace/src/internal/watcher/eventsink.go:127","message":"event sink: high-value network connection"}
{"level":"warn","pid":528,"process":"systemd-resolve","dst":"192.168.0.1","dst_port":53,"time":1791612380170,"caller":"/home/lakshy-sharma/Citadel/Workshop/vajra/workspace/src/internal/watcher/eventsink.go:127","message":"event sink: high-value network connection"}
{"level":"warn","pid":528,"process":"systemd-resolve","dst":"192.168.0.1","dst_port":53,"time":1791612380171,"caller":"/home/lakshy-sharma/Citadel/Workshop/vajra/workspace/src/internal/watcher/eventsink.go:127","message":"event sink: high-value network connection"}
{"level":"warn","pid":11309,"process":"Socket Thread","dst":"192.168.0.1","dst_port":0,"time":1791612380171,"caller":"/home/lakshy-sharma/Citadel/Workshop/vajra/workspace/src/internal/watcher/eventsink.go:127","message":"event sink: high-value network connection"}
{"level":"warn","pid":11309,"process":"Socket Thread","dst":"c0a8:1::10","dst_port":0,"time":1791612380171,"caller":"/home/lakshy-sharma/Citadel/Workshop/vajra/workspace/src/internal/watcher/eventsink.go:127","message":"event sink: high-value network connection"}
{"level":"warn","pid":11309,"process":"Socket Thread","dst":"c0a8:1::10","dst_port":0,"time":1791612380171,"caller":"/home/lakshy-sharma/Citadel/Workshop/vajra/workspace/src/internal/watcher/eventsink.go:127","message":"event sink: high-value network connection"}
{"level":"warn","pid":12240,"process":"Isolated Web Co","addr":2319473131520,"prot":7,"time":1791612380171,"caller":"/home/lakshy-sharma/Citadel/Workshop/vajra/workspace/src/internal/watcher/eventsink.go:198","message":"event sink: W^X memory mapping"}
{"level":"warn","pid":11309,"process":"DNS Res~r #3195","dst":"127.0.0.53","dst_port":53,"time":1791612380171,"caller":"/home/lakshy-sharma/Citadel/Workshop/vajra/workspace/src/internal/watcher/eventsink.go:127","message":"event sink: high-value network connection"}
{"level":"warn","pid":11309,"process":"Socket Thread","dst":"192.168.0.1","dst_port":0,"time":1791612380172,"caller":"/home/lakshy-sharma/Citadel/Workshop/vajra/workspace/src/internal/watcher/eventsink.go:127","message":"event sink: high-value network connection"}
{"level":"warn","pid":12240,"process":"Isolated Web Co","addr":2319473262592,"prot":7,"time":1791612380172,"caller":"/home/lakshy-sharma/Citadel/Workshop/vajra/workspace/src/internal/watcher/eventsink.go:198","message":"event sink: W^X memory mapping"}
{"level":"warn","pid":11309,"process":"Socket Thread","dst":"192.178.134.100","dst_port":443,"time":1791612380272,"caller":"/home/lakshy-sharma/Citadel/Workshop/vajra/workspace/src/internal/watcher/eventsink.go:127","message":"event sink: high-value network connection"}
{"level":"warn","pid":12254,"process":"Isolated Web Co","addr":4862725627904,"prot":7,"time":1791612380844,"caller":"/home/lakshy-sharma/Citadel/Workshop/vajra/workspace/src/internal/watcher/eventsink.go:198","message":"event sink: W^X memory mapping"}
{"level":"warn","pid":528,"process":"systemd-resolve","dst":"192.168.0.1","dst_port":53,"time":1791612385176,"caller":"/home/lakshy-sharma/Citadel/Workshop/vajra/workspace/src/internal/watcher/eventsink.go:127","message":"event sink: high-value network connection"}
{"level":"warn","pid":11309,"process":"DNS Res~r #3196","dst":"192.178.134.102","dst_port":0,"time":1791612385253,"caller":"/home/lakshy-sharma/Citadel/Workshop/vajra/workspace/src/internal/watcher/eventsink.go:127","message":"event sink: high-value network connection"}
{"level":"warn","pid":11309,"process":"DNS Res~r #3195","dst":"192.178.134.138","dst_port":0,"time":1791612385253,"caller":"/home/lakshy-sharma/Citadel/Workshop/vajra/workspace/src/internal/watcher/eventsink.go:127","message":"event sink: high-value network connection"}
{"level":"warn","pid":11309,"process":"DNS Res~r #3195","dst":"192.178.134.139","dst_port":0,"time":1791612385253,"caller":"/home/lakshy-sharma/Citadel/Workshop/vajra/workspace/src/internal/watcher/eventsink.go:127","message":"event sink: high-value network connection"}
{"level":"warn","pid":11309,"process":"DNS Res~r #3195","dst":"192.178.134.102","dst_port":0,"time":1791612385253,"caller":"/home/lakshy-sharma/Citadel/Workshop/vajra/workspace/src/internal/watcher/eventsink.go:127","message":"event sink: high-value network connection"}
{"level":"warn","pid":11309,"process":"DNS Res~r #3196","dst":"192.178.134.138","dst_port":0,"time":1791612385253,"caller":"/home/lakshy-sharma/Citadel/Workshop/vajra/workspace/src/internal/watcher/eventsink.go:127","message":"event sink: high-value network connection"}
{"level":"warn","pid":11309,"process":"DNS Res~r #3196","dst":"192.178.134.100","dst_port":0,"time":1791612385254,"caller":"/home/lakshy-sharma/Citadel/Workshop/vajra/workspace/src/internal/watcher/eventsink.go:127","message":"event sink: high-value network connection"}
{"level":"warn","pid":11309,"process":"DNS Res~r #3196","dst":"192.178.134.101","dst_port":0,"time":1791612385254,"caller":"/home/lakshy-sharma/Citadel/Workshop/vajra/workspace/src/internal/watcher/eventsink.go:127","message":"event sink: high-value network connection"}
{"level":"warn","pid":11309,"process":"DNS Res~r #3196","dst":"192.178.134.139","dst_port":0,"time":1791612385254,"caller":"/home/lakshy-sharma/Citadel/Workshop/vajra/workspace/src/internal/watcher/eventsink.go:127","message":"event sink: high-value network connection"}
{"level":"warn","pid":11309,"process":"DNS Res~r #3196","dst":"192.178.134.113","dst_port":0,"time":1791612385254,"caller":"/home/lakshy-sharma/Citadel/Workshop/vajra/workspace/src/internal/watcher/eventsink.go:127","message":"event sink: high-value network connection"}
{"level":"warn","pid":11309,"process":"DNS Res~r #3196","dst":"2404:6800:4013:811::64","dst_port":0,"time":1791612385254,"caller":"/home/lakshy-sharma/Citadel/Workshop/vajra/workspace/src/internal/watcher/eventsink.go:127","message":"event sink: high-value network connection"}
{"level":"warn","pid":11309,"process":"DNS Res~r #3195","dst":"192.178.134.100","dst_port":0,"time":1791612385255,"caller":"/home/lakshy-sharma/Citadel/Workshop/vajra/workspace/src/internal/watcher/eventsink.go:127","message":"event sink: high-value network connection"}
{"level":"warn","pid":11309,"process":"DNS Res~r #3195","dst":"192.178.134.113","dst_port":0,"time":1791612385255,"caller":"/home/lakshy-sharma/Citadel/Workshop/vajra/workspace/src/internal/watcher/eventsink.go:127","message":"event sink: high-value network connection"}
{"level":"warn","pid":11309,"process":"DNS Res~r #3195","dst":"192.178.134.101","dst_port":0,"time":1791612385255,"caller":"/home/lakshy-sharma/Citadel/Workshop/vajra/workspace/src/internal/watcher/eventsink.go:127","message":"event sink: high-value network connection"}
{"level":"warn","pid":11309,"process":"DNS Res~r #3195","dst":"2404:6800:4013:811::64","dst_port":0,"time":1791612385255,"caller":"/home/lakshy-sharma/Citadel/Workshop/vajra/workspace/src/internal/watcher/eventsink.go:127","message":"event sink: high-value network connection"}
{"level":"warn","pid":11309,"process":"DNS Res~r #3195","dst":"2404:6800:4013:811::65","dst_port":0,"time":1791612385255,"caller":"/home/lakshy-sharma/Citadel/Workshop/vajra/workspace/src/internal/watcher/eventsink.go:127","message":"event sink: high-value network connection"}
{"level":"warn","pid":11309,"process":"DNS Res~r #3196","dst":"2404:6800:4013:811::65","dst_port":0,"time":1791612385255,"caller":"/home/lakshy-sharma/Citadel/Workshop/vajra/workspace/src/internal/watcher/eventsink.go:127","message":"event sink: high-value network connection"}
{"level":"warn","pid":11309,"process":"DNS Res~r #3195","dst":"2404:6800:4013:811::71","dst_port":0,"time":1791612385255,"caller":"/home/lakshy-sharma/Citadel/Workshop/vajra/workspace/src/internal/watcher/eventsink.go:127","message":"event sink: high-value network connection"}
{"level":"warn","pid":11309,"process":"DNS Res~r #3195","dst":"2404:6800:4013:811::8a","dst_port":0,"time":1791612385256,"caller":"/home/lakshy-sharma/Citadel/Workshop/vajra/workspace/src/internal/watcher/eventsink.go:127","message":"event sink: high-value network connection"}
{"level":"warn","pid":11309,"process":"DNS Res~r #3196","dst":"2404:6800:4013:811::71","dst_port":0,"time":1791612385256,"caller":"/home/lakshy-sharma/Citadel/Workshop/vajra/workspace/src/internal/watcher/eventsink.go:127","message":"event sink: high-value network connection"}
{"level":"warn","pid":11309,"process":"DNS Res~r #3196","dst":"2404:6800:4013:811::8a","dst_port":0,"time":1791612385256,"caller":"/home/lakshy-sharma/Citadel/Workshop/vajra/workspace/src/internal/watcher/eventsink.go:127","message":"event sink: high-value network connection"}
{"level":"warn","pid":12254,"process":"DOM Worker","addr":4862722285568,"prot":7,"time":1791612386895,"caller":"/home/lakshy-sharma/Citadel/Workshop/vajra/workspace/src/internal/watcher/eventsink.go:198","message":"event sink: W^X memory mapping"}
{"level":"warn","pid":12254,"process":"DOM Worker","addr":4862722678784,"prot":7,"time":1791612386896,"caller":"/home/lakshy-sharma/Citadel/Workshop/vajra/workspace/src/internal/watcher/eventsink.go:198","message":"event sink: W^X memory mapping"}
{"level":"warn","pid":12254,"process":"DOM Worker","addr":4862725300224,"prot":7,"time":1791612386897,"caller":"/home/lakshy-sharma/Citadel/Workshop/vajra/workspace/src/internal/watcher/eventsink.go:198","message":"event sink: W^X memory mapping"}
{"level":"warn","pid":349152,"process":"runc:[1:CHILD]","event":"namespace_enter","time":1791612391841,"caller":"/home/lakshy-sharma/Citadel/Workshop/vajra/workspace/src/internal/watcher/eventsink.go:243","message":"event sink: high-severity security event"}
{"level":"warn","pid":349152,"process":"runc:[1:CHILD]","event":"namespace_enter","time":1791612391841,"caller":"/home/lakshy-sharma/Citadel/Workshop/vajra/workspace/src/internal/watcher/eventsink.go:243","message":"event sink: high-severity security event"}
{"level":"warn","pid":349152,"process":"runc:[1:CHILD]","event":"namespace_enter","time":1791612391842,"caller":"/home/lakshy-sharma/Citadel/Workshop/vajra/workspace/src/internal/watcher/eventsink.go:243","message":"event sink: high-severity security event"}
{"level":"warn","pid":349152,"process":"runc:[1:CHILD]","event":"namespace_enter","time":1791612391842,"caller":"/home/lakshy-sharma/Citadel/Workshop/vajra/workspace/src/internal/watcher/eventsink.go:243","message":"event sink: high-severity security event"}
{"level":"warn","pid":349152,"process":"runc:[1:CHILD]","event":"namespace_enter","time":1791612391842,"caller":"/home/lakshy-sharma/Citadel/Workshop/vajra/workspace/src/internal/watcher/eventsink.go:243","message":"event sink: high-severity security event"}
{"level":"warn","pid":349152,"process":"runc:[1:CHILD]","event":"namespace_enter","time":1791612391842,"caller":"/home/lakshy-sharma/Citadel/Workshop/vajra/workspace/src/internal/watcher/eventsink.go:243","message":"event sink: high-severity security event"}
{"level":"warn","pid":349152,"process":"runc:[1:CHILD]","event":"namespace_enter","time":1791612391843,"caller":"/home/lakshy-sharma/Citadel/Workshop/vajra/workspace/src/internal/watcher/eventsink.go:243","message":"event sink: high-severity security event"}
{"level":"warn","pid":349152,"process":"runc:[1:CHILD]","event":"namespace_create","time":1791612391843,"caller":"/home/lakshy-sharma/Citadel/Workshop/vajra/workspace/src/internal/watcher/eventsink.go:243","message":"event sink: high-severity security event"}
{"level":"warn","pid":349153,"process":"runc:[2:INIT]","event":"capset","time":1791612391860,"caller":"/home/lakshy-sharma/Citadel/Workshop/vajra/workspace/src/internal/watcher/eventsink.go:243","message":"event sink: high-severity security event"}
{"level":"warn","pid":349159,"process":"python","dst":"127.0.0.1","dst_port":8000,"time":1791612391911,"caller":"/home/lakshy-sharma/Citadel/Workshop/vajra/workspace/src/internal/watcher/eventsink.go:127","message":"event sink: high-value network connection"}
{"level":"warn","pid":12254,"exe":"/snap/firefox/8995/usr/lib/firefox/firefox","key":"LD_PRELOAD","value":"libmozsandbox.so","time":1791612402956,"caller":"/home/lakshy-sharma/Citadel/Workshop/vajra/workspace/src/internal/analyzer/ldpreload.go:86","message":"ldpreload: non-standard library path"}
{"level":"warn","exe":"/snap/firefox/8995/usr/lib/firefox/firefox","comm":"TaskCon~ller #0","pid":12254,"severity":"HIGH","rule":"ld_preload","time":1791612402964,"caller":"/home/lakshy-sharma/Citadel/Workshop/vajra/workspace/src/internal/watcher/processscanner.go:184","message":"PROCESS DETECTION"}
{"level":"warn","pid":12254,"process":"Isolated Web Co","addr":4862722285568,"prot":7,"time":1791612402974,"caller":"/home/lakshy-sharma/Citadel/Workshop/vajra/workspace/src/internal/watcher/eventsink.go:198","message":"event sink: W^X memory mapping"}
{"level":"warn","pid":12254,"process":"Isolated Web Co","addr":4862722678784,"prot":7,"time":1791612403008,"caller":"/home/lakshy-sharma/Citadel/Workshop/vajra/workspace/src/internal/watcher/eventsink.go:198","message":"event sink: W^X memory mapping"}
{"level":"warn","pid":12254,"process":"Isolated Web Co","addr":4862725300224,"prot":7,"time":1791612403252,"caller":"/home/lakshy-sharma/Citadel/Workshop/vajra/workspace/src/internal/watcher/eventsink.go:198","message":"event sink: W^X memory mapping"}
{"level":"warn","pid":12254,"process":"DOM Worker","addr":4862725693440,"prot":7,"time":1791612403403,"caller":"/home/lakshy-sharma/Citadel/Workshop/vajra/workspace/src/internal/watcher/eventsink.go:198","message":"event sink: W^X memory mapping"}
{"level":"warn","pid":12254,"process":"DOM Worker","addr":4862725758976,"prot":7,"time":1791612403404,"caller":"/home/lakshy-sharma/Citadel/Workshop/vajra/workspace/src/internal/watcher/eventsink.go:198","message":"event sink: W^X memory mapping"}
{"level":"warn","pid":12254,"process":"DOM Worker","addr":4862725890048,"prot":7,"time":1791612403405,"caller":"/home/lakshy-sharma/Citadel/Workshop/vajra/workspace/src/internal/watcher/eventsink.go:198","message":"event sink: W^X memory mapping"}
{"level":"warn","pid":12254,"process":"Isolated Web Co","addr":4862726086656,"prot":7,"time":1791612403715,"caller":"/home/lakshy-sharma/Citadel/Workshop/vajra/workspace/src/internal/watcher/eventsink.go:198","message":"event sink: W^X memory mapping"}
{"level":"warn","pid":12254,"process":"Isolated Web Co","addr":4862726217728,"prot":7,"time":1791612406151,"caller":"/home/lakshy-sharma/Citadel/Workshop/vajra/workspace/src/internal/watcher/eventsink.go:198","message":"event sink: W^X memory mapping"}
{"level":"warn","pid":12254,"process":"Isolated Web Co","addr":4862726283264,"prot":7,"time":1791612406158,"caller":"/home/lakshy-sharma/Citadel/Workshop/vajra/workspace/src/internal/watcher/eventsink.go:198","message":"event sink: W^X memory mapping"}
{"level":"warn","pid":12254,"process":"DOM Worker","addr":4862725758976,"prot":7,"time":1791612409225,"caller":"/home/lakshy-sharma/Citadel/Workshop/vajra/workspace/src/internal/watcher/eventsink.go:198","message":"event sink: W^X memory mapping"}
{"level":"warn","pid":12254,"process":"DOM Worker","addr":4862725890048,"prot":7,"time":1791612409226,"caller":"/home/lakshy-sharma/Citadel/Workshop/vajra/workspace/src/internal/watcher/eventsink.go:198","message":"event sink: W^X memory mapping"}
{"level":"warn","pid":12254,"process":"DOM Worker","addr":4862726348800,"prot":7,"time":1791612409227,"caller":"/home/lakshy-sharma/Citadel/Workshop/vajra/workspace/src/internal/watcher/eventsink.go:198","message":"event sink: W^X memory mapping"}
{"level":"warn","pid":11309,"process":"DNS Res~r #3196","dst":"127.0.0.53","dst_port":53,"time":1791612412541,"caller":"/home/lakshy-sharma/Citadel/Workshop/vajra/workspace/src/internal/watcher/eventsink.go:127","message":"event sink: high-value network connection"}
{"level":"warn","pid":528,"process":"systemd-resolve","dst":"192.168.0.1","dst_port":53,"time":1791612412549,"caller":"/home/lakshy-sharma/Citadel/Workshop/vajra/workspace/src/internal/watcher/eventsink.go:127","message":"event sink: high-value network connection"}
{"level":"warn","pid":528,"process":"systemd-resolve","dst":"192.168.0.1","dst_port":53,"time":1791612412569,"caller":"/home/lakshy-sharma/Citadel/Workshop/vajra/workspace/src/internal/watcher/eventsink.go:127","message":"event sink: high-value network connection"}
{"level":"warn","pid":11604,"process":"Privileged Cont","addr":15675233583104,"prot":7,"time":1791612412573,"caller":"/home/lakshy-sharma/Citadel/Workshop/vajra/workspace/src/internal/watcher/eventsink.go:198","message":"event sink: W^X memory mapping"}
{"level":"warn","pid":11604,"process":"Privileged Cont","addr":15675233714176,"prot":7,"time":1791612412574,"caller":"/home/lakshy-sharma/Citadel/Workshop/vajra/workspace/src/internal/watcher/eventsink.go:198","message":"event sink: W^X memory mapping"}
{"level":"warn","pid":11309,"process":"DNS Res~r #3196","dst":"151.101.105.91","dst_port":0,"time":1791612412575,"caller":"/home/lakshy-sharma/Citadel/Workshop/vajra/workspace/src/internal/watcher/eventsink.go:127","message":"event sink: high-value network connection"}
{"level":"warn","pid":11309,"process":"DNS Res~r #3196","dst":"2a04:4e42:19::347","dst_port":0,"time":1791612412575,"caller":"/home/lakshy-sharma/Citadel/Workshop/vajra/workspace/src/internal/watcher/eventsink.go:127","message":"event sink: high-value network connection"}
{"level":"warn","pid":11309,"process":"Socket Thread","dst":"151.101.105.91","dst_port":443,"time":1791612412576,"caller":"/home/lakshy-sharma/Citadel/Workshop/vajra/workspace/src/internal/watcher/eventsink.go:127","message":"event sink: high-value network connection"}
{"level":"warn","pid":11604,"process":"Privileged Cont","addr":15675233845248,"prot":7,"time":1791612412580,"caller":"/home/lakshy-sharma/Citadel/Workshop/vajra/workspace/src/internal/watcher/eventsink.go:198","message":"event sink: W^X memory mapping"}
{"level":"warn","pid":11604,"process":"Privileged Cont","addr":15675233910784,"prot":7,"time":1791612412972,"caller":"/home/lakshy-sharma/Citadel/Workshop/vajra/workspace/src/internal/watcher/eventsink.go:198","message":"event sink: W^X memory mapping"}
{"level":"warn","pid":349312,"process":"runc:[1:CHILD]","event":"namespace_enter","time":1791612421930,"caller":"/home/lakshy-sharma/Citadel/Workshop/vajra/workspace/src/internal/watcher/eventsink.go:243","message":"event sink: high-severity security event"}
{"level":"warn","pid":349312,"process":"runc:[1:CHILD]","event":"namespace_enter","time":1791612421930,"caller":"/home/lakshy-sharma/Citadel/Workshop/vajra/workspace/src/internal/watcher/eventsink.go:243","message":"event sink: high-severity security event"}
{"level":"warn","pid":349312,"process":"runc:[1:CHILD]","event":"namespace_enter","time":1791612421930,"caller":"/home/lakshy-sharma/Citadel/Workshop/vajra/workspace/src/internal/watcher/eventsink.go:243","message":"event sink: high-severity security event"}
{"level":"warn","pid":349312,"process":"runc:[1:CHILD]","event":"namespace_enter","time":1791612421930,"caller":"/home/lakshy-sharma/Citadel/Workshop/vajra/workspace/src/internal/watcher/eventsink.go:243","message":"event sink: high-severity security event"}
{"level":"warn","pid":349312,"process":"runc:[1:CHILD]","event":"namespace_enter","time":1791612421930,"caller":"/home/lakshy-sharma/Citadel/Workshop/vajra/workspace/src/internal/watcher/eventsink.go:243","message":"event sink: high-severity security event"}
{"level":"warn","pid":349312,"process":"runc:[1:CHILD]","event":"namespace_enter","time":1791612421930,"caller":"/home/lakshy-sharma/Citadel/Workshop/vajra/workspace/src/internal/watcher/eventsink.go:243","message":"event sink: high-severity security event"}
{"level":"warn","pid":349312,"process":"runc:[1:CHILD]","event":"namespace_enter","time":1791612421930,"caller":"/home/lakshy-sharma/Citadel/Workshop/vajra/workspace/src/internal/watcher/eventsink.go:243","message":"event sink: high-severity security event"}
{"level":"warn","pid":349312,"process":"runc:[1:CHILD]","event":"namespace_create","time":1791612421931,"caller":"/home/lakshy-sharma/Citadel/Workshop/vajra/workspace/src/internal/watcher/eventsink.go:243","message":"event sink: high-severity security event"}
{"level":"warn","pid":349313,"process":"runc:[2:INIT]","event":"capset","time":1791612421948,"caller":"/home/lakshy-sharma/Citadel/Workshop/vajra/workspace/src/internal/watcher/eventsink.go:243","message":"event sink: high-severity security event"}
{"level":"warn","pid":349320,"process":"python","dst":"127.0.0.1","dst_port":8000,"time":1791612422003,"caller":"/home/lakshy-sharma/Citadel/Workshop/vajra/workspace/src/internal/watcher/eventsink.go:127","message":"event sink: high-value network connection"}
{"level":"warn","pid":12254,"process":"Isolated Web Co","addr":4862725758976,"prot":7,"time":1791612422290,"caller":"/home/lakshy-sharma/Citadel/Workshop/vajra/workspace/src/internal/watcher/eventsink.go:198","message":"event sink: W^X memory mapping"}
{"level":"warn","pid":12240,"process":"Isolated Web Co","addr":2319473328128,"prot":7,"time":1791612423779,"caller":"/home/lakshy-sharma/Citadel/Workshop/vajra/workspace/src/internal/watcher/eventsink.go:198","message":"event sink: W^X memory mapping"}
{"level":"warn","pid":12254,"process":"Isolated Web Co","addr":4862725890048,"prot":7,"time":1791612424293,"caller":"/home/lakshy-sharma/Citadel/Workshop/vajra/workspace/src/internal/watcher/eventsink.go:198","message":"event sink: W^X memory mapping"}
{"level":"warn","pid":12254,"process":"DOM Worker","addr":4862726348800,"prot":7,"time":1791612425453,"caller":"/home/lakshy-sharma/Citadel/Workshop/vajra/workspace/src/internal/watcher/eventsink.go:198","message":"event sink: W^X memory mapping"}
{"level":"warn","pid":12254,"process":"DOM Worker","addr":4862726545408,"prot":7,"time":1791612425454,"caller":"/home/lakshy-sharma/Citadel/Workshop/vajra/workspace/src/internal/watcher/eventsink.go:198","message":"event sink: W^X memory mapping"}
{"level":"warn","pid":12254,"process":"DOM Worker","addr":4862727135232,"prot":7,"time":1791612425455,"caller":"/home/lakshy-sharma/Citadel/Workshop/vajra/workspace/src/internal/watcher/eventsink.go:198","message":"event sink: W^X memory mapping"}
{"level":"warn","pid":12254,"process":"DOM Worker","addr":4862727200768,"prot":7,"time":1791612425457,"caller":"/home/lakshy-sharma/Citadel/Workshop/vajra/workspace/src/internal/watcher/eventsink.go:198","message":"event sink: W^X memory mapping"}
{"level":"warn","pid":12254,"process":"DOM Worker","addr":4862727331840,"prot":7,"time":1791612425457,"caller":"/home/lakshy-sharma/Citadel/Workshop/vajra/workspace/src/internal/watcher/eventsink.go:198","message":"event sink: W^X memory mapping"}
{"level":"warn","pid":12254,"process":"Isolated Web Co","addr":4862727397376,"prot":7,"time":1791612425461,"caller":"/home/lakshy-sharma/Citadel/Workshop/vajra/workspace/src/internal/watcher/eventsink.go:198","message":"event sink: W^X memory mapping"}
{"level":"warn","pid":12254,"process":"DOM Worker","addr":4862727528448,"prot":7,"time":1791612426076,"caller":"/home/lakshy-sharma/Citadel/Workshop/vajra/workspace/src/internal/watcher/eventsink.go:198","message":"event sink: W^X memory mapping"}
{"level":"warn","pid":12254,"process":"Isolated Web Co","addr":4862727659520,"prot":7,"time":1791612426611,"caller":"/home/lakshy-sharma/Citadel/Workshop/vajra/workspace/src/internal/watcher/eventsink.go:198","message":"event sink: W^X memory mapping"}
{"level":"warn","pid":12254,"process":"Isolated Web Co","addr":4862727790592,"prot":7,"time":1791612427345,"caller":"/home/lakshy-sharma/Citadel/Workshop/vajra/workspace/src/internal/watcher/eventsink.go:198","message":"event sink: W^X memory mapping"}
{"level":"warn","pid":12254,"process":"Isolated Web Co","addr":4862727921664,"prot":7,"time":1791612429129,"caller":"/home/lakshy-sharma/Citadel/Workshop/vajra/workspace/src/internal/watcher/eventsink.go:198","message":"event sink: W^X memory mapping"}
{"level":"warn","pid":12254,"process":"DOM Worker","addr":4862726414336,"prot":7,"time":1791612431909,"caller":"/home/lakshy-sharma/Citadel/Workshop/vajra/workspace/src/internal/watcher/eventsink.go:198","message":"event sink: W^X memory mapping"}
{"level":"warn","pid":12254,"process":"DOM Worker","addr":4862726545408,"prot":7,"time":1791612431910,"caller":"/home/lakshy-sharma/Citadel/Workshop/vajra/workspace/src/internal/watcher/eventsink.go:198","message":"event sink: W^X memory mapping"}
{"level":"warn","pid":12254,"process":"DOM Worker","addr":4862727135232,"prot":7,"time":1791612431911,"caller":"/home/lakshy-sharma/Citadel/Workshop/vajra/workspace/src/internal/watcher/eventsink.go:198","message":"event sink: W^X memory mapping"}
{"level":"warn","pid":12254,"process":"Isolated Web Co","addr":4862727266304,"prot":7,"time":1791612432135,"caller":"/home/lakshy-sharma/Citadel/Workshop/vajra/workspace/src/internal/watcher/eventsink.go:198","message":"event sink: W^X memory mapping"}
{"level":"warn","pid":12254,"process":"Isolated Web Co","addr":4862727331840,"prot":7,"time":1791612432830,"caller":"/home/lakshy-sharma/Citadel/Workshop/vajra/workspace/src/internal/watcher/eventsink.go:198","message":"event sink: W^X memory mapping"}
{"level":"warn","pid":12254,"process":"Isolated Web Co","addr":4862727528448,"prot":7,"time":1791612435332,"caller":"/home/lakshy-sharma/Citadel/Workshop/vajra/workspace/src/internal/watcher/eventsink.go:198","message":"event sink: W^X memory mapping"}
{"level":"warn","pid":12254,"process":"Isolated Web Co","addr":4862726545408,"prot":7,"time":1791612438860,"caller":"/home/lakshy-sharma/Citadel/Workshop/vajra/workspace/src/internal/watcher/eventsink.go:198","message":"event sink: W^X memory mapping"}
{"level":"warn","pid":12254,"process":"Isolated Web Co","addr":4862727135232,"prot":7,"time":1791612441580,"caller":"/home/lakshy-sharma/Citadel/Workshop/vajra/workspace/src/internal/watcher/eventsink.go:198","message":"event sink: W^X memory mapping"}
{"level":"warn","pid":12254,"process":"Isolated Web Co","addr":4862727593984,"prot":7,"time":1791612444685,"caller":"/home/lakshy-sharma/Citadel/Workshop/vajra/workspace/src/internal/watcher/eventsink.go:198","message":"event sink: W^X memory mapping"}
{"level":"warn","pid":12254,"process":"Isolated Web Co","addr":4862727725056,"prot":7,"time":1791612444691,"caller":"/home/lakshy-sharma/Citadel/Workshop/vajra/workspace/src/internal/watcher/eventsink.go:198","message":"event sink: W^X memory mapping"}
{"level":"warn","pid":12254,"process":"Isolated Web Co","addr":4862727856128,"prot":7,"time":1791612444698,"caller":"/home/lakshy-sharma/Citadel/Workshop/vajra/workspace/src/internal/watcher/eventsink.go:198","message":"event sink: W^X memory mapping"}
{"level":"warn","pid":12254,"process":"Isolated Web Co","addr":4862727987200,"prot":7,"time":1791612444719,"caller":"/home/lakshy-sharma/Citadel/Workshop/vajra/workspace/src/internal/watcher/eventsink.go:198","message":"event sink: W^X memory mapping"}
{"level":"warn","pid":12254,"process":"Isolated Web Co","addr":4862728052736,"prot":7,"time":1791612444719,"caller":"/home/lakshy-sharma/Citadel/Workshop/vajra/workspace/src/internal/watcher/eventsink.go:198","message":"event sink: W^X memory mapping"}
{"level":"warn","pid":12254,"process":"Isolated Web Co","addr":4862728183808,"prot":7,"time":1791612444720,"caller":"/home/lakshy-sharma/Citadel/Workshop/vajra/workspace/src/internal/watcher/eventsink.go:198","message":"event sink: W^X memory mapping"}
{"level":"warn","pid":12254,"process":"Isolated Web Co","addr":4862728314880,"prot":7,"time":1791612444723,"caller":"/home/lakshy-sharma/Citadel/Workshop/vajra/workspace/src/internal/watcher/eventsink.go:198","message":"event sink: W^X memory mapping"}
{"level":"warn","pid":12254,"process":"Isolated Web Co","addr":4862728380416,"prot":7,"time":1791612444728,"caller":"/home/lakshy-sharma/Citadel/Workshop/vajra/workspace/src/internal/watcher/eventsink.go:198","message":"event sink: W^X memory mapping"}
{"level":"warn","pid":12254,"process":"Isolated Web Co","addr":4862728511488,"prot":7,"time":1791612444729,"caller":"/home/lakshy-sharma/Citadel/Workshop/vajra/workspace/src/internal/watcher/eventsink.go:198","message":"event sink: W^X memory mapping"}
{"level":"warn","pid":12254,"process":"Isolated Web Co","addr":4862728577024,"prot":7,"time":1791612444735,"caller":"/home/lakshy-sharma/Citadel/Workshop/vajra/workspace/src/internal/watcher/eventsink.go:198","message":"event sink: W^X memory mapping"}
{"level":"warn","pid":12254,"process":"Isolated Web Co","addr":4862728642560,"prot":7,"time":1791612444735,"caller":"/home/lakshy-sharma/Citadel/Workshop/vajra/workspace/src/internal/watcher/eventsink.go:198","message":"event sink: W^X memory mapping"}
{"level":"warn","pid":12254,"process":"Isolated Web Co","addr":4862728708096,"prot":7,"time":1791612444736,"caller":"/home/lakshy-sharma/Citadel/Workshop/vajra/workspace/src/internal/watcher/eventsink.go:198","message":"event sink: W^X memory mapping"}
{"level":"warn","pid":12254,"process":"Isolated Web Co","addr":4862728773632,"prot":7,"time":1791612444738,"caller":"/home/lakshy-sharma/Citadel/Workshop/vajra/workspace/src/internal/watcher/eventsink.go:198","message":"event sink: W^X memory mapping"}
{"level":"warn","pid":12254,"process":"Isolated Web Co","addr":4862728904704,"prot":7,"time":1791612444741,"caller":"/home/lakshy-sharma/Citadel/Workshop/vajra/workspace/src/internal/watcher/eventsink.go:198","message":"event sink: W^X memory mapping"}
{"level":"warn","pid":12254,"process":"Isolated Web Co","addr":4862728970240,"prot":7,"time":1791612444749,"caller":"/home/lakshy-sharma/Citadel/Workshop/vajra/workspace/src/internal/watcher/eventsink.go:198","message":"event sink: W^X memory mapping"}
{"level":"warn","pid":12254,"process":"Isolated Web Co","addr":4862729101312,"prot":7,"time":1791612444755,"caller":"/home/lakshy-sharma/Citadel/Workshop/vajra/workspace/src/internal/watcher/eventsink.go:198","message":"event sink: W^X memory mapping"}
{"level":"warn","pid":12254,"process":"Isolated Web Co","addr":4862729166848,"prot":7,"time":1791612444756,"caller":"/home/lakshy-sharma/Citadel/Workshop/vajra/workspace/src/internal/watcher/eventsink.go:198","message":"event sink: W^X memory mapping"}
{"level":"warn","pid":12254,"process":"Isolated Web Co","addr":4862729297920,"prot":7,"time":1791612444757,"caller":"/home/lakshy-sharma/Citadel/Workshop/vajra/workspace/src/internal/watcher/eventsink.go:198","message":"event sink: W^X memory mapping"}
{"level":"warn","pid":12254,"process":"Isolated Web Co","addr":4862729363456,"prot":7,"time":1791612444758,"caller":"/home/lakshy-sharma/Citadel/Workshop/vajra/workspace/src/internal/watcher/eventsink.go:198","message":"event sink: W^X memory mapping"}
{"level":"warn","pid":12254,"process":"Isolated Web Co","addr":4862729494528,"prot":7,"time":1791612444758,"caller":"/home/lakshy-sharma/Citadel/Workshop/vajra/workspace/src/internal/watcher/eventsink.go:198","message":"event sink: W^X memory mapping"}
{"level":"warn","pid":12254,"process":"Isolated Web Co","addr":4862729560064,"prot":7,"time":1791612444759,"caller":"/home/lakshy-sharma/Citadel/Workshop/vajra/workspace/src/internal/watcher/eventsink.go:198","message":"event sink: W^X memory mapping"}
{"level":"warn","pid":12254,"process":"Isolated Web Co","addr":4862729625600,"prot":7,"time":1791612444760,"caller":"/home/lakshy-sharma/Citadel/Workshop/vajra/workspace/src/internal/watcher/eventsink.go:198","message":"event sink: W^X memory mapping"}
{"level":"warn","pid":12254,"process":"Isolated Web Co","addr":4862729691136,"prot":7,"time":1791612444761,"caller":"/home/lakshy-sharma/Citadel/Workshop/vajra/workspace/src/internal/watcher/eventsink.go:198","message":"event sink: W^X memory mapping"}
{"level":"warn","pid":12254,"process":"Isolated Web Co","addr":4862729756672,"prot":7,"time":1791612444762,"caller":"/home/lakshy-sharma/Citadel/Workshop/vajra/workspace/src/internal/watcher/eventsink.go:198","message":"event sink: W^X memory mapping"}
{"level":"warn","pid":12254,"process":"Isolated Web Co","addr":4862729953280,"prot":7,"time":1791612444763,"caller":"/home/lakshy-sharma/Citadel/Workshop/vajra/workspace/src/internal/watcher/eventsink.go:198","message":"event sink: W^X memory mapping"}
{"level":"warn","pid":12254,"process":"Isolated Web Co","addr":4862730018816,"prot":7,"time":1791612444768,"caller":"/home/lakshy-sharma/Citadel/Workshop/vajra/workspace/src/internal/watcher/eventsink.go:198","message":"event sink: W^X memory mapping"}
{"level":"warn","pid":12254,"process":"Isolated Web Co","addr":4862730084352,"prot":7,"time":1791612444771,"caller":"/home/lakshy-sharma/Citadel/Workshop/vajra/workspace/src/internal/watcher/eventsink.go:198","message":"event sink: W^X memory mapping"}
{"level":"warn","pid":12254,"process":"Isolated Web Co","addr":4862730149888,"prot":7,"time":1791612444783,"caller":"/home/lakshy-sharma/Citadel/Workshop/vajra/workspace/src/internal/watcher/eventsink.go:198","message":"event sink: W^X memory mapping"}
{"level":"warn","pid":12254,"process":"Isolated Web Co","addr":4862730280960,"prot":7,"time":1791612444807,"caller":"/home/lakshy-sharma/Citadel/Workshop/vajra/workspace/src/internal/watcher/eventsink.go:198","message":"event sink: W^X memory mapping"}
{"level":"warn","pid":12254,"process":"DOM Worker","addr":4862730412032,"prot":7,"time":1791612444847,"caller":"/home/lakshy-sharma/Citadel/Workshop/vajra/workspace/src/internal/watcher/eventsink.go:198","message":"event sink: W^X memory mapping"}
{"level":"warn","pid":12254,"process":"Isolated Web Co","addr":4862730477568,"prot":7,"time":1791612444851,"caller":"/home/lakshy-sharma/Citadel/Workshop/vajra/workspace/src/internal/watcher/eventsink.go:198","message":"event sink: W^X memory mapping"}
{"level":"warn","pid":12254,"process":"Isolated Web Co","addr":4862730543104,"prot":7,"time":1791612444858,"caller":"/home/lakshy-sharma/Citadel/Workshop/vajra/workspace/src/internal/watcher/eventsink.go:198","message":"event sink: W^X memory mapping"}
{"level":"warn","pid":12254,"process":"Isolated Web Co","addr":4862730674176,"prot":7,"time":1791612444858,"caller":"/home/lakshy-sharma/Citadel/Workshop/vajra/workspace/src/internal/watcher/eventsink.go:198","message":"event sink: W^X memory mapping"}
{"level":"warn","pid":12254,"process":"Isolated Web Co","addr":4862730739712,"prot":7,"time":1791612444859,"caller":"/home/lakshy-sharma/Citadel/Workshop/vajra/workspace/src/internal/watcher/eventsink.go:198","message":"event sink: W^X memory mapping"}
{"level":"warn","pid":12254,"process":"Isolated Web Co","addr":4862730805248,"prot":7,"time":1791612444876,"caller":"/home/lakshy-sharma/Citadel/Workshop/vajra/workspace/src/internal/watcher/eventsink.go:198","message":"event sink: W^X memory mapping"}
{"level":"warn","pid":12254,"process":"Isolated Web Co","addr":4862730936320,"prot":7,"time":1791612444876,"caller":"/home/lakshy-sharma/Citadel/Workshop/vajra/workspace/src/internal/watcher/eventsink.go:198","message":"event sink: W^X memory mapping"}
{"level":"warn","pid":12254,"process":"Isolated Web Co","addr":4862731001856,"prot":7,"time":1791612444880,"caller":"/home/lakshy-sharma/Citadel/Workshop/vajra/workspace/src/internal/watcher/eventsink.go:198","message":"event sink: W^X memory mapping"}
{"level":"warn","pid":12254,"process":"Isolated Web Co","addr":4862731132928,"prot":7,"time":1791612444882,"caller":"/home/lakshy-sharma/Citadel/Workshop/vajra/workspace/src/internal/watcher/eventsink.go:198","message":"event sink: W^X memory mapping"}
{"level":"warn","pid":12254,"process":"Isolated Web Co","addr":4862731198464,"prot":7,"time":1791612444883,"caller":"/home/lakshy-sharma/Citadel/Workshop/vajra/workspace/src/internal/watcher/eventsink.go:198","message":"event sink: W^X memory mapping"}
{"level":"warn","pid":12254,"process":"Isolated Web Co","addr":4862731329536,"prot":7,"time":1791612444891,"caller":"/home/lakshy-sharma/Citadel/Workshop/vajra/workspace/src/internal/watcher/eventsink.go:198","message":"event sink: W^X memory mapping"}
{"level":"warn","pid":12254,"process":"Isolated Web Co","addr":4862731460608,"prot":7,"time":1791612444947,"caller":"/home/lakshy-sharma/Citadel/Workshop/vajra/workspace/src/internal/watcher/eventsink.go:198","message":"event sink: W^X memory mapping"}
{"level":"warn","pid":12254,"process":"DOM Worker","addr":4862731526144,"prot":7,"time":1791612444968,"caller":"/home/lakshy-sharma/Citadel/Workshop/vajra/workspace/src/internal/watcher/eventsink.go:198","message":"event sink: W^X memory mapping"}
{"level":"warn","pid":12254,"process":"DOM Worker","addr":4862731657216,"prot":7,"time":1791612444969,"caller":"/home/lakshy-sharma/Citadel/Workshop/vajra/workspace/src/internal/watcher/eventsink.go:198","message":"event sink: W^X memory mapping"}
{"level":"warn","pid":12254,"process":"DOM Worker","addr":4862731788288,"prot":7,"time":1791612444970,"caller":"/home/lakshy-sharma/Citadel/Workshop/vajra/workspace/src/internal/watcher/eventsink.go:198","message":"event sink: W^X memory mapping"}
{"level":"warn","pid":12254,"process":"DOM Worker","addr":4862731853824,"prot":7,"time":1791612444971,"caller":"/home/lakshy-sharma/Citadel/Workshop/vajra/workspace/src/internal/watcher/eventsink.go:198","message":"event sink: W^X memory mapping"}
{"level":"warn","pid":12254,"process":"DOM Worker","addr":4862731984896,"prot":7,"time":1791612444972,"caller":"/home/lakshy-sharma/Citadel/Workshop/vajra/workspace/src/internal/watcher/eventsink.go:198","message":"event sink: W^X memory mapping"}
{"level":"warn","pid":12254,"process":"Isolated Web Co","addr":4862732050432,"prot":7,"time":1791612445079,"caller":"/home/lakshy-sharma/Citadel/Workshop/vajra/workspace/src/internal/watcher/eventsink.go:198","message":"event sink: W^X memory mapping"}
{"level":"warn","pid":12254,"process":"Isolated Web Co","addr":4862732181504,"prot":7,"time":1791612445091,"caller":"/home/lakshy-sharma/Citadel/Workshop/vajra/workspace/src/internal/watcher/eventsink.go:198","message":"event sink: W^X memory mapping"}
{"level":"warn","pid":12254,"process":"Isolated Web Co","addr":4862732312576,"prot":7,"time":1791612445106,"caller":"/home/lakshy-sharma/Citadel/Workshop/vajra/workspace/src/internal/watcher/eventsink.go:198","message":"event sink: W^X memory mapping"}
{"level":"warn","pid":12254,"process":"Isolated Web Co","addr":4862732378112,"prot":7,"time":1791612445352,"caller":"/home/lakshy-sharma/Citadel/Workshop/vajra/workspace/src/internal/watcher/eventsink.go:198","message":"event sink: W^X memory mapping"}
{"level":"warn","pid":12254,"process":"Isolated Web Co","addr":4862732443648,"prot":7,"time":1791612445390,"caller":"/home/lakshy-sharma/Citadel/Workshop/vajra/workspace/src/internal/watcher/eventsink.go:198","message":"event sink: W^X memory mapping"}
{"level":"warn","pid":12254,"process":"Isolated Web Co","addr":4862732509184,"prot":7,"time":1791612445424,"caller":"/home/lakshy-sharma/Citadel/Workshop/vajra/workspace/src/internal/watcher/eventsink.go:198","message":"event sink: W^X memory mapping"}
{"level":"warn","pid":12254,"process":"Isolated Web Co","addr":4862732640256,"prot":7,"time":1791612445445,"caller":"/home/lakshy-sharma/Citadel/Workshop/vajra/workspace/src/internal/watcher/eventsink.go:198","message":"event sink: W^X memory mapping"}
{"level":"warn","pid":12254,"process":"Isolated Web Co","addr":4862732705792,"prot":7,"time":1791612445504,"caller":"/home/lakshy-sharma/Citadel/Workshop/vajra/workspace/src/internal/watcher/eventsink.go:198","message":"event sink: W^X memory mapping"}
{"level":"warn","pid":12254,"process":"Isolated Web Co","addr":4862732836864,"prot":7,"time":1791612445943,"caller":"/home/lakshy-sharma/Citadel/Workshop/vajra/workspace/src/internal/watcher/eventsink.go:198","message":"event sink: W^X memory mapping"}
{"level":"warn","pid":12254,"process":"Isolated Web Co","addr":4862732902400,"prot":7,"time":1791612445964,"caller":"/home/lakshy-sharma/Citadel/Workshop/vajra/workspace/src/internal/watcher/eventsink.go:198","message":"event sink: W^X memory mapping"}
{"level":"warn","pid":12254,"process":"Isolated Web Co","addr":4862732967936,"prot":7,"time":1791612445965,"caller":"/home/lakshy-sharma/Citadel/Workshop/vajra/workspace/src/internal/watcher/eventsink.go:198","message":"event sink: W^X memory mapping"}
{"level":"warn","pid":12254,"process":"Isolated Web Co","addr":4862733033472,"prot":7,"time":1791612445971,"caller":"/home/lakshy-sharma/Citadel/Workshop/vajra/workspace/src/internal/watcher/eventsink.go:198","message":"event sink: W^X memory mapping"}
{"level":"warn","pid":12254,"process":"DOM Worker","addr":4862733099008,"prot":7,"time":1791612445988,"caller":"/home/lakshy-sharma/Citadel/Workshop/vajra/workspace/src/internal/watcher/eventsink.go:198","message":"event sink: W^X memory mapping"}
{"level":"warn","pid":12254,"process":"Isolated Web Co","addr":4862733164544,"prot":7,"time":1791612446156,"caller":"/home/lakshy-sharma/Citadel/Workshop/vajra/workspace/src/internal/watcher/eventsink.go:198","message":"event sink: W^X memory mapping"}
{"level":"warn","pid":12254,"process":"Isolated Web Co","addr":4862733230080,"prot":7,"time":1791612446609,"caller":"/home/lakshy-sharma/Citadel/Workshop/vajra/workspace/src/internal/watcher/eventsink.go:198","message":"event sink: W^X memory mapping"}
{"level":"warn","pid":12254,"process":"Isolated Web Co","addr":4862733361152,"prot":7,"time":1791612446824,"caller":"/home/lakshy-sharma/Citadel/Workshop/vajra/workspace/src/internal/watcher/eventsink.go:198","message":"event sink: W^X memory mapping"}
{"level":"warn","pid":12254,"process":"Isolated Web Co","addr":4862733492224,"prot":7,"time":1791612447444,"caller":"/home/lakshy-sharma/Citadel/Workshop/vajra/workspace/src/internal/watcher/eventsink.go:198","message":"event sink: W^X memory mapping"}
{"level":"warn","pid":12254,"process":"Isolated Web Co","addr":4862733623296,"prot":7,"time":1791612447895,"caller":"/home/lakshy-sharma/Citadel/Workshop/vajra/workspace/src/internal/watcher/eventsink.go:198","message":"event sink: W^X memory mapping"}
{"level":"warn","pid":12254,"process":"Isolated Web Co","addr":4862733754368,"prot":7,"time":1791612448313,"caller":"/home/lakshy-sharma/Citadel/Workshop/vajra/workspace/src/internal/watcher/eventsink.go:198","message":"event sink: W^X memory mapping"}
{"level":"warn","pid":12254,"process":"DOM Worker","addr":4862733885440,"prot":7,"time":1791612448316,"caller":"/home/lakshy-sharma/Citadel/Workshop/vajra/workspace/src/internal/watcher/eventsink.go:198","message":"event sink: W^X memory mapping"}
{"level":"warn","pid":12254,"process":"DOM Worker","addr":4862733950976,"prot":7,"time":1791612448317,"caller":"/home/lakshy-sharma/Citadel/Workshop/vajra/workspace/src/internal/watcher/eventsink.go:198","message":"event sink: W^X memory mapping"}
{"level":"warn","pid":12254,"process":"DOM Worker","addr":4862734082048,"prot":7,"time":1791612448402,"caller":"/home/lakshy-sharma/Citadel/Workshop/vajra/workspace/src/internal/watcher/eventsink.go:198","message":"event sink: W^X memory mapping"}
{"level":"warn","pid":12254,"process":"Isolated Web Co","addr":4862734213120,"prot":7,"time":1791612448998,"caller":"/home/lakshy-sharma/Citadel/Workshop/vajra/workspace/src/internal/watcher/eventsink.go:198","message":"event sink: W^X memory mapping"}
{"level":"warn","pid":11309,"process":"DNS Res~r #3196","dst":"127.0.0.53","dst_port":53,"time":1791612449568,"caller":"/home/lakshy-sharma/Citadel/Workshop/vajra/workspace/src/internal/watcher/eventsink.go:127","message":"event sink: high-value network connection"}
{"level":"warn","pid":528,"process":"systemd-resolve","dst":"192.168.0.1","dst_port":53,"time":1791612449568,"caller":"/home/lakshy-sharma/Citadel/Workshop/vajra/workspace/src/internal/watcher/eventsink.go:127","message":"event sink: high-value network connection"}
{"level":"warn","pid":11309,"process":"Socket Thread","dst":"127.0.0.53","dst_port":0,"time":1791612449569,"caller":"/home/lakshy-sharma/Citadel/Workshop/vajra/workspace/src/internal/watcher/eventsink.go:127","message":"event sink: high-value network connection"}
{"level":"warn","pid":11309,"process":"Socket Thread","dst":"7f00:35:19::347","dst_port":0,"time":1791612449569,"caller":"/home/lakshy-sharma/Citadel/Workshop/vajra/workspace/src/internal/watcher/eventsink.go:127","message":"event sink: high-value network connection"}
{"level":"warn","pid":11309,"process":"Socket Thread","dst":"7f00:35:19::347","dst_port":0,"time":1791612449569,"caller":"/home/lakshy-sharma/Citadel/Workshop/vajra/workspace/src/internal/watcher/eventsink.go:127","message":"event sink: high-value network connection"}
{"level":"warn","pid":11309,"process":"DNS Res~r #3197","dst":"127.0.0.53","dst_port":53,"time":1791612449569,"caller":"/home/lakshy-sharma/Citadel/Workshop/vajra/workspace/src/internal/watcher/eventsink.go:127","message":"event sink: high-value network connection"}
{"level":"warn","pid":11309,"process":"Socket Thread","dst":"127.0.0.53","dst_port":0,"time":1791612449569,"caller":"/home/lakshy-sharma/Citadel/Workshop/vajra/workspace/src/internal/watcher/eventsink.go:127","message":"event sink: high-value network connection"}
{"level":"warn","pid":528,"process":"systemd-resolve","dst":"192.168.0.1","dst_port":53,"time":1791612449569,"caller":"/home/lakshy-sharma/Citadel/Workshop/vajra/workspace/src/internal/watcher/eventsink.go:127","message":"event sink: high-value network connection"}
{"level":"warn","pid":12254,"process":"Isolated Web Co","addr":4862734278656,"prot":7,"time":1791612449596,"caller":"/home/lakshy-sharma/Citadel/Workshop/vajra/workspace/src/internal/watcher/eventsink.go:198","message":"event sink: W^X memory mapping"}
{"level":"warn","pid":12254,"process":"Isolated Web Co","addr":4862734344192,"prot":7,"time":1791612449795,"caller":"/home/lakshy-sharma/Citadel/Workshop/vajra/workspace/src/internal/watcher/eventsink.go:198","message":"event sink: W^X memory mapping"}
{"level":"warn","pid":12254,"process":"DOM Worker","addr":4862731591680,"prot":7,"time":1791612450331,"caller":"/home/lakshy-sharma/Citadel/Workshop/vajra/workspace/src/internal/watcher/eventsink.go:198","message":"event sink: W^X memory mapping"}
{"level":"warn","pid":12254,"process":"DOM Worker","addr":4862731657216,"prot":7,"time":1791612450332,"caller":"/home/lakshy-sharma/Citadel/Workshop/vajra/workspace/src/internal/watcher/eventsink.go:198","message":"event sink: W^X memory mapping"}
{"level":"warn","pid":12254,"process":"DOM Worker","addr":4862731722752,"prot":7,"time":1791612450333,"caller":"/home/lakshy-sharma/Citadel/Workshop/vajra/workspace/src/internal/watcher/eventsink.go:198","message":"event sink: W^X memory mapping"}
{"level":"warn","pid":12254,"process":"Isolated Web Co","addr":4862731788288,"prot":7,"time":1791612450405,"caller":"/home/lakshy-sharma/Citadel/Workshop/vajra/workspace/src/internal/watcher/eventsink.go:198","message":"event sink: W^X memory mapping"}
{"level":"warn","pid":12254,"process":"DOM Worker","addr":4862731919360,"prot":7,"time":1791612450457,"caller":"/home/lakshy-sharma/Citadel/Workshop/vajra/workspace/src/internal/watcher/eventsink.go:198","message":"event sink: W^X memory mapping"}
{"level":"warn","pid":12254,"process":"Isolated Web Co","addr":4862731984896,"prot":7,"time":1791612451053,"caller":"/home/lakshy-sharma/Citadel/Workshop/vajra/workspace/src/internal/watcher/eventsink.go:198","message":"event sink: W^X memory mapping"}
{"level":"warn","pid":12254,"process":"Isolated Web Co","addr":4862732115968,"prot":7,"time":1791612451079,"caller":"/home/lakshy-sharma/Citadel/Workshop/vajra/workspace/src/internal/watcher/eventsink.go:198","message":"event sink: W^X memory mapping"}
{"level":"warn","pid":12254,"process":"Isolated Web Co","addr":4862732247040,"prot":7,"time":1791612451090,"caller":"/home/lakshy-sharma/Citadel/Workshop/vajra/workspace/src/internal/watcher/eventsink.go:198","message":"event sink: W^X memory mapping"}
{"level":"warn","pid":12254,"process":"Isolated Web Co","addr":4862732574720,"prot":7,"time":1791612451140,"caller":"/home/lakshy-sharma/Citadel/Workshop/vajra/workspace/src/internal/watcher/eventsink.go:198","message":"event sink: W^X memory mapping"}
{"level":"warn","pid":12254,"process":"Isolated Web Co","addr":4862732771328,"prot":7,"time":1791612451208,"caller":"/home/lakshy-sharma/Citadel/Workshop/vajra/workspace/src/internal/watcher/eventsink.go:198","message":"event sink: W^X memory mapping"}
{"level":"warn","pid":12254,"process":"Isolated Web Co","addr":4862733099008,"prot":7,"time":1791612451228,"caller":"/home/lakshy-sharma/Citadel/Workshop/vajra/workspace/src/internal/watcher/eventsink.go:198","message":"event sink: W^X memory mapping"}
{"level":"warn","pid":12254,"process":"Isolated Web Co","addr":4862733295616,"prot":7,"time":1791612451290,"caller":"/home/lakshy-sharma/Citadel/Workshop/vajra/workspace/src/internal/watcher/eventsink.go:198","message":"event sink: W^X memory mapping"}
{"level":"warn","pid":12254,"process":"DOM Worker","addr":4862733426688,"prot":7,"time":1791612451335,"caller":"/home/lakshy-sharma/Citadel/Workshop/vajra/workspace/src/internal/watcher/eventsink.go:198","message":"event sink: W^X memory mapping"}
{"level":"warn","pid":12254,"process":"DOM Worker","addr":4862733557760,"prot":7,"time":1791612451336,"caller":"/home/lakshy-sharma/Citadel/Workshop/vajra/workspace/src/internal/watcher/eventsink.go:198","message":"event sink: W^X memory mapping"}
{"level":"warn","pid":12254,"process":"DOM Worker","addr":4862733688832,"prot":7,"time":1791612451337,"caller":"/home/lakshy-sharma/Citadel/Workshop/vajra/workspace/src/internal/watcher/eventsink.go:198","message":"event sink: W^X memory mapping"}
{"level":"warn","pid":12254,"process":"DOM Worker","addr":4862733819904,"prot":7,"time":1791612451337,"caller":"/home/lakshy-sharma/Citadel/Workshop/vajra/workspace/src/internal/watcher/eventsink.go:198","message":"event sink: W^X memory mapping"}
{"level":"warn","pid":12254,"process":"DOM Worker","addr":4862733950976,"prot":7,"time":1791612451339,"caller":"/home/lakshy-sharma/Citadel/Workshop/vajra/workspace/src/internal/watcher/eventsink.go:198","message":"event sink: W^X memory mapping"}
{"level":"warn","pid":12254,"process":"DOM Worker","addr":4862734147584,"prot":7,"time":1791612451341,"caller":"/home/lakshy-sharma/Citadel/Workshop/vajra/workspace/src/internal/watcher/eventsink.go:198","message":"event sink: W^X memory mapping"}
{"level":"warn","pid":349354,"process":"runc:[1:CHILD]","event":"namespace_enter","time":1791612452028,"caller":"/home/lakshy-sharma/Citadel/Workshop/vajra/workspace/src/internal/watcher/eventsink.go:243","message":"event sink: high-severity security event"}
{"level":"warn","pid":349354,"process":"runc:[1:CHILD]","event":"namespace_enter","time":1791612452028,"caller":"/home/lakshy-sharma/Citadel/Workshop/vajra/workspace/src/internal/watcher/eventsink.go:243","message":"event sink: high-severity security event"}
{"level":"warn","pid":349354,"process":"runc:[1:CHILD]","event":"namespace_enter","time":1791612452029,"caller":"/home/lakshy-sharma/Citadel/Workshop/vajra/workspace/src/internal/watcher/eventsink.go:243","message":"event sink: high-severity security event"}
{"level":"warn","pid":349354,"process":"runc:[1:CHILD]","event":"namespace_enter","time":1791612452029,"caller":"/home/lakshy-sharma/Citadel/Workshop/vajra/workspace/src/internal/watcher/eventsink.go:243","message":"event sink: high-severity security event"}
{"level":"warn","pid":349354,"process":"runc:[1:CHILD]","event":"namespace_enter","time":1791612452029,"caller":"/home/lakshy-sharma/Citadel/Workshop/vajra/workspace/src/internal/watcher/eventsink.go:243","message":"event sink: high-severity security event"}
{"level":"warn","pid":349354,"process":"runc:[1:CHILD]","event":"namespace_enter","time":1791612452029,"caller":"/home/lakshy-sharma/Citadel/Workshop/vajra/workspace/src/internal/watcher/eventsink.go:243","message":"event sink: high-severity security event"}
{"level":"warn","pid":349354,"process":"runc:[1:CHILD]","event":"namespace_enter","time":1791612452030,"caller":"/home/lakshy-sharma/Citadel/Workshop/vajra/workspace/src/internal/watcher/eventsink.go:243","message":"event sink: high-severity security event"}
{"level":"warn","pid":349354,"process":"runc:[1:CHILD]","event":"namespace_create","time":1791612452030,"caller":"/home/lakshy-sharma/Citadel/Workshop/vajra/workspace/src/internal/watcher/eventsink.go:243","message":"event sink: high-severity security event"}
{"level":"warn","pid":349355,"process":"runc:[2:INIT]","event":"capset","time":1791612452048,"caller":"/home/lakshy-sharma/Citadel/Workshop/vajra/workspace/src/internal/watcher/eventsink.go:243","message":"event sink: high-severity security event"}
{"level":"warn","pid":349361,"process":"python","dst":"127.0.0.1","dst_port":8000,"time":1791612452102,"caller":"/home/lakshy-sharma/Citadel/Workshop/vajra/workspace/src/internal/watcher/eventsink.go:127","message":"event sink: high-value network connection"}
{"level":"warn","pid":12254,"process":"Isolated Web Co","addr":4862734409728,"prot":7,"time":1791612453765,"caller":"/home/lakshy-sharma/Citadel/Workshop/vajra/workspace/src/internal/watcher/eventsink.go:198","message":"event sink: W^X memory mapping"}
{"level":"warn","pid":11309,"process":"DNS Res~r #3196","dst":"127.0.0.53","dst_port":53,"time":1791612454573,"caller":"/home/lakshy-sharma/Citadel/Workshop/vajra/workspace/src/internal/watcher/eventsink.go:127","message":"event sink: high-value network connection"}
{"level":"warn","pid":11309,"process":"DNS Res~r #3196","dst":"127.0.0.53","dst_port":53,"time":1791612454573,"caller":"/home/lakshy-sharma/Citadel/Workshop/vajra/workspace/src/internal/watcher/eventsink.go:127","message":"event sink: high-value network connection"}
{"level":"warn","pid":11309,"process":"DNS Res~r #3196","dst":"192.178.158.84","dst_port":0,"time":1791612454595,"caller":"/home/lakshy-sharma/Citadel/Workshop/vajra/workspace/src/internal/watcher/eventsink.go:127","message":"event sink: high-value network connection"}
{"level":"warn","pid":11309,"process":"DNS Res~r #3196","dst":"2404:6800:4013:813::54","dst_port":0,"time":1791612454595,"caller":"/home/lakshy-sharma/Citadel/Workshop/vajra/workspace/src/internal/watcher/eventsink.go:127","message":"event sink: high-value network connection"}
{"level":"warn","pid":11309,"process":"DNS Res~r #3197","dst":"192.178.158.84","dst_port":0,"time":1791612454595,"caller":"/home/lakshy-sharma/Citadel/Workshop/vajra/workspace/src/internal/watcher/eventsink.go:127","message":"event sink: high-value network connection"}
{"level":"warn","pid":11309,"process":"DNS Res~r #3197","dst":"2404:6800:4013:813::54","dst_port":0,"time":1791612454596,"caller":"/home/lakshy-sharma/Citadel/Workshop/vajra/workspace/src/internal/watcher/eventsink.go:127","message":"event sink: high-value network connection"}
{"level":"warn","pid":12254,"process":"Isolated Web Co","addr":4862717173760,"prot":7,"time":1791612456155,"caller":"/home/lakshy-sharma/Citadel/Workshop/vajra/workspace/src/internal/watcher/eventsink.go:198","message":"event sink: W^X memory mapping"}
{"level":"warn","pid":12254,"process":"Isolated Web Co","addr":4862717435904,"prot":7,"time":1791612456612,"caller":"/home/lakshy-sharma/Citadel/Workshop/vajra/workspace/src/internal/watcher/eventsink.go:198","message":"event sink: W^X memory mapping"}
{"level":"warn","pid":12254,"process":"DOM Worker","addr":4862717501440,"prot":7,"time":1791612459119,"caller":"/home/lakshy-sharma/Citadel/Workshop/vajra/workspace/src/internal/watcher/eventsink.go:198","message":"event sink: W^X memory mapping"}
{"level":"warn","pid":12254,"process":"DOM Worker","addr":4862717632512,"prot":7,"time":1791612459120,"caller":"/home/lakshy-sharma/Citadel/Workshop/vajra/workspace/src/internal/watcher/eventsink.go:198","message":"event sink: W^X memory mapping"}
{"level":"warn","pid":12254,"process":"DOM Worker","addr":4862717698048,"prot":7,"time":1791612459121,"caller":"/home/lakshy-sharma/Citadel/Workshop/vajra/workspace/src/internal/watcher/eventsink.go:198","message":"event sink: W^X memory mapping"}
{"level":"warn","pid":12254,"process":"DOM Worker","addr":4862717829120,"prot":7,"time":1791612459122,"caller":"/home/lakshy-sharma/Citadel/Workshop/vajra/workspace/src/internal/watcher/eventsink.go:198","message":"event sink: W^X memory mapping"}
{"level":"warn","pid":12254,"process":"DOM Worker","addr":4862717894656,"prot":7,"time":1791612459124,"caller":"/home/lakshy-sharma/Citadel/Workshop/vajra/workspace/src/internal/watcher/eventsink.go:198","message":"event sink: W^X memory mapping"}
{"level":"warn","pid":12254,"process":"Isolated Web Co","addr":4862718025728,"prot":7,"time":1791612459125,"caller":"/home/lakshy-sharma/Citadel/Workshop/vajra/workspace/src/internal/watcher/eventsink.go:198","message":"event sink: W^X memory mapping"}
{"level":"warn","pid":12254,"process":"Isolated Web Co","addr":4862718156800,"prot":7,"time":1791612459128,"caller":"/home/lakshy-sharma/Citadel/Workshop/vajra/workspace/src/internal/watcher/eventsink.go:198","message":"event sink: W^X memory mapping"}
{"level":"warn","pid":12254,"process":"Isolated Web Co","addr":4862718287872,"prot":7,"time":1791612459976,"caller":"/home/lakshy-sharma/Citadel/Workshop/vajra/workspace/src/internal/watcher/eventsink.go:198","message":"event sink: W^X memory mapping"}
{"level":"warn","pid":12254,"process":"Isolated Web Co","addr":4862718418944,"prot":7,"time":1791612459977,"caller":"/home/lakshy-sharma/Citadel/Workshop/vajra/workspace/src/internal/watcher/eventsink.go:198","message":"event sink: W^X memory mapping"}
{"level":"warn","pid":12254,"process":"Isolated Web Co","addr":4862718615552,"prot":7,"time":1791612459978,"caller":"/home/lakshy-sharma/Citadel/Workshop/vajra/workspace/src/internal/watcher/eventsink.go:198","message":"event sink: W^X memory mapping"}
{"level":"warn","pid":12254,"process":"Isolated Web Co","addr":4862718681088,"prot":7,"time":1791612459979,"caller":"/home/lakshy-sharma/Citadel/Workshop/vajra/workspace/src/internal/watcher/eventsink.go:198","message":"event sink: W^X memory mapping"}
{"level":"warn","pid":12254,"process":"Isolated Web Co","addr":4862718746624,"prot":7,"time":1791612459981,"caller":"/home/lakshy-sharma/Citadel/Workshop/vajra/workspace/src/internal/watcher/eventsink.go:198","message":"event sink: W^X memory mapping"}
{"level":"warn","pid":12254,"process":"Isolated Web Co","addr":4862718877696,"prot":7,"time":1791612459982,"caller":"/home/lakshy-sharma/Citadel/Workshop/vajra/workspace/src/internal/watcher/eventsink.go:198","message":"event sink: W^X memory mapping"}
{"level":"warn","pid":12254,"process":"Isolated Web Co","addr":4862718943232,"prot":7,"time":1791612459983,"caller":"/home/lakshy-sharma/Citadel/Workshop/vajra/workspace/src/internal/watcher/eventsink.go:198","message":"event sink: W^X memory mapping"}
{"level":"warn","pid":12254,"process":"Isolated Web Co","addr":4862716452864,"prot":7,"time":1791612460154,"caller":"/home/lakshy-sharma/Citadel/Workshop/vajra/workspace/src/internal/watcher/eventsink.go:198","message":"event sink: W^X memory mapping"}
{"level":"warn","pid":12254,"process":"Isolated Web Co","addr":4862716583936,"prot":7,"time":1791612460317,"caller":"/home/lakshy-sharma/Citadel/Workshop/vajra/workspace/src/internal/watcher/eventsink.go:198","message":"event sink: W^X memory mapping"}
{"level":"warn","pid":12254,"process":"Isolated Web Co","addr":4862716649472,"prot":7,"time":1791612460614,"caller":"/home/lakshy-sharma/Citadel/Workshop/vajra/workspace/src/internal/watcher/eventsink.go:198","message":"event sink: W^X memory mapping"}
{"level":"warn","pid":12254,"process":"Isolated Web Co","addr":4862716715008,"prot":7,"time":1791612460655,"caller":"/home/lakshy-sharma/Citadel/Workshop/vajra/workspace/src/internal/watcher/eventsink.go:198","message":"event sink: W^X memory mapping"}
{"level":"warn","pid":12254,"process":"Isolated Web Co","addr":4862716846080,"prot":7,"time":1791612460658,"caller":"/home/lakshy-sharma/Citadel/Workshop/vajra/workspace/src/internal/watcher/eventsink.go:198","message":"event sink: W^X memory mapping"}
{"level":"warn","pid":12254,"process":"Isolated Web Co","addr":4862716911616,"prot":7,"time":1791612460846,"caller":"/home/lakshy-sharma/Citadel/Workshop/vajra/workspace/src/internal/watcher/eventsink.go:198","message":"event sink: W^X memory mapping"}
{"level":"warn","pid":12254,"process":"Isolated Web Co","addr":4862716977152,"prot":7,"time":1791612460884,"caller":"/home/lakshy-sharma/Citadel/Workshop/vajra/workspace/src/internal/watcher/eventsink.go:198","message":"event sink: W^X memory mapping"}
{"level":"warn","pid":12254,"process":"Isolated Web Co","addr":4862717108224,"prot":7,"time":1791612460954,"caller":"/home/lakshy-sharma/Citadel/Workshop/vajra/workspace/src/internal/watcher/eventsink.go:198","message":"event sink: W^X memory mapping"}
{"level":"warn","pid":12254,"process":"Isolated Web Co","addr":4862717173760,"prot":7,"time":1791612461006,"caller":"/home/lakshy-sharma/Citadel/Workshop/vajra/workspace/src/internal/watcher/eventsink.go:198","message":"event sink: W^X memory mapping"}
{"level":"warn","pid":12254,"process":"Isolated Web Co","addr":4862717239296,"prot":7,"time":1791612461087,"caller":"/home/lakshy-sharma/Citadel/Workshop/vajra/workspace/src/internal/watcher/eventsink.go:198","message":"event sink: W^X memory mapping"}
{"level":"warn","pid":12254,"process":"Isolated Web Co","addr":4862717370368,"prot":7,"time":1791612461088,"caller":"/home/lakshy-sharma/Citadel/Workshop/vajra/workspace/src/internal/watcher/eventsink.go:198","message":"event sink: W^X memory mapping"}
{"level":"warn","pid":12254,"process":"Isolated Web Co","addr":4862717435904,"prot":7,"time":1791612461089,"caller":"/home/lakshy-sharma/Citadel/Workshop/vajra/workspace/src/internal/watcher/eventsink.go:198","message":"event sink: W^X memory mapping"}
{"level":"warn","pid":12254,"process":"Isolated Web Co","addr":4862717566976,"prot":7,"time":1791612461090,"caller":"/home/lakshy-sharma/Citadel/Workshop/vajra/workspace/src/internal/watcher/eventsink.go:198","message":"event sink: W^X memory mapping"}
{"level":"warn","pid":12254,"process":"Isolated Web Co","addr":4862717632512,"prot":7,"time":1791612461092,"caller":"/home/lakshy-sharma/Citadel/Workshop/vajra/workspace/src/internal/watcher/eventsink.go:198","message":"event sink: W^X memory mapping"}
{"level":"warn","pid":12254,"process":"Isolated Web Co","addr":4862717698048,"prot":7,"time":1791612461093,"caller":"/home/lakshy-sharma/Citadel/Workshop/vajra/workspace/src/internal/watcher/eventsink.go:198","message":"event sink: W^X memory mapping"}
{"level":"warn","pid":12254,"process":"Isolated Web Co","addr":4862717763584,"prot":7,"time":1791612461095,"caller":"/home/lakshy-sharma/Citadel/Workshop/vajra/workspace/src/internal/watcher/eventsink.go:198","message":"event sink: W^X memory mapping"}
{"level":"warn","pid":12254,"process":"Isolated Web Co","addr":4862717829120,"prot":7,"time":1791612461099,"caller":"/home/lakshy-sharma/Citadel/Workshop/vajra/workspace/src/internal/watcher/eventsink.go:198","message":"event sink: W^X memory mapping"}
{"level":"warn","pid":12254,"process":"Isolated Web Co","addr":4862717894656,"prot":7,"time":1791612461101,"caller":"/home/lakshy-sharma/Citadel/Workshop/vajra/workspace/src/internal/watcher/eventsink.go:198","message":"event sink: W^X memory mapping"}
{"level":"warn","pid":12254,"process":"Isolated Web Co","addr":4862717960192,"prot":7,"time":1791612461135,"caller":"/home/lakshy-sharma/Citadel/Workshop/vajra/workspace/src/internal/watcher/eventsink.go:198","message":"event sink: W^X memory mapping"}
{"level":"warn","pid":12254,"process":"Isolated Web Co","addr":4862718025728,"prot":7,"time":1791612461137,"caller":"/home/lakshy-sharma/Citadel/Workshop/vajra/workspace/src/internal/watcher/eventsink.go:198","message":"event sink: W^X memory mapping"}
{"level":"warn","pid":12254,"process":"Isolated Web Co","addr":4862718156800,"prot":7,"time":1791612461229,"caller":"/home/lakshy-sharma/Citadel/Workshop/vajra/workspace/src/internal/watcher/eventsink.go:198","message":"event sink: W^X memory mapping"}
{"level":"warn","pid":12254,"process":"Isolated Web Co","addr":4862718287872,"prot":7,"time":1791612461399,"caller":"/home/lakshy-sharma/Citadel/Workshop/vajra/workspace/src/internal/watcher/eventsink.go:198","message":"event sink: W^X memory mapping"}
{"level":"warn","pid":12254,"process":"Isolated Web Co","addr":4862718353408,"prot":7,"time":1791612462746,"caller":"/home/lakshy-sharma/Citadel/Workshop/vajra/workspace/src/internal/watcher/eventsink.go:198","message":"event sink: W^X memory mapping"}
{"level":"warn","pid":12254,"process":"Isolated Web Co","addr":4862718484480,"prot":7,"time":1791612462747,"caller":"/home/lakshy-sharma/Citadel/Workshop/vajra/workspace/src/internal/watcher/eventsink.go:198","message":"event sink: W^X memory mapping"}
{"level":"warn","pid":12254,"process":"Isolated Web Co","addr":4862718615552,"prot":7,"time":1791612462748,"caller":"/home/lakshy-sharma/Citadel/Workshop/vajra/workspace/src/internal/watcher/eventsink.go:198","message":"event sink: W^X memory mapping"}
{"level":"warn","pid":12254,"process":"Isolated Web Co","addr":4862718681088,"prot":7,"time":1791612462749,"caller":"/home/lakshy-sharma/Citadel/Workshop/vajra/workspace/src/internal/watcher/eventsink.go:198","message":"event sink: W^X memory mapping"}
{"level":"warn","pid":12254,"process":"Isolated Web Co","addr":4862719008768,"prot":7,"time":1791612462752,"caller":"/home/lakshy-sharma/Citadel/Workshop/vajra/workspace/src/internal/watcher/eventsink.go:198","message":"event sink: W^X memory mapping"}
{"level":"warn","pid":12254,"process":"Isolated Web Co","addr":4862719139840,"prot":7,"time":1791612462753,"caller":"/home/lakshy-sharma/Citadel/Workshop/vajra/workspace/src/internal/watcher/eventsink.go:198","message":"event sink: W^X memory mapping"}
{"level":"warn","pid":12254,"process":"Isolated Web Co","addr":4862719205376,"prot":7,"time":1791612462753,"caller":"/home/lakshy-sharma/Citadel/Workshop/vajra/workspace/src/internal/watcher/eventsink.go:198","message":"event sink: W^X memory mapping"}
{"level":"warn","pid":12254,"process":"Isolated Web Co","addr":4862719336448,"prot":7,"time":1791612462755,"caller":"/home/lakshy-sharma/Citadel/Workshop/vajra/workspace/src/internal/watcher/eventsink.go:198","message":"event sink: W^X memory mapping"}
{"level":"warn","pid":12254,"process":"Isolated Web Co","addr":4862719467520,"prot":7,"time":1791612462844,"caller":"/home/lakshy-sharma/Citadel/Workshop/vajra/workspace/src/internal/watcher/eventsink.go:198","message":"event sink: W^X memory mapping"}
{"level":"warn","pid":12254,"process":"Isolated Web Co","addr":4862719533056,"prot":7,"time":1791612462854,"caller":"/home/lakshy-sharma/Citadel/Workshop/vajra/workspace/src/internal/watcher/eventsink.go:198","message":"event sink: W^X memory mapping"}
{"level":"warn","pid":12254,"process":"Isolated Web Co","addr":4862719598592,"prot":7,"time":1791612462855,"caller":"/home/lakshy-sharma/Citadel/Workshop/vajra/workspace/src/internal/watcher/eventsink.go:198","message":"event sink: W^X memory mapping"}
{"level":"warn","pid":12254,"process":"Isolated Web Co","addr":4862719664128,"prot":7,"time":1791612462855,"caller":"/home/lakshy-sharma/Citadel/Workshop/vajra/workspace/src/internal/watcher/eventsink.go:198","message":"event sink: W^X memory mapping"}
{"level":"warn","pid":12254,"process":"Isolated Web Co","addr":4862719729664,"prot":7,"time":1791612462856,"caller":"/home/lakshy-sharma/Citadel/Workshop/vajra/workspace/src/internal/watcher/eventsink.go:198","message":"event sink: W^X memory mapping"}
{"level":"warn","pid":12254,"process":"Isolated Web Co","addr":4862719860736,"prot":7,"time":1791612462857,"caller":"/home/lakshy-sharma/Citadel/Workshop/vajra/workspace/src/internal/watcher/eventsink.go:198","message":"event sink: W^X memory mapping"}
{"level":"warn","pid":12254,"process":"DOM Worker","addr":4862719926272,"prot":7,"time":1791612462900,"caller":"/home/lakshy-sharma/Citadel/Workshop/vajra/workspace/src/internal/watcher/eventsink.go:198","message":"event sink: W^X memory mapping"}
{"level":"warn","pid":12254,"process":"DOM Worker","addr":4862719991808,"prot":7,"time":1791612462901,"caller":"/home/lakshy-sharma/Citadel/Workshop/vajra/workspace/src/internal/watcher/eventsink.go:198","message":"event sink: W^X memory mapping"}
{"level":"warn","pid":12254,"process":"DOM Worker","addr":4862720122880,"prot":7,"time":1791612462902,"caller":"/home/lakshy-sharma/Citadel/Workshop/vajra/workspace/src/internal/watcher/eventsink.go:198","message":"event sink: W^X memory mapping"}
{"level":"warn","pid":12254,"process":"Isolated Web Co","addr":4862720253952,"prot":7,"time":1791612462903,"caller":"/home/lakshy-sharma/Citadel/Workshop/vajra/workspace/src/internal/watcher/eventsink.go:198","message":"event sink: W^X memory mapping"}
{"level":"warn","pid":12254,"process":"Isolated Web Co","addr":4862720319488,"prot":7,"time":1791612463062,"caller":"/home/lakshy-sharma/Citadel/Workshop/vajra/workspace/src/internal/watcher/eventsink.go:198","message":"event sink: W^X memory mapping"}
{"level":"warn","pid":12254,"process":"Isolated Web Co","addr":4862720385024,"prot":7,"time":1791612464011,"caller":"/home/lakshy-sharma/Citadel/Workshop/vajra/workspace/src/internal/watcher/eventsink.go:198","message":"event sink: W^X memory mapping"}
{"level":"warn","pid":12254,"process":"DOM Worker","addr":4862720450560,"prot":7,"time":1791612464106,"caller":"/home/lakshy-sharma/Citadel/Workshop/vajra/workspace/src/internal/watcher/eventsink.go:198","message":"event sink: W^X memory mapping"}
{"level":"warn","pid":12254,"process":"DOM Worker","addr":4862720516096,"prot":7,"time":1791612464106,"caller":"/home/lakshy-sharma/Citadel/Workshop/vajra/workspace/src/internal/watcher/eventsink.go:198","message":"event sink: W^X memory mapping"}
{"level":"warn","pid":12254,"process":"Isolated Web Co","addr":4862720581632,"prot":7,"time":1791612464845,"caller":"/home/lakshy-sharma/Citadel/Workshop/vajra/workspace/src/internal/watcher/eventsink.go:198","message":"event sink: W^X memory mapping"}
{"level":"warn","pid":12254,"process":"Isolated Web Co","addr":4862720647168,"prot":7,"time":1791612465237,"caller":"/home/lakshy-sharma/Citadel/Workshop/vajra/workspace/src/internal/watcher/eventsink.go:198","message":"event sink: W^X memory mapping"}
{"level":"warn","pid":12254,"process":"Isolated Web Co","addr":4862720712704,"prot":7,"time":1791612465238,"caller":"/home/lakshy-sharma/Citadel/Workshop/vajra/workspace/src/internal/watcher/eventsink.go:198","message":"event sink: W^X memory mapping"}
{"level":"warn","pid":12254,"process":"Isolated Web Co","addr":4862720843776,"prot":7,"time":1791612465238,"caller":"/home/lakshy-sharma/Citadel/Workshop/vajra/workspace/src/internal/watcher/eventsink.go:198","message":"event sink: W^X memory mapping"}
{"level":"warn","pid":12254,"process":"Isolated Web Co","addr":4862721040384,"prot":7,"time":1791612465239,"caller":"/home/lakshy-sharma/Citadel/Workshop/vajra/workspace/src/internal/watcher/eventsink.go:198","message":"event sink: W^X memory mapping"}
{"level":"warn","pid":12254,"process":"Isolated Web Co","addr":4862721171456,"prot":7,"time":1791612465240,"caller":"/home/lakshy-sharma/Citadel/Workshop/vajra/workspace/src/internal/watcher/eventsink.go:198","message":"event sink: W^X memory mapping"}
{"level":"warn","pid":12254,"process":"Isolated Web Co","addr":4862721236992,"prot":7,"time":1791612465392,"caller":"/home/lakshy-sharma/Citadel/Workshop/vajra/workspace/src/internal/watcher/eventsink.go:198","message":"event sink: W^X memory mapping"}
{"level":"warn","pid":12254,"process":"Isolated Web Co","addr":4862721368064,"prot":7,"time":1791612465474,"caller":"/home/lakshy-sharma/Citadel/Workshop/vajra/workspace/src/internal/watcher/eventsink.go:198","message":"event sink: W^X memory mapping"}
{"level":"warn","pid":12254,"process":"Isolated Web Co","addr":4862721499136,"prot":7,"time":1791612465884,"caller":"/home/lakshy-sharma/Citadel/Workshop/vajra/workspace/src/internal/watcher/eventsink.go:198","message":"event sink: W^X memory mapping"}
{"level":"warn","pid":12254,"process":"Isolated Web Co","addr":4862719926272,"prot":7,"time":1791612468390,"caller":"/home/lakshy-sharma/Citadel/Workshop/vajra/workspace/src/internal/watcher/eventsink.go:198","message":"event sink: W^X memory mapping"}
{"level":"warn","pid":12254,"process":"Isolated Web Co","addr":4862720057344,"prot":7,"time":1791612468396,"caller":"/home/lakshy-sharma/Citadel/Workshop/vajra/workspace/src/internal/watcher/eventsink.go:198","message":"event sink: W^X memory mapping"}
{"level":"warn","pid":12254,"process":"Isolated Web Co","addr":4862720188416,"prot":7,"time":1791612468397,"caller":"/home/lakshy-sharma/Citadel/Workshop/vajra/workspace/src/internal/watcher/eventsink.go:198","message":"event sink: W^X memory mapping"}
{"level":"warn","pid":12254,"process":"Isolated Web Co","addr":4862720450560,"prot":7,"time":1791612468398,"caller":"/home/lakshy-sharma/Citadel/Workshop/vajra/workspace/src/internal/watcher/eventsink.go:198","message":"event sink: W^X memory mapping"}
{"level":"warn","pid":12254,"process":"Isolated Web Co","addr":4862721564672,"prot":7,"time":1791612468412,"caller":"/home/lakshy-sharma/Citadel/Workshop/vajra/workspace/src/internal/watcher/eventsink.go:198","message":"event sink: W^X memory mapping"}
{"level":"warn","pid":12254,"process":"Isolated Web Co","addr":4862721695744,"prot":7,"time":1791612468412,"caller":"/home/lakshy-sharma/Citadel/Workshop/vajra/workspace/src/internal/watcher/eventsink.go:198","message":"event sink: W^X memory mapping"}
{"level":"warn","pid":12254,"process":"Isolated Web Co","addr":4862721761280,"prot":7,"time":1791612468413,"caller":"/home/lakshy-sharma/Citadel/Workshop/vajra/workspace/src/internal/watcher/eventsink.go:198","message":"event sink: W^X memory mapping"}
{"level":"warn","pid":12254,"process":"Isolated Web Co","addr":4862721892352,"prot":7,"time":1791612468413,"caller":"/home/lakshy-sharma/Citadel/Workshop/vajra/workspace/src/internal/watcher/eventsink.go:198","message":"event sink: W^X memory mapping"}
{"level":"warn","pid":12254,"process":"Isolated Web Co","addr":4862722023424,"prot":7,"time":1791612468413,"caller":"/home/lakshy-sharma/Citadel/Workshop/vajra/workspace/src/internal/watcher/eventsink.go:198","message":"event sink: W^X memory mapping"}
{"level":"warn","pid":12254,"process":"Isolated Web Co","addr":4862722220032,"prot":7,"time":1791612468413,"caller":"/home/lakshy-sharma/Citadel/Workshop/vajra/workspace/src/internal/watcher/eventsink.go:198","message":"event sink: W^X memory mapping"}
{"level":"warn","pid":12254,"process":"Isolated Web Co","addr":4862722351104,"prot":7,"time":1791612468413,"caller":"/home/lakshy-sharma/Citadel/Workshop/vajra/workspace/src/internal/watcher/eventsink.go:198","message":"event sink: W^X memory mapping"}
{"level":"warn","pid":12254,"process":"Isolated Web Co","addr":4862723399680,"prot":7,"time":1791612468413,"caller":"/home/lakshy-sharma/Citadel/Workshop/vajra/workspace/src/internal/watcher/eventsink.go:198","message":"event sink: W^X memory mapping"}
{"level":"warn","pid":12254,"process":"Isolated Web Co","addr":4862722416640,"prot":7,"time":1791612468413,"caller":"/home/lakshy-sharma/Citadel/Workshop/vajra/workspace/src/internal/watcher/eventsink.go:198","message":"event sink: W^X memory mapping"}
{"level":"warn","pid":12254,"process":"Isolated Web Co","addr":4862722482176,"prot":7,"time":1791612468413,"caller":"/home/lakshy-sharma/Citadel/Workshop/vajra/workspace/src/internal/watcher/eventsink.go:198","message":"event sink: W^X memory mapping"}
{"level":"warn","pid":12254,"process":"Isolated Web Co","addr":4862722613248,"prot":7,"time":1791612468415,"caller":"/home/lakshy-sharma/Citadel/Workshop/vajra/workspace/src/internal/watcher/eventsink.go:198","message":"event sink: W^X memory mapping"}
{"level":"warn","pid":12254,"process":"Isolated Web Co","addr":4862722678784,"prot":7,"time":1791612468416,"caller":"/home/lakshy-sharma/Citadel/Workshop/vajra/workspace/src/internal/watcher/eventsink.go:198","message":"event sink: W^X memory mapping"}
{"level":"warn","pid":12254,"process":"Isolated Web Co","addr":4862722744320,"prot":7,"time":1791612468418,"caller":"/home/lakshy-sharma/Citadel/Workshop/vajra/workspace/src/internal/watcher/eventsink.go:198","message":"event sink: W^X memory mapping"}
{"level":"warn","pid":12254,"process":"Isolated Web Co","addr":4862722875392,"prot":7,"time":1791612468419,"caller":"/home/lakshy-sharma/Citadel/Workshop/vajra/workspace/src/internal/watcher/eventsink.go:198","message":"event sink: W^X memory mapping"}
{"level":"warn","pid":12254,"process":"Isolated Web Co","addr":4862723006464,"prot":7,"time":1791612468421,"caller":"/home/lakshy-sharma/Citadel/Workshop/vajra/workspace/src/internal/watcher/eventsink.go:198","message":"event sink: W^X memory mapping"}
{"level":"warn","pid":12254,"process":"Isolated Web Co","addr":4862723072000,"prot":7,"time":1791612468423,"caller":"/home/lakshy-sharma/Citadel/Workshop/vajra/workspace/src/internal/watcher/eventsink.go:198","message":"event sink: W^X memory mapping"}
{"level":"warn","pid":12254,"process":"Isolated Web Co","addr":4862723203072,"prot":7,"time":1791612468428,"caller":"/home/lakshy-sharma/Citadel/Workshop/vajra/workspace/src/internal/watcher/eventsink.go:198","message":"event sink: W^X memory mapping"}
{"level":"warn","pid":12254,"process":"Isolated Web Co","addr":4862723268608,"prot":7,"time":1791612468436,"caller":"/home/lakshy-sharma/Citadel/Workshop/vajra/workspace/src/internal/watcher/eventsink.go:198","message":"event sink: W^X memory mapping"}
{"level":"warn","pid":12254,"process":"Isolated Web Co","addr":4862724055040,"prot":7,"time":1791612468438,"caller":"/home/lakshy-sharma/Citadel/Workshop/vajra/workspace/src/internal/watcher/eventsink.go:198","message":"event sink: W^X memory mapping"}
{"level":"warn","pid":12254,"process":"Isolated Web Co","addr":4862724120576,"prot":7,"time":1791612469390,"caller":"/home/lakshy-sharma/Citadel/Workshop/vajra/workspace/src/internal/watcher/eventsink.go:198","message":"event sink: W^X memory mapping"}
{"level":"warn","pid":12254,"process":"DOM Worker","addr":4862724251648,"prot":7,"time":1791612469391,"caller":"/home/lakshy-sharma/Citadel/Workshop/vajra/workspace/src/internal/watcher/eventsink.go:198","message":"event sink: W^X memory mapping"}
{"level":"warn","pid":12254,"process":"DOM Worker","addr":4862724317184,"prot":7,"time":1791612469392,"caller":"/home/lakshy-sharma/Citadel/Workshop/vajra/workspace/src/internal/watcher/eventsink.go:198","message":"event sink: W^X memory mapping"}
{"level":"warn","pid":12254,"process":"DOM Worker","addr":4862724448256,"prot":7,"time":1791612469393,"caller":"/home/lakshy-sharma/Citadel/Workshop/vajra/workspace/src/internal/watcher/eventsink.go:198","message":"event sink: W^X memory mapping"}
{"level":"warn","pid":12254,"process":"Isolated Web Co","addr":4862724513792,"prot":7,"time":1791612469393,"caller":"/home/lakshy-sharma/Citadel/Workshop/vajra/workspace/src/internal/watcher/eventsink.go:198","message":"event sink: W^X memory mapping"}
{"level":"warn","pid":12254,"process":"DOM Worker","addr":4862724644864,"prot":7,"time":1791612471433,"caller":"/home/lakshy-sharma/Citadel/Workshop/vajra/workspace/src/internal/watcher/eventsink.go:198","message":"event sink: W^X memory mapping"}
{"level":"warn","pid":12254,"process":"DOM Worker","addr":4862724710400,"prot":7,"time":1791612471434,"caller":"/home/lakshy-sharma/Citadel/Workshop/vajra/workspace/src/internal/watcher/eventsink.go:198","message":"event sink: W^X memory mapping"}
{"level":"warn","pid":12254,"process":"Isolated Web Co","addr":4862724775936,"prot":7,"time":1791612473338,"caller":"/home/lakshy-sharma/Citadel/Workshop/vajra/workspace/src/internal/watcher/eventsink.go:198","message":"event sink: W^X memory mapping"}
{"level":"warn","pid":12254,"process":"Isolated Web Co","addr":4862724317184,"prot":7,"time":1791612473861,"caller":"/home/lakshy-sharma/Citadel/Workshop/vajra/workspace/src/internal/watcher/eventsink.go:198","message":"event sink: W^X memory mapping"}
{"level":"warn","pid":12254,"process":"DOM Worker","addr":4862724448256,"prot":7,"time":1791612473948,"caller":"/home/lakshy-sharma/Citadel/Workshop/vajra/workspace/src/internal/watcher/eventsink.go:198","message":"event sink: W^X memory mapping"}
{"level":"warn","pid":12254,"process":"DOM Worker","addr":4862724579328,"prot":7,"time":1791612473949,"caller":"/home/lakshy-sharma/Citadel/Workshop/vajra/workspace/src/internal/watcher/eventsink.go:198","message":"event sink: W^X memory mapping"}
{"level":"warn","pid":12254,"process":"DOM Worker","addr":4862724644864,"prot":7,"time":1791612473950,"caller":"/home/lakshy-sharma/Citadel/Workshop/vajra/workspace/src/internal/watcher/eventsink.go:198","message":"event sink: W^X memory mapping"}
{"level":"warn","pid":12240,"process":"Isolated Web Co","addr":2319470837760,"prot":7,"time":1791612475276,"caller":"/home/lakshy-sharma/Citadel/Workshop/vajra/workspace/src/internal/watcher/eventsink.go:198","message":"event sink: W^X memory mapping"}
{"level":"warn","pid":12240,"process":"Isolated Web Co","addr":2319470968832,"prot":7,"time":1791612475277,"caller":"/home/lakshy-sharma/Citadel/Workshop/vajra/workspace/src/internal/watcher/eventsink.go:198","message":"event sink: W^X memory mapping"}
{"level":"warn","pid":12240,"process":"Isolated Web Co","addr":2319471099904,"prot":7,"time":1791612476280,"caller":"/home/lakshy-sharma/Citadel/Workshop/vajra/workspace/src/internal/watcher/eventsink.go:198","message":"event sink: W^X memory mapping"}
{"level":"warn","pid":12240,"process":"Isolated Web Co","addr":2319471165440,"prot":7,"time":1791612476282,"caller":"/home/lakshy-sharma/Citadel/Workshop/vajra/workspace/src/internal/watcher/eventsink.go:198","message":"event sink: W^X memory mapping"}
{"level":"warn","pid":12254,"process":"Isolated Web Co","addr":4862724710400,"prot":7,"time":1791612476493,"caller":"/home/lakshy-sharma/Citadel/Workshop/vajra/workspace/src/internal/watcher/eventsink.go:198","message":"event sink: W^X memory mapping"}
{"level":"warn","pid":12240,"process":"Isolated Web Co","addr":2319471296512,"prot":7,"time":1791612477285,"caller":"/home/lakshy-sharma/Citadel/Workshop/vajra/workspace/src/internal/watcher/eventsink.go:198","message":"event sink: W^X memory mapping"}
{"level":"warn","pid":12240,"process":"Isolated Web Co","addr":2319471427584,"prot":7,"time":1791612477286,"caller":"/home/lakshy-sharma/Citadel/Workshop/vajra/workspace/src/internal/watcher/eventsink.go:198","message":"event sink: W^X memory mapping"}
{"level":"warn","pid":12240,"process":"Isolated Web Co","addr":2319471493120,"prot":7,"time":1791612479296,"caller":"/home/lakshy-sharma/Citadel/Workshop/vajra/workspace/src/internal/watcher/eventsink.go:198","message":"event sink: W^X memory mapping"}
{"level":"warn","pid":12254,"process":"DOM Worker","addr":4862724579328,"prot":7,"time":1791612479789,"caller":"/home/lakshy-sharma/Citadel/Workshop/vajra/workspace/src/internal/watcher/eventsink.go:198","message":"event sink: W^X memory mapping"}
{"level":"warn","pid":12254,"process":"DOM Worker","addr":4862724644864,"prot":7,"time":1791612479791,"caller":"/home/lakshy-sharma/Citadel/Workshop/vajra/workspace/src/internal/watcher/eventsink.go:198","message":"event sink: W^X memory mapping"}
{"level":"warn","pid":12254,"process":"DOM Worker","addr":4862724841472,"prot":7,"time":1791612479792,"caller":"/home/lakshy-sharma/Citadel/Workshop/vajra/workspace/src/internal/watcher/eventsink.go:198","message":"event sink: W^X memory mapping"}
{"level":"warn","pid":12240,"process":"Isolated Web Co","addr":2319471558656,"prot":7,"time":1791612480332,"caller":"/home/lakshy-sharma/Citadel/Workshop/vajra/workspace/src/internal/watcher/eventsink.go:198","message":"event sink: W^X memory mapping"}
{"level":"warn","pid":12240,"process":"Isolated Web Co","addr":2319471624192,"prot":7,"time":1791612480333,"caller":"/home/lakshy-sharma/Citadel/Workshop/vajra/workspace/src/internal/watcher/eventsink.go:198","message":"event sink: W^X memory mapping"}
{"level":"warn","pid":12240,"process":"Isolated Web Co","addr":2319471886336,"prot":7,"time":1791612480338,"caller":"/home/lakshy-sharma/Citadel/Workshop/vajra/workspace/src/internal/watcher/eventsink.go:198","message":"event sink: W^X memory mapping"}
{"level":"warn","pid":12240,"process":"Isolated Web Co","addr":2319471951872,"prot":7,"time":1791612480347,"caller":"/home/lakshy-sharma/Citadel/Workshop/vajra/workspace/src/internal/watcher/eventsink.go:198","message":"event sink: W^X memory mapping"}
{"level":"warn","pid":12240,"process":"Isolated Web Co","addr":2319472082944,"prot":7,"time":1791612480358,"caller":"/home/lakshy-sharma/Citadel/Workshop/vajra/workspace/src/internal/watcher/eventsink.go:198","message":"event sink: W^X memory mapping"}
{"level":"warn","pid":349382,"process":"runc:[1:CHILD]","event":"namespace_enter","time":1791612482122,"caller":"/home/lakshy-sharma/Citadel/Workshop/vajra/workspace/src/internal/watcher/eventsink.go:243","message":"event sink: high-severity security event"}
{"level":"warn","pid":349382,"process":"runc:[1:CHILD]","event":"namespace_enter","time":1791612482122,"caller":"/home/lakshy-sharma/Citadel/Workshop/vajra/workspace/src/internal/watcher/eventsink.go:243","message":"event sink: high-severity security event"}
{"level":"warn","pid":349382,"process":"runc:[1:CHILD]","event":"namespace_enter","time":1791612482122,"caller":"/home/lakshy-sharma/Citadel/Workshop/vajra/workspace/src/internal/watcher/eventsink.go:243","message":"event sink: high-severity security event"}
{"level":"warn","pid":349382,"process":"runc:[1:CHILD]","event":"namespace_enter","time":1791612482122,"caller":"/home/lakshy-sharma/Citadel/Workshop/vajra/workspace/src/internal/watcher/eventsink.go:243","message":"event sink: high-severity security event"}
{"level":"warn","pid":349382,"process":"runc:[1:CHILD]","event":"namespace_enter","time":1791612482123,"caller":"/home/lakshy-sharma/Citadel/Workshop/vajra/workspace/src/internal/watcher/eventsink.go:243","message":"event sink: high-severity security event"}
{"level":"warn","pid":349382,"process":"runc:[1:CHILD]","event":"namespace_enter","time":1791612482123,"caller":"/home/lakshy-sharma/Citadel/Workshop/vajra/workspace/src/internal/watcher/eventsink.go:243","message":"event sink: high-severity security event"}
{"level":"warn","pid":349382,"process":"runc:[1:CHILD]","event":"namespace_enter","time":1791612482123,"caller":"/home/lakshy-sharma/Citadel/Workshop/vajra/workspace/src/internal/watcher/eventsink.go:243","message":"event sink: high-severity security event"}
{"level":"warn","pid":349382,"process":"runc:[1:CHILD]","event":"namespace_create","time":1791612482123,"caller":"/home/lakshy-sharma/Citadel/Workshop/vajra/workspace/src/internal/watcher/eventsink.go:243","message":"event sink: high-severity security event"}
{"level":"warn","pid":349383,"process":"runc:[2:INIT]","event":"capset","time":1791612482140,"caller":"/home/lakshy-sharma/Citadel/Workshop/vajra/workspace/src/internal/watcher/eventsink.go:243","message":"event sink: high-severity security event"}
{"level":"warn","pid":349389,"process":"python","dst":"127.0.0.1","dst_port":8000,"time":1791612482192,"caller":"/home/lakshy-sharma/Citadel/Workshop/vajra/workspace/src/internal/watcher/eventsink.go:127","message":"event sink: high-value network connection"}
{"level":"warn","pid":12240,"process":"Isolated Web Co","addr":2319472214016,"prot":7,"time":1791612482365,"caller":"/home/lakshy-sharma/Citadel/Workshop/vajra/workspace/src/internal/watcher/eventsink.go:198","message":"event sink: W^X memory mapping"}
{"level":"warn","pid":12240,"process":"Isolated Web Co","addr":2319472279552,"prot":7,"time":1791612482367,"caller":"/home/lakshy-sharma/Citadel/Workshop/vajra/workspace/src/internal/watcher/eventsink.go:198","message":"event sink: W^X memory mapping"}
{"level":"warn","pid":12240,"process":"Isolated Web Co","addr":2319472345088,"prot":7,"time":1791612482369,"caller":"/home/lakshy-sharma/Citadel/Workshop/vajra/workspace/src/internal/watcher/eventsink.go:198","message":"event sink: W^X memory mapping"}
{"level":"warn","pid":12240,"process":"Isolated Web Co","addr":2319472410624,"prot":7,"time":1791612482375,"caller":"/home/lakshy-sharma/Citadel/Workshop/vajra/workspace/src/internal/watcher/eventsink.go:198","message":"event sink: W^X memory mapping"}
{"level":"warn","pid":11309,"process":"DNS Res~r #3197","dst":"127.0.0.53","dst_port":53,"time":1791612482378,"caller":"/home/lakshy-sharma/Citadel/Workshop/vajra/workspace/src/internal/watcher/eventsink.go:127","message":"event sink: high-value network connection"}
{"level":"warn","pid":528,"process":"systemd-resolve","dst":"192.168.0.1","dst_port":53,"time":1791612482378,"caller":"/home/lakshy-sharma/Citadel/Workshop/vajra/workspace/src/internal/watcher/eventsink.go:127","message":"event sink: high-value network connection"}
{"level":"warn","pid":12240,"process":"Isolated Web Co","addr":2319472541696,"prot":7,"time":1791612482379,"caller":"/home/lakshy-sharma/Citadel/Workshop/vajra/workspace/src/internal/watcher/eventsink.go:198","message":"event sink: W^X memory mapping"}
{"level":"warn","pid":528,"process":"systemd-resolve","dst":"192.168.0.1","dst_port":53,"time":1791612482392,"caller":"/home/lakshy-sharma/Citadel/Workshop/vajra/workspace/src/internal/watcher/eventsink.go:127","message":"event sink: high-value network connection"}
{"level":"warn","pid":11309,"process":"DNS Res~r #3197","dst":"142.251.155.4","dst_port":0,"time":1791612482397,"caller":"/home/lakshy-sharma/Citadel/Workshop/vajra/workspace/src/internal/watcher/eventsink.go:127","message":"event sink: high-value network connection"}
{"level":"warn","pid":11309,"process":"DNS Res~r #3197","dst":"142.251.156.4","dst_port":0,"time":1791612482398,"caller":"/home/lakshy-sharma/Citadel/Workshop/vajra/workspace/src/internal/watcher/eventsink.go:127","message":"event sink: high-value network connection"}
{"level":"warn","pid":11309,"process":"DNS Res~r #3197","dst":"142.251.157.4","dst_port":0,"time":1791612482398,"caller":"/home/lakshy-sharma/Citadel/Workshop/vajra/workspace/src/internal/watcher/eventsink.go:127","message":"event sink: high-value network connection"}
{"level":"warn","pid":11309,"process":"DNS Res~r #3197","dst":"142.251.150.4","dst_port":0,"time":1791612482398,"caller":"/home/lakshy-sharma/Citadel/Workshop/vajra/workspace/src/internal/watcher/eventsink.go:127","message":"event sink: high-value network connection"}
{"level":"warn","pid":11309,"process":"DNS Res~r #3197","dst":"142.251.151.4","dst_port":0,"time":1791612482398,"caller":"/home/lakshy-sharma/Citadel/Workshop/vajra/workspace/src/internal/watcher/eventsink.go:127","message":"event sink: high-value network connection"}
{"level":"warn","pid":11309,"process":"DNS Res~r #3197","dst":"142.251.152.4","dst_port":0,"time":1791612482398,"caller":"/home/lakshy-sharma/Citadel/Workshop/vajra/workspace/src/internal/watcher/eventsink.go:127","message":"event sink: high-value network connection"}
{"level":"warn","pid":11309,"process":"DNS Res~r #3197","dst":"142.251.153.4","dst_port":0,"time":1791612482399,"caller":"/home/lakshy-sharma/Citadel/Workshop/vajra/workspace/src/internal/watcher/eventsink.go:127","message":"event sink: high-value network connection"}
{"level":"warn","pid":11309,"process":"DNS Res~r #3197","dst":"142.251.154.4","dst_port":0,"time":1791612482399,"caller":"/home/lakshy-sharma/Citadel/Workshop/vajra/workspace/src/internal/watcher/eventsink.go:127","message":"event sink: high-value network connection"}
{"level":"warn","pid":11309,"process":"DNS Res~r #3197","dst":"2001:4860:4829:400::","dst_port":0,"time":1791612482399,"caller":"/home/lakshy-sharma/Citadel/Workshop/vajra/workspace/src/internal/watcher/eventsink.go:127","message":"event sink: high-value network connection"}
{"level":"warn","pid":11309,"process":"DNS Res~r #3197","dst":"2001:4860:482a:400::","dst_port":0,"time":1791612482399,"caller":"/home/lakshy-sharma/Citadel/Workshop/vajra/workspace/src/internal/watcher/eventsink.go:127","message":"event sink: high-value network connection"}
{"level":"warn","pid":11309,"process":"DNS Res~r #3197","dst":"2001:4860:482b:400::","dst_port":0,"time":1791612482399,"caller":"/home/lakshy-sharma/Citadel/Workshop/vajra/workspace/src/internal/watcher/eventsink.go:127","message":"event sink: high-value network connection"}
{"level":"warn","pid":11309,"process":"DNS Res~r #3197","dst":"2001:4860:482c:400::","dst_port":0,"time":1791612482399,"caller":"/home/lakshy-sharma/Citadel/Workshop/vajra/workspace/src/internal/watcher/eventsink.go:127","message":"event sink: high-value network connection"}
{"level":"warn","pid":11309,"process":"DNS Res~r #3197","dst":"2001:4860:482d:400::","dst_port":0,"time":1791612482399,"caller":"/home/lakshy-sharma/Citadel/Workshop/vajra/workspace/src/internal/watcher/eventsink.go:127","message":"event sink: high-value network connection"}
{"level":"warn","pid":11309,"process":"DNS Res~r #3197","dst":"2001:4860:4826:400::","dst_port":0,"time":1791612482400,"caller":"/home/lakshy-sharma/Citadel/Workshop/vajra/workspace/src/internal/watcher/eventsink.go:127","message":"event sink: high-value network connection"}
{"level":"warn","pid":11309,"process":"DNS Res~r #3197","dst":"2001:4860:4827:400::","dst_port":0,"time":1791612482400,"caller":"/home/lakshy-sharma/Citadel/Workshop/vajra/workspace/src/internal/watcher/eventsink.go:127","message":"event sink: high-value network connection"}
{"level":"warn","pid":11309,"process":"DNS Res~r #3197","dst":"2001:4860:4828:400::","dst_port":0,"time":1791612482400,"caller":"/home/lakshy-sharma/Citadel/Workshop/vajra/workspace/src/internal/watcher/eventsink.go:127","message":"event sink: high-value network connection"}
{"level":"warn","pid":346136,"process":"DOM Worker","addr":65096391688192,"prot":7,"time":1791612482400,"caller":"/home/lakshy-sharma/Citadel/Workshop/vajra/workspace/src/internal/watcher/eventsink.go:198","message":"event sink: W^X memory mapping"}
{"level":"warn","pid":346136,"process":"DOM Worker","addr":65096391819264,"prot":7,"time":1791612482404,"caller":"/home/lakshy-sharma/Citadel/Workshop/vajra/workspace/src/internal/watcher/eventsink.go:198","message":"event sink: W^X memory mapping"}
{"level":"warn","pid":11309,"process":"Socket Thread","dst":"127.0.0.1","dst_port":0,"time":1791612482417,"caller":"/home/lakshy-sharma/Citadel/Workshop/vajra/workspace/src/internal/watcher/eventsink.go:127","message":"event sink: high-value network connection"}
{"level":"warn","pid":11309,"process":"Socket Thread","dst":"7f00:1:4013:813::54","dst_port":0,"time":1791612482417,"caller":"/home/lakshy-sharma/Citadel/Workshop/vajra/workspace/src/internal/watcher/eventsink.go:127","message":"event sink: high-value network connection"}
{"level":"warn","pid":11309,"process":"Socket Thread","dst":"7f00:1:4013:813::54","dst_port":0,"time":1791612482418,"caller":"/home/lakshy-sharma/Citadel/Workshop/vajra/workspace/src/internal/watcher/eventsink.go:127","message":"event sink: high-value network connection"}
{"level":"warn","pid":11309,"process":"DNS Res~r #3197","dst":"127.0.0.53","dst_port":53,"time":1791612482418,"caller":"/home/lakshy-sharma/Citadel/Workshop/vajra/workspace/src/internal/watcher/eventsink.go:127","message":"event sink: high-value network connection"}
{"level":"warn","pid":11309,"process":"Socket Thread","dst":"127.0.0.1","dst_port":0,"time":1791612482418,"caller":"/home/lakshy-sharma/Citadel/Workshop/vajra/workspace/src/internal/watcher/eventsink.go:127","message":"event sink: high-value network connection"}
{"level":"warn","pid":11309,"process":"DNS Res~r #3197","dst":"142.251.150.4","dst_port":0,"time":1791612482418,"caller":"/home/lakshy-sharma/Citadel/Workshop/vajra/workspace/src/internal/watcher/eventsink.go:127","message":"event sink: high-value network connection"}
{"level":"warn","pid":11309,"process":"DNS Res~r #3197","dst":"142.251.157.4","dst_port":0,"time":1791612482418,"caller":"/home/lakshy-sharma/Citadel/Workshop/vajra/workspace/src/internal/watcher/eventsink.go:127","message":"event sink: high-value network connection"}
{"level":"warn","pid":11309,"process":"DNS Res~r #3197","dst":"142.251.156.4","dst_port":0,"time":1791612482418,"caller":"/home/lakshy-sharma/Citadel/Workshop/vajra/workspace/src/internal/watcher/eventsink.go:127","message":"event sink: high-value network connection"}
{"level":"warn","pid":11309,"process":"DNS Res~r #3197","dst":"142.251.155.4","dst_port":0,"time":1791612482418,"caller":"/home/lakshy-sharma/Citadel/Workshop/vajra/workspace/src/internal/watcher/eventsink.go:127","message":"event sink: high-value network connection"}
{"level":"warn","pid":11309,"process":"DNS Res~r #3197","dst":"142.251.154.4","dst_port":0,"time":1791612482418,"caller":"/home/lakshy-sharma/Citadel/Workshop/vajra/workspace/src/internal/watcher/eventsink.go:127","message":"event sink: high-value network connection"}
{"level":"warn","pid":11309,"process":"DNS Res~r #3197","dst":"142.251.153.4","dst_port":0,"time":1791612482418,"caller":"/home/lakshy-sharma/Citadel/Workshop/vajra/workspace/src/internal/watcher/eventsink.go:127","message":"event sink: high-value network connection"}
{"level":"warn","pid":11309,"process":"DNS Res~r #3197","dst":"142.251.151.4","dst_port":0,"time":1791612482418,"caller":"/home/lakshy-sharma/Citadel/Workshop/vajra/workspace/src/internal/watcher/eventsink.go:127","message":"event sink: high-value network connection"}
{"level":"warn","pid":11309,"process":"DNS Res~r #3197","dst":"142.251.152.4","dst_port":0,"time":1791612482419,"caller":"/home/lakshy-sharma/Citadel/Workshop/vajra/workspace/src/internal/watcher/eventsink.go:127","message":"event sink: high-value network connection"}
{"level":"warn","pid":11309,"process":"DNS Res~r #3197","dst":"2001:4860:4829:400::","dst_port":0,"time":1791612482419,"caller":"/home/lakshy-sharma/Citadel/Workshop/vajra/workspace/src/internal/watcher/eventsink.go:127","message":"event sink: high-value network connection"}
{"level":"warn","pid":11309,"process":"DNS Res~r #3197","dst":"2001:4860:482a:400::","dst_port":0,"time":1791612482419,"caller":"/home/lakshy-sharma/Citadel/Workshop/vajra/workspace/src/internal/watcher/eventsink.go:127","message":"event sink: high-value network connection"}
{"level":"warn","pid":11309,"process":"DNS Res~r #3197","dst":"2001:4860:482b:400::","dst_port":0,"time":1791612482419,"caller":"/home/lakshy-sharma/Citadel/Workshop/vajra/workspace/src/internal/watcher/eventsink.go:127","message":"event sink: high-value network connection"}
{"level":"warn","pid":11309,"process":"DNS Res~r #3197","dst":"2001:4860:482c:400::","dst_port":0,"time":1791612482419,"caller":"/home/lakshy-sharma/Citadel/Workshop/vajra/workspace/src/internal/watcher/eventsink.go:127","message":"event sink: high-value network connection"}
{"level":"warn","pid":11309,"process":"DNS Res~r #3197","dst":"2001:4860:4826:400::","dst_port":0,"time":1791612482419,"caller":"/home/lakshy-sharma/Citadel/Workshop/vajra/workspace/src/internal/watcher/eventsink.go:127","message":"event sink: high-value network connection"}
{"level":"warn","pid":11309,"process":"DNS Res~r #3197","dst":"2001:4860:482d:400::","dst_port":0,"time":1791612482419,"caller":"/home/lakshy-sharma/Citadel/Workshop/vajra/workspace/src/internal/watcher/eventsink.go:127","message":"event sink: high-value network connection"}
{"level":"warn","pid":11309,"process":"DNS Res~r #3197","dst":"2001:4860:4827:400::","dst_port":0,"time":1791612482419,"caller":"/home/lakshy-sharma/Citadel/Workshop/vajra/workspace/src/internal/watcher/eventsink.go:127","message":"event sink: high-value network connection"}
{"level":"warn","pid":11309,"process":"DNS Res~r #3197","dst":"2001:4860:4828:400::","dst_port":0,"time":1791612482419,"caller":"/home/lakshy-sharma/Citadel/Workshop/vajra/workspace/src/internal/watcher/eventsink.go:127","message":"event sink: high-value network connection"}
{"level":"warn","pid":12240,"process":"Isolated Web Co","addr":2319472672768,"prot":7,"time":1791612482633,"caller":"/home/lakshy-sharma/Citadel/Workshop/vajra/workspace/src/internal/watcher/eventsink.go:198","message":"event sink: W^X memory mapping"}
{"level":"warn","pid":12240,"process":"Isolated Web Co","addr":2319472803840,"prot":7,"time":1791612482635,"caller":"/home/lakshy-sharma/Citadel/Workshop/vajra/workspace/src/internal/watcher/eventsink.go:198","message":"event sink: W^X memory mapping"}
{"level":"warn","pid":12240,"process":"Isolated Web Co","addr":2319473065984,"prot":7,"time":1791612482638,"caller":"/home/lakshy-sharma/Citadel/Workshop/vajra/workspace/src/internal/watcher/eventsink.go:198","message":"event sink: W^X memory mapping"}
{"level":"warn","pid":349400,"process":"Sandbox Forked","event":"capset","time":1791612483423,"caller":"/home/lakshy-sharma/Citadel/Workshop/vajra/workspace/src/internal/watcher/eventsink.go:243","message":"event sink: high-severity security event"}
{"level":"warn","pid":349402,"process":"Chroot Helper","event":"capset","time":1791612483423,"caller":"/home/lakshy-sharma/Citadel/Workshop/vajra/workspace/src/internal/watcher/eventsink.go:243","message":"event sink: high-severity security event"}
{"level":"warn","pid":349400,"process":"Web Content","addr":29834278797312,"prot":7,"time":1791612483437,"caller":"/home/lakshy-sharma/Citadel/Workshop/vajra/workspace/src/internal/watcher/eventsink.go:198","message":"event sink: W^X memory mapping"}
{"level":"warn","pid":349400,"process":"Web Content","addr":29834278862848,"prot":7,"time":1791612483458,"caller":"/home/lakshy-sharma/Citadel/Workshop/vajra/workspace/src/internal/watcher/eventsink.go:198","message":"event sink: W^X memory mapping"}
{"level":"warn","pid":349402,"process":"Chroot Helper","event":"capset","time":1791612483462,"caller":"/home/lakshy-sharma/Citadel/Workshop/vajra/workspace/src/internal/watcher/eventsink.go:243","message":"event sink: high-severity security event"}
{"level":"warn","pid":12240,"process":"Isolated Web Co","addr":2319473197056,"prot":7,"time":1791612484395,"caller":"/home/lakshy-sharma/Citadel/Workshop/vajra/workspace/src/internal/watcher/eventsink.go:198","message":"event sink: W^X memory mapping"}
{"level":"warn","pid":12254,"process":"Isolated Web Co","addr":4862724579328,"prot":7,"time":1791612485662,"caller":"/home/lakshy-sharma/Citadel/Workshop/vajra/workspace/src/internal/watcher/eventsink.go:198","message":"event sink: W^X memory mapping"}
{"level":"warn","pid":12254,"process":"DOM Worker","addr":4862724841472,"prot":7,"time":1791612486297,"caller":"/home/lakshy-sharma/Citadel/Workshop/vajra/workspace/src/internal/watcher/eventsink.go:198","message":"event sink: W^X memory mapping"}
{"level":"warn","pid":12254,"process":"DOM Worker","addr":4862724972544,"prot":7,"time":1791612486298,"caller":"/home/lakshy-sharma/Citadel/Workshop/vajra/workspace/src/internal/watcher/eventsink.go:198","message":"event sink: W^X memory mapping"}
{"level":"warn","pid":12254,"process":"DOM Worker","addr":4862725103616,"prot":7,"time":1791612486299,"caller":"/home/lakshy-sharma/Citadel/Workshop/vajra/workspace/src/internal/watcher/eventsink.go:198","message":"event sink: W^X memory mapping"}
{"level":"warn","pid":12240,"process":"Isolated Web Co","addr":2319473393664,"prot":7,"time":1791612486459,"caller":"/home/lakshy-sharma/Citadel/Workshop/vajra/workspace/src/internal/watcher/eventsink.go:198","message":"event sink: W^X memory mapping"}
{"level":"warn","pid":12254,"process":"Isolated Web Co","addr":4862725169152,"prot":7,"time":1791612486795,"caller":"/home/lakshy-sharma/Citadel/Workshop/vajra/workspace/src/internal/watcher/eventsink.go:198","message":"event sink: W^X memory mapping"}
{"level":"warn","pid":12254,"process":"Isolated Web Co","addr":4862725234688,"prot":7,"time":1791612487800,"caller":"/home/lakshy-sharma/Citadel/Workshop/vajra/workspace/src/internal/watcher/eventsink.go:198","message":"event sink: W^X memory mapping"}
{"level":"warn","pid":12254,"process":"Isolated Web Co","addr":4862724841472,"prot":7,"time":1791612489053,"caller":"/home/lakshy-sharma/Citadel/Workshop/vajra/workspace/src/internal/watcher/eventsink.go:198","message":"event sink: W^X memory mapping"}
{"level":"warn","pid":12254,"process":"DOM Worker","addr":4862724972544,"prot":7,"time":1791612489100,"caller":"/home/lakshy-sharma/Citadel/Workshop/vajra/workspace/src/internal/watcher/eventsink.go:198","message":"event sink: W^X memory mapping"}
{"level":"warn","pid":12254,"process":"DOM Worker","addr":4862725038080,"prot":7,"time":1791612489101,"caller":"/home/lakshy-sharma/Citadel/Workshop/vajra/workspace/src/internal/watcher/eventsink.go:198","message":"event sink: W^X memory mapping"}
{"level":"warn","pid":12254,"process":"DOM Worker","addr":4862725103616,"prot":7,"time":1791612489103,"caller":"/home/lakshy-sharma/Citadel/Workshop/vajra/workspace/src/internal/watcher/eventsink.go:198","message":"event sink: W^X memory mapping"}
{"level":"warn","pid":149083,"process":"Isolated Web Co","addr":9408763387904,"prot":7,"time":1791612490101,"caller":"/home/lakshy-sharma/Citadel/Workshop/vajra/workspace/src/internal/watcher/eventsink.go:198","message":"event sink: W^X memory mapping"}
{"level":"warn","pid":12240,"process":"Isolated Web Co","addr":2319473524736,"prot":7,"time":1791612492529,"caller":"/home/lakshy-sharma/Citadel/Workshop/vajra/workspace/src/internal/watcher/eventsink.go:198","message":"event sink: W^X memory mapping"}
{"level":"warn","pid":12254,"process":"DOM Worker","addr":4862725038080,"prot":7,"time":1791612494390,"caller":"/home/lakshy-sharma/Citadel/Workshop/vajra/workspace/src/internal/watcher/eventsink.go:198","message":"event sink: W^X memory mapping"}
{"level":"warn","pid":12254,"process":"DOM Worker","addr":4862725103616,"prot":7,"time":1791612494391,"caller":"/home/lakshy-sharma/Citadel/Workshop/vajra/workspace/src/internal/watcher/eventsink.go:198","message":"event sink: W^X memory mapping"}
{"level":"warn","pid":12254,"process":"DOM Worker","addr":4862725300224,"prot":7,"time":1791612494392,"caller":"/home/lakshy-sharma/Citadel/Workshop/vajra/workspace/src/internal/watcher/eventsink.go:198","message":"event sink: W^X memory mapping"}
{"level":"warn","pid":12254,"process":"Isolated Web Co","addr":4862725365760,"prot":7,"time":1791612495678,"caller":"/home/lakshy-sharma/Citadel/Workshop/vajra/workspace/src/internal/watcher/eventsink.go:198","message":"event sink: W^X memory mapping"}
{"level":"warn","pid":12254,"process":"Isolated Web Co","addr":4862725431296,"prot":7,"time":1791612497430,"caller":"/home/lakshy-sharma/Citadel/Workshop/vajra/workspace/src/internal/watcher/eventsink.go:198","message":"event sink: W^X memory mapping"}
{"level":"warn","pid":12240,"process":"Isolated Web Co","addr":2319473590272,"prot":7,"time":1791612502691,"caller":"/home/lakshy-sharma/Citadel/Workshop/vajra/workspace/src/internal/watcher/eventsink.go:198","message":"event sink: W^X memory mapping"}
{"level":"warn","pid":12240,"process":"Isolated Web Co","addr":2319473655808,"prot":7,"time":1791612502692,"caller":"/home/lakshy-sharma/Citadel/Workshop/vajra/workspace/src/internal/watcher/eventsink.go:198","message":"event sink: W^X memory mapping"}
{"level":"warn","pid":12254,"process":"DOM Worker","addr":4862725103616,"prot":7,"time":1791612504396,"caller":"/home/lakshy-sharma/Citadel/Workshop/vajra/workspace/src/internal/watcher/eventsink.go:198","message":"event sink: W^X memory mapping"}
{"level":"warn","pid":12254,"process":"DOM Worker","addr":4862725300224,"prot":7,"time":1791612504397,"caller":"/home/lakshy-sharma/Citadel/Workshop/vajra/workspace/src/internal/watcher/eventsink.go:198","message":"event sink: W^X memory mapping"}
{"level":"warn","pid":12254,"process":"DOM Worker","addr":4862725496832,"prot":7,"time":1791612504398,"caller":"/home/lakshy-sharma/Citadel/Workshop/vajra/workspace/src/internal/watcher/eventsink.go:198","message":"event sink: W^X memory mapping"}
{"level":"warn","pid":12254,"process":"Isolated Web Co","addr":4862725627904,"prot":7,"time":1791612508544,"caller":"/home/lakshy-sharma/Citadel/Workshop/vajra/workspace/src/internal/watcher/eventsink.go:198","message":"event sink: W^X memory mapping"}
{"level":"warn","pid":12254,"process":"DOM Worker","addr":4862725103616,"prot":7,"time":1791612510598,"caller":"/home/lakshy-sharma/Citadel/Workshop/vajra/workspace/src/internal/watcher/eventsink.go:198","message":"event sink: W^X memory mapping"}
{"level":"warn","pid":12254,"process":"DOM Worker","addr":4862725300224,"prot":7,"time":1791612510599,"caller":"/home/lakshy-sharma/Citadel/Workshop/vajra/workspace/src/internal/watcher/eventsink.go:198","message":"event sink: W^X memory mapping"}
{"level":"warn","pid":12254,"process":"DOM Worker","addr":4862725496832,"prot":7,"time":1791612510600,"caller":"/home/lakshy-sharma/Citadel/Workshop/vajra/workspace/src/internal/watcher/eventsink.go:198","message":"event sink: W^X memory mapping"}
{"level":"warn","pid":12254,"process":"Isolated Web Co","addr":4862717239296,"prot":7,"time":1791612511903,"caller":"/home/lakshy-sharma/Citadel/Workshop/vajra/workspace/src/internal/watcher/eventsink.go:198","message":"event sink: W^X memory mapping"}
{"level":"warn","pid":12254,"process":"Isolated Web Co","addr":4862717304832,"prot":7,"time":1791612511906,"caller":"/home/lakshy-sharma/Citadel/Workshop/vajra/workspace/src/internal/watcher/eventsink.go:198","message":"event sink: W^X memory mapping"}
{"level":"warn","pid":12254,"process":"Isolated Web Co","addr":4862717501440,"prot":7,"time":1791612511907,"caller":"/home/lakshy-sharma/Citadel/Workshop/vajra/workspace/src/internal/watcher/eventsink.go:198","message":"event sink: W^X memory mapping"}
{"level":"warn","pid":12254,"process":"Isolated Web Co","addr":4862717829120,"prot":7,"time":1791612511909,"caller":"/home/lakshy-sharma/Citadel/Workshop/vajra/workspace/src/internal/watcher/eventsink.go:198","message":"event sink: W^X memory mapping"}
{"level":"warn","pid":12254,"process":"Isolated Web Co","addr":4862717960192,"prot":7,"time":1791612512144,"caller":"/home/lakshy-sharma/Citadel/Workshop/vajra/workspace/src/internal/watcher/eventsink.go:198","message":"event sink: W^X memory mapping"}
{"level":"warn","pid":12254,"process":"Isolated Web Co","addr":4862718156800,"prot":7,"time":1791612512145,"caller":"/home/lakshy-sharma/Citadel/Workshop/vajra/workspace/src/internal/watcher/eventsink.go:198","message":"event sink: W^X memory mapping"}
{"level":"warn","pid":12254,"process":"Isolated Web Co","addr":4862718353408,"prot":7,"time":1791612512146,"caller":"/home/lakshy-sharma/Citadel/Workshop/vajra/workspace/src/internal/watcher/eventsink.go:198","message":"event sink: W^X memory mapping"}
{"level":"warn","pid":12254,"process":"Isolated Web Co","addr":4862718484480,"prot":7,"time":1791612512147,"caller":"/home/lakshy-sharma/Citadel/Workshop/vajra/workspace/src/internal/watcher/eventsink.go:198","message":"event sink: W^X memory mapping"}
{"level":"warn","pid":12254,"process":"Isolated Web Co","addr":4862718550016,"prot":7,"time":1791612512148,"caller":"/home/lakshy-sharma/Citadel/Workshop/vajra/workspace/src/internal/watcher/eventsink.go:198","message":"event sink: W^X memory mapping"}
{"level":"warn","pid":12254,"process":"Isolated Web Co","addr":4862718681088,"prot":7,"time":1791612512149,"caller":"/home/lakshy-sharma/Citadel/Workshop/vajra/workspace/src/internal/watcher/eventsink.go:198","message":"event sink: W^X memory mapping"}
{"level":"warn","pid":12254,"process":"Isolated Web Co","addr":4862718877696,"prot":7,"time":1791612512150,"caller":"/home/lakshy-sharma/Citadel/Workshop/vajra/workspace/src/internal/watcher/eventsink.go:198","message":"event sink: W^X memory mapping"}
{"level":"warn","pid":349447,"process":"runc:[1:CHILD]","event":"namespace_enter","time":1791612512215,"caller":"/home/lakshy-sharma/Citadel/Workshop/vajra/workspace/src/internal/watcher/eventsink.go:243","message":"event sink: high-severity security event"}
{"level":"warn","pid":349447,"process":"runc:[1:CHILD]","event":"namespace_enter","time":1791612512215,"caller":"/home/lakshy-sharma/Citadel/Workshop/vajra/workspace/src/internal/watcher/eventsink.go:243","message":"event sink: high-severity security event"}
{"level":"warn","pid":349447,"process":"runc:[1:CHILD]","event":"namespace_enter","time":1791612512215,"caller":"/home/lakshy-sharma/Citadel/Workshop/vajra/workspace/src/internal/watcher/eventsink.go:243","message":"event sink: high-severity security event"}
{"level":"warn","pid":349447,"process":"runc:[1:CHILD]","event":"namespace_enter","time":1791612512216,"caller":"/home/lakshy-sharma/Citadel/Workshop/vajra/workspace/src/internal/watcher/eventsink.go:243","message":"event sink: high-severity security event"}
{"level":"warn","pid":349447,"process":"runc:[1:CHILD]","event":"namespace_enter","time":1791612512216,"caller":"/home/lakshy-sharma/Citadel/Workshop/vajra/workspace/src/internal/watcher/eventsink.go:243","message":"event sink: high-severity security event"}
{"level":"warn","pid":349447,"process":"runc:[1:CHILD]","event":"namespace_enter","time":1791612512216,"caller":"/home/lakshy-sharma/Citadel/Workshop/vajra/workspace/src/internal/watcher/eventsink.go:243","message":"event sink: high-severity security event"}
{"level":"warn","pid":349447,"process":"runc:[1:CHILD]","event":"namespace_enter","time":1791612512216,"caller":"/home/lakshy-sharma/Citadel/Workshop/vajra/workspace/src/internal/watcher/eventsink.go:243","message":"event sink: high-severity security event"}
{"level":"warn","pid":349447,"process":"runc:[1:CHILD]","event":"namespace_create","time":1791612512217,"caller":"/home/lakshy-sharma/Citadel/Workshop/vajra/workspace/src/internal/watcher/eventsink.go:243","message":"event sink: high-severity security event"}
{"level":"warn","pid":349448,"process":"runc:[2:INIT]","event":"capset","time":1791612512233,"caller":"/home/lakshy-sharma/Citadel/Workshop/vajra/workspace/src/internal/watcher/eventsink.go:243","message":"event sink: high-severity security event"}
{"level":"warn","pid":349454,"process":"python","dst":"127.0.0.1","dst_port":8000,"time":1791612512285,"caller":"/home/lakshy-sharma/Citadel/Workshop/vajra/workspace/src/internal/watcher/eventsink.go:127","message":"event sink: high-value network connection"}
{"level":"warn","pid":12254,"process":"Isolated Web Co","addr":4862719008768,"prot":7,"time":1791612512502,"caller":"/home/lakshy-sharma/Citadel/Workshop/vajra/workspace/src/internal/watcher/eventsink.go:198","message":"event sink: W^X memory mapping"}
{"level":"warn","pid":12254,"process":"Isolated Web Co","addr":4862719139840,"prot":7,"time":1791612512562,"caller":"/home/lakshy-sharma/Citadel/Workshop/vajra/workspace/src/internal/watcher/eventsink.go:198","message":"event sink: W^X memory mapping"}
{"level":"warn","pid":12254,"process":"Isolated Web Co","addr":4862719205376,"prot":7,"time":1791612512563,"caller":"/home/lakshy-sharma/Citadel/Workshop/vajra/workspace/src/internal/watcher/eventsink.go:198","message":"event sink: W^X memory mapping"}
{"level":"warn","pid":12254,"process":"Isolated Web Co","addr":4862719270912,"prot":7,"time":1791612512565,"caller":"/home/lakshy-sharma/Citadel/Workshop/vajra/workspace/src/internal/watcher/eventsink.go:198","message":"event sink: W^X memory mapping"}
{"level":"warn","pid":12254,"process":"Isolated Web Co","addr":4862719401984,"prot":7,"time":1791612512566,"caller":"/home/lakshy-sharma/Citadel/Workshop/vajra/workspace/src/internal/watcher/eventsink.go:198","message":"event sink: W^X memory mapping"}
{"level":"warn","pid":12254,"process":"Isolated Web Co","addr":4862719533056,"prot":7,"time":1791612513004,"caller":"/home/lakshy-sharma/Citadel/Workshop/vajra/workspace/src/internal/watcher/eventsink.go:198","message":"event sink: W^X memory mapping"}
{"level":"warn","pid":12254,"process":"Isolated Web Co","addr":4862719664128,"prot":7,"time":1791612513006,"caller":"/home/lakshy-sharma/Citadel/Workshop/vajra/workspace/src/internal/watcher/eventsink.go:198","message":"event sink: W^X memory mapping"}
{"level":"warn","pid":12254,"process":"Isolated Web Co","addr":4862719795200,"prot":7,"time":1791612513008,"caller":"/home/lakshy-sharma/Citadel/Workshop/vajra/workspace/src/internal/watcher/eventsink.go:198","message":"event sink: W^X memory mapping"}
{"level":"warn","pid":12254,"process":"Isolated Web Co","addr":4862719926272,"prot":7,"time":1791612513010,"caller":"/home/lakshy-sharma/Citadel/Workshop/vajra/workspace/src/internal/watcher/eventsink.go:198","message":"event sink: W^X memory mapping"}
{"level":"warn","pid":12254,"process":"Isolated Web Co","addr":4862720057344,"prot":7,"time":1791612513011,"caller":"/home/lakshy-sharma/Citadel/Workshop/vajra/workspace/src/internal/watcher/eventsink.go:198","message":"event sink: W^X memory mapping"}
{"level":"warn","pid":12254,"process":"Isolated Web Co","addr":4862720122880,"prot":7,"time":1791612513013,"caller":"/home/lakshy-sharma/Citadel/Workshop/vajra/workspace/src/internal/watcher/eventsink.go:198","message":"event sink: W^X memory mapping"}
{"level":"warn","pid":12254,"process":"Isolated Web Co","addr":4862720188416,"prot":7,"time":1791612513014,"caller":"/home/lakshy-sharma/Citadel/Workshop/vajra/workspace/src/internal/watcher/eventsink.go:198","message":"event sink: W^X memory mapping"}
{"level":"warn","pid":12254,"process":"Isolated Web Co","addr":4862720319488,"prot":7,"time":1791612513015,"caller":"/home/lakshy-sharma/Citadel/Workshop/vajra/workspace/src/internal/watcher/eventsink.go:198","message":"event sink: W^X memory mapping"}
{"level":"warn","pid":12254,"process":"Isolated Web Co","addr":4862720450560,"prot":7,"time":1791612513016,"caller":"/home/lakshy-sharma/Citadel/Workshop/vajra/workspace/src/internal/watcher/eventsink.go:198","message":"event sink: W^X memory mapping"}
{"level":"warn","pid":12254,"process":"Isolated Web Co","addr":4862720581632,"prot":7,"time":1791612513017,"caller":"/home/lakshy-sharma/Citadel/Workshop/vajra/workspace/src/internal/watcher/eventsink.go:198","message":"event sink: W^X memory mapping"}
{"level":"warn","pid":12254,"process":"Isolated Web Co","addr":4862720647168,"prot":7,"time":1791612513018,"caller":"/home/lakshy-sharma/Citadel/Workshop/vajra/workspace/src/internal/watcher/eventsink.go:198","message":"event sink: W^X memory mapping"}
{"level":"warn","pid":12254,"process":"Isolated Web Co","addr":4862720712704,"prot":7,"time":1791612513019,"caller":"/home/lakshy-sharma/Citadel/Workshop/vajra/workspace/src/internal/watcher/eventsink.go:198","message":"event sink: W^X memory mapping"}
{"level":"warn","pid":12254,"process":"Isolated Web Co","addr":4862720778240,"prot":7,"time":1791612513021,"caller":"/home/lakshy-sharma/Citadel/Workshop/vajra/workspace/src/internal/watcher/eventsink.go:198","message":"event sink: W^X memory mapping"}
{"level":"warn","pid":12254,"process":"Isolated Web Co","addr":4862720843776,"prot":7,"time":1791612513022,"caller":"/home/lakshy-sharma/Citadel/Workshop/vajra/workspace/src/internal/watcher/eventsink.go:198","message":"event sink: W^X memory mapping"}
{"level":"warn","pid":12254,"process":"Isolated Web Co","addr":4862720909312,"prot":7,"time":1791612513025,"caller":"/home/lakshy-sharma/Citadel/Workshop/vajra/workspace/src/internal/watcher/eventsink.go:198","message":"event sink: W^X memory mapping"}
{"level":"warn","pid":12254,"process":"Isolated Web Co","addr":4862721040384,"prot":7,"time":1791612513029,"caller":"/home/lakshy-sharma/Citadel/Workshop/vajra/workspace/src/internal/watcher/eventsink.go:198","message":"event sink: W^X memory mapping"}
{"level":"warn","pid":12254,"process":"Isolated Web Co","addr":4862720974848,"prot":7,"time":1791612513030,"caller":"/home/lakshy-sharma/Citadel/Workshop/vajra/workspace/src/internal/watcher/eventsink.go:198","message":"event sink: W^X memory mapping"}
{"level":"warn","pid":12254,"process":"Isolated Web Co","addr":4862721695744,"prot":7,"time":1791612513031,"caller":"/home/lakshy-sharma/Citadel/Workshop/vajra/workspace/src/internal/watcher/eventsink.go:198","message":"event sink: W^X memory mapping"}
{"level":"warn","pid":12254,"process":"Isolated Web Co","addr":4862721826816,"prot":7,"time":1791612513033,"caller":"/home/lakshy-sharma/Citadel/Workshop/vajra/workspace/src/internal/watcher/eventsink.go:198","message":"event sink: W^X memory mapping"}
{"level":"warn","pid":12254,"process":"Isolated Web Co","addr":4862721957888,"prot":7,"time":1791612513035,"caller":"/home/lakshy-sharma/Citadel/Workshop/vajra/workspace/src/internal/watcher/eventsink.go:198","message":"event sink: W^X memory mapping"}
{"level":"warn","pid":12254,"process":"Isolated Web Co","addr":4862722023424,"prot":7,"time":1791612513036,"caller":"/home/lakshy-sharma/Citadel/Workshop/vajra/workspace/src/internal/watcher/eventsink.go:198","message":"event sink: W^X memory mapping"}
{"level":"warn","pid":12254,"process":"Isolated Web Co","addr":4862722088960,"prot":7,"time":1791612513038,"caller":"/home/lakshy-sharma/Citadel/Workshop/vajra/workspace/src/internal/watcher/eventsink.go:198","message":"event sink: W^X memory mapping"}
{"level":"warn","pid":12254,"process":"Isolated Web Co","addr":4862722220032,"prot":7,"time":1791612513039,"caller":"/home/lakshy-sharma/Citadel/Workshop/vajra/workspace/src/internal/watcher/eventsink.go:198","message":"event sink: W^X memory mapping"}
{"level":"warn","pid":12254,"process":"Isolated Web Co","addr":4862722351104,"prot":7,"time":1791612513041,"caller":"/home/lakshy-sharma/Citadel/Workshop/vajra/workspace/src/internal/watcher/eventsink.go:198","message":"event sink: W^X memory mapping"}
{"level":"warn","pid":12254,"process":"Isolated Web Co","addr":4862722416640,"prot":7,"time":1791612513042,"caller":"/home/lakshy-sharma/Citadel/Workshop/vajra/workspace/src/internal/watcher/eventsink.go:198","message":"event sink: W^X memory mapping"}
{"level":"warn","pid":12254,"process":"Isolated Web Co","addr":4862722547712,"prot":7,"time":1791612513046,"caller":"/home/lakshy-sharma/Citadel/Workshop/vajra/workspace/src/internal/watcher/eventsink.go:198","message":"event sink: W^X memory mapping"}
{"level":"warn","pid":12254,"process":"Isolated Web Co","addr":4862722678784,"prot":7,"time":1791612513054,"caller":"/home/lakshy-sharma/Citadel/Workshop/vajra/workspace/src/internal/watcher/eventsink.go:198","message":"event sink: W^X memory mapping"}
{"level":"warn","pid":12254,"process":"Isolated Web Co","addr":4862722809856,"prot":7,"time":1791612513058,"caller":"/home/lakshy-sharma/Citadel/Workshop/vajra/workspace/src/internal/watcher/eventsink.go:198","message":"event sink: W^X memory mapping"}
{"level":"warn","pid":12254,"process":"Isolated Web Co","addr":4862722875392,"prot":7,"time":1791612513061,"caller":"/home/lakshy-sharma/Citadel/Workshop/vajra/workspace/src/internal/watcher/eventsink.go:198","message":"event sink: W^X memory mapping"}
{"level":"warn","pid":12254,"process":"Isolated Web Co","addr":4862723006464,"prot":7,"time":1791612514006,"caller":"/home/lakshy-sharma/Citadel/Workshop/vajra/workspace/src/internal/watcher/eventsink.go:198","message":"event sink: W^X memory mapping"}
{"level":"warn","pid":12254,"process":"Isolated Web Co","addr":4862723072000,"prot":7,"time":1791612514308,"caller":"/home/lakshy-sharma/Citadel/Workshop/vajra/workspace/src/internal/watcher/eventsink.go:198","message":"event sink: W^X memory mapping"}
{"level":"warn","pid":97017,"process":"DOM Worker","addr":45638387380224,"prot":7,"time":1791612515048,"caller":"/home/lakshy-sharma/Citadel/Workshop/vajra/workspace/src/internal/watcher/eventsink.go:198","message":"event sink: W^X memory mapping"}
{"level":"warn","pid":11309,"process":"DNS Res~r #3197","dst":"127.0.0.53","dst_port":53,"time":1791612515049,"caller":"/home/lakshy-sharma/Citadel/Workshop/vajra/workspace/src/internal/watcher/eventsink.go:127","message":"event sink: high-value network connection"}
{"level":"warn","pid":528,"process":"systemd-resolve","dst":"192.168.0.1","dst_port":53,"time":1791612515050,"caller":"/home/lakshy-sharma/Citadel/Workshop/vajra/workspace/src/internal/watcher/eventsink.go:127","message":"event sink: high-value network connection"}
{"level":"warn","pid":528,"process":"systemd-resolve","dst":"192.168.0.1","dst_port":53,"time":1791612515070,"caller":"/home/lakshy-sharma/Citadel/Workshop/vajra/workspace/src/internal/watcher/eventsink.go:127","message":"event sink: high-value network connection"}
{"level":"warn","pid":11309,"process":"DNS Res~r #3197","dst":"127.0.0.53","dst_port":53,"time":1791612515076,"caller":"/home/lakshy-sharma/Citadel/Workshop/vajra/workspace/src/internal/watcher/eventsink.go:127","message":"event sink: high-value network connection"}
{"level":"warn","pid":528,"process":"systemd-resolve","dst":"192.168.0.1","dst_port":53,"time":1791612515076,"caller":"/home/lakshy-sharma/Citadel/Workshop/vajra/workspace/src/internal/watcher/eventsink.go:127","message":"event sink: high-value network connection"}
{"level":"warn","pid":11309,"process":"Socket Thread","dst":"140.82.112.25","dst_port":443,"time":1791612515082,"caller":"/home/lakshy-sharma/Citadel/Workshop/vajra/workspace/src/internal/watcher/eventsink.go:127","message":"event sink: high-value network connection"}
{"level":"warn","pid":12254,"process":"Isolated Web Co","addr":4862723137536,"prot":7,"time":1791612515326,"caller":"/home/lakshy-sharma/Citadel/Workshop/vajra/workspace/src/internal/watcher/eventsink.go:198","message":"event sink: W^X memory mapping"}
{"level":"warn","pid":11309,"process":"Socket Thread","dst":"140.82.112.25","dst_port":443,"time":1791612515334,"caller":"/home/lakshy-sharma/Citadel/Workshop/vajra/workspace/src/internal/watcher/eventsink.go:127","message":"event sink: high-value network connection"}
{"level":"warn","pid":12254,"process":"DOM Worker","addr":4862716518400,"prot":7,"time":1791612516311,"caller":"/home/lakshy-sharma/Citadel/Workshop/vajra/workspace/src/internal/watcher/eventsink.go:198","message":"event sink: W^X memory mapping"}
{"level":"warn","pid":12254,"process":"Isolated Web Co","addr":4862716583936,"prot":7,"time":1791612516312,"caller":"/home/lakshy-sharma/Citadel/Workshop/vajra/workspace/src/internal/watcher/eventsink.go:198","message":"event sink: W^X memory mapping"}
{"level":"warn","pid":12254,"process":"DOM Worker","addr":4862716715008,"prot":7,"time":1791612516313,"caller":"/home/lakshy-sharma/Citadel/Workshop/vajra/workspace/src/internal/watcher/eventsink.go:198","message":"event sink: W^X memory mapping"}
{"level":"warn","pid":12254,"process":"DOM Worker","addr":4862716780544,"prot":7,"time":1791612516314,"caller":"/home/lakshy-sharma/Citadel/Workshop/vajra/workspace/src/internal/watcher/eventsink.go:198","message":"event sink: W^X memory mapping"}
{"level":"warn","pid":12254,"process":"Isolated Web Co","addr":4862716846080,"prot":7,"time":1791612516315,"caller":"/home/lakshy-sharma/Citadel/Workshop/vajra/workspace/src/internal/watcher/eventsink.go:198","message":"event sink: W^X memory mapping"}
{"level":"warn","pid":12254,"process":"Isolated Web Co","addr":4862716911616,"prot":7,"time":1791612516316,"caller":"/home/lakshy-sharma/Citadel/Workshop/vajra/workspace/src/internal/watcher/eventsink.go:198","message":"event sink: W^X memory mapping"}
{"level":"warn","pid":12254,"process":"Isolated Web Co","addr":4862717042688,"prot":7,"time":1791612516317,"caller":"/home/lakshy-sharma/Citadel/Workshop/vajra/workspace/src/internal/watcher/eventsink.go:198","message":"event sink: W^X memory mapping"}
{"level":"warn","pid":12254,"process":"Isolated Web Co","addr":4862717173760,"prot":7,"time":1791612517023,"caller":"/home/lakshy-sharma/Citadel/Workshop/vajra/workspace/src/internal/watcher/eventsink.go:198","message":"event sink: W^X memory mapping"}
{"level":"warn","pid":12254,"process":"Isolated Web Co","addr":4862717304832,"prot":7,"time":1791612517319,"caller":"/home/lakshy-sharma/Citadel/Workshop/vajra/workspace/src/internal/watcher/eventsink.go:198","message":"event sink: W^X memory mapping"}
{"level":"warn","pid":12254,"process":"Isolated Web Co","addr":4862716649472,"prot":7,"time":1791612520420,"caller":"/home/lakshy-sharma/Citadel/Workshop/vajra/workspace/src/internal/watcher/eventsink.go:198","message":"event sink: W^X memory mapping"}
{"level":"warn","pid":12254,"process":"Isolated Web Co","addr":4862716715008,"prot":7,"time":1791612520420,"caller":"/home/lakshy-sharma/Citadel/Workshop/vajra/workspace/src/internal/watcher/eventsink.go:198","message":"event sink: W^X memory mapping"}
{"level":"warn","pid":12254,"process":"Isolated Web Co","addr":4862716977152,"prot":7,"time":1791612520420,"caller":"/home/lakshy-sharma/Citadel/Workshop/vajra/workspace/src/internal/watcher/eventsink.go:198","message":"event sink: W^X memory mapping"}
{"level":"warn","pid":12254,"process":"Isolated Web Co","addr":4862717108224,"prot":7,"time":1791612520421,"caller":"/home/lakshy-sharma/Citadel/Workshop/vajra/workspace/src/internal/watcher/eventsink.go:198","message":"event sink: W^X memory mapping"}
{"level":"warn","pid":12254,"process":"Isolated Web Co","addr":4862717239296,"prot":7,"time":1791612520421,"caller":"/home/lakshy-sharma/Citadel/Workshop/vajra/workspace/src/internal/watcher/eventsink.go:198","message":"event sink: W^X memory mapping"}
{"level":"warn","pid":12254,"process":"Isolated Web Co","addr":4862717370368,"prot":7,"time":1791612520421,"caller":"/home/lakshy-sharma/Citadel/Workshop/vajra/workspace/src/internal/watcher/eventsink.go:198","message":"event sink: W^X memory mapping"}
{"level":"warn","pid":12254,"process":"Isolated Web Co","addr":4862717501440,"prot":7,"time":1791612520421,"caller":"/home/lakshy-sharma/Citadel/Workshop/vajra/workspace/src/internal/watcher/eventsink.go:198","message":"event sink: W^X memory mapping"}
{"level":"info","time":1791612522029,"caller":"/home/lakshy-sharma/Citadel/Workshop/vajra/workspace/src/internal/service.go:48","message":"shutting down..."}
{"level":"info","time":1791612522030,"caller":"/home/lakshy-sharma/Citadel/Workshop/vajra/workspace/src/internal/detect/secrets.go:129","message":"secrets scanner stopped"}
{"level":"info","time":1791612522030,"caller":"/home/lakshy-sharma/Citadel/Workshop/vajra/workspace/src/internal/watcher/dupwatcher.go:73","message":"dup watcher stopped"}
{"level":"info","time":1791612522030,"caller":"/home/lakshy-sharma/Citadel/Workshop/vajra/workspace/src/internal/job/cleanup.go:51","message":"db cleanup stopped"}
{"level":"info","time":1791612522030,"caller":"/home/lakshy-sharma/Citadel/Workshop/vajra/workspace/src/internal/detect/autorun/autorun.go:75","message":"autorun scanner stopped"}
{"level":"info","time":1791612522030,"caller":"/home/lakshy-sharma/Citadel/Workshop/vajra/workspace/src/internal/watcher/filescanner.go:60","message":"file scanner stopped"}
{"level":"info","time":1791612522030,"caller":"/home/lakshy-sharma/Citadel/Workshop/vajra/workspace/src/internal/job/rulesync.go:64","message":"rule syncer stopped"}
{"level":"info","time":1791612522030,"caller":"/home/lakshy-sharma/Citadel/Workshop/vajra/workspace/src/internal/watcher/processscanner.go:71","message":"process scanner stopped"}
{"level":"info","time":1791612522030,"caller":"/home/lakshy-sharma/Citadel/Workshop/vajra/workspace/src/internal/job/hashsync.go:73","message":"hash syncer stopped"}
{"level":"info","time":1791612522030,"caller":"/home/lakshy-sharma/Citadel/Workshop/vajra/workspace/src/internal/service.go:59","message":"clean shutdown complete"}
